time_ns,free-rgdarr04-thirds-500ns,free-rgdarr22-c-heavy-500ns,free-rgdarr10-clust-q1-500ns,free-rgdarr03-even-inset-500ns
0.0000,2.5203,2.6052,2.6336,2.5808
0.0700,3.0814,3.0704,2.9823,2.9341
0.1400,4.0742,3.7027,3.6436,4.0467
0.2100,5.1707,3.6004,4.8222,4.5106
0.2800,5.1440,3.2950,5.6362,4.3970
0.3500,4.5650,3.2134,6.1779,4.9875
0.4200,3.9215,4.1582,5.7849,5.8789
0.4900,3.5108,4.4622,5.6733,6.4177
0.5600,3.6211,5.0115,5.3928,6.4935
0.6300,4.5789,5.3077,4.8367,5.8394
0.7000,4.8788,5.3896,4.4755,5.9476
0.7700,5.2061,4.4086,4.6946,5.6420
0.8400,5.4547,4.2065,5.9297,5.5679
0.9100,4.8471,4.4002,6.1415,5.4493
0.9800,4.3763,4.5993,5.9233,5.4135
1.0500,3.9534,4.7163,5.6551,5.3042
1.1200,4.4147,4.6780,5.6644,4.7196
1.1900,5.3676,4.6951,5.1690,5.1868
1.2600,5.1874,4.6573,4.6793,4.9136
1.3300,4.9250,4.2285,4.7596,4.7384
1.4000,5.9076,4.5392,5.1302,4.6191
1.4700,5.8530,5.2099,5.1803,3.9059
1.5400,5.7278,5.6302,5.6811,4.0426
1.6100,5.4919,5.4115,6.0277,4.0905
1.6800,5.2983,5.2774,6.5116,4.0757
1.7500,5.5617,5.4381,5.9367,4.5004
1.8200,5.1868,6.1358,6.4340,4.5330
1.8900,5.0394,6.5561,7.3173,3.8395
1.9600,5.3854,6.8081,7.2552,3.8651
2.0300,6.1041,6.8214,6.8548,3.6138
2.1000,6.7418,5.8508,7.0617,3.6235
2.1700,7.3285,5.9237,7.5483,3.6685
2.2400,6.9617,5.9640,7.7337,3.8430
2.3100,7.1967,6.0631,6.7760,3.5385
2.3800,7.9013,6.7901,5.5401,3.9164
2.4500,8.1553,7.0678,5.2516,4.1741
2.5200,7.4594,6.8190,5.3498,4.0521
2.5900,7.2059,5.8920,5.1388,3.7009
2.6600,6.3879,5.6931,4.4144,3.4211
2.7300,6.1528,5.4779,4.3789,3.3632
2.8000,5.9056,5.2785,5.1236,3.8963
2.8700,5.8823,5.5777,5.7001,3.9266
2.9400,5.2137,5.2346,5.5079,4.6906
3.0100,5.2096,4.4885,5.0915,4.4081
3.0800,5.7791,4.5164,5.3793,4.2244
3.1500,6.3031,4.5416,5.1235,4.4502
3.2200,6.7611,4.7728,5.0216,4.8139
3.2900,6.5255,4.2764,5.1857,5.0936
3.3600,6.3308,4.4575,5.9011,5.5710
3.4300,5.3084,4.5001,4.9195,5.4786
3.5000,4.8946,4.8367,3.7413,4.7721
3.5700,4.9775,4.9491,4.2962,4.7403
3.6400,5.0329,4.5925,4.0132,4.7336
3.7100,4.4296,4.4364,4.0776,5.4189
3.7800,4.3181,3.6151,4.5205,6.0223
3.8500,4.5230,3.9224,5.3065,6.2593
3.9200,4.4074,4.5875,5.8422,5.9067
3.9900,4.9804,5.6332,6.5861,5.8441
4.0600,5.3257,6.5444,7.0076,6.1005
4.1300,5.1304,6.7034,7.5329,5.5675
4.2000,5.6357,7.0930,7.4318,5.2508
4.2700,6.4805,7.1477,7.8948,5.0594
4.3400,7.1192,6.8120,7.4341,4.9494
4.4100,7.2784,6.7414,7.3789,4.7491
4.4800,7.2291,6.0482,7.5295,4.9200
4.5500,6.7784,6.0295,7.2311,4.8777
4.6200,6.1309,5.9363,6.0298,4.0401
4.6900,4.9350,6.4011,5.9574,3.7879
4.7600,3.8487,6.5679,6.5367,3.8001
4.8300,3.2542,6.1085,6.7833,4.4068
4.9000,3.5630,5.6962,6.8756,4.9819
4.9700,4.1816,6.0898,6.0308,5.3308
5.0400,4.6597,5.6821,5.7901,5.0267
5.1100,4.9139,5.0285,5.1104,5.1182
5.1800,5.2939,4.4457,5.6917,4.4367
5.2500,4.9486,4.0957,5.9074,4.4487
5.3200,4.1952,4.2016,5.7284,4.9242
5.3900,3.9981,4.3970,6.2801,5.2649
5.4600,4.1522,4.5889,6.4864,4.9525
5.5300,4.5937,4.9128,6.4905,5.3647
5.6000,5.5535,4.9201,6.1726,5.8279
5.6700,6.0670,4.8352,5.5759,6.3912
5.7400,5.7136,5.3772,5.4776,6.5907
5.8100,5.5293,5.7308,5.4301,5.9615
5.8800,4.9996,5.7454,5.8815,5.7467
5.9500,4.3085,6.1227,5.8755,4.6761
6.0200,4.3485,6.4633,5.4614,5.1502
6.0900,3.8008,5.7230,5.5361,5.4251
6.1600,4.3539,4.8899,5.6733,5.8237
6.2300,4.3111,5.0987,5.3951,5.8738
6.3000,4.2558,6.2364,4.2154,4.9614
6.3700,4.1664,7.5762,4.3251,4.6998
6.4400,4.0874,8.6493,4.8546,5.0310
6.5100,5.1307,8.7727,5.2401,4.9713
6.5800,5.5541,8.5445,5.5670,4.6738
6.6500,5.7696,7.4874,5.2636,5.0933
6.7200,6.2042,6.8394,5.1102,5.6575
6.7900,5.8352,6.1202,4.8544,5.4749
6.8600,5.9616,5.8698,5.1380,4.6967
6.9300,6.2700,5.6747,5.0961,4.7338
7.0000,6.4671,5.2251,5.0992,4.5785
7.0700,6.9400,5.7744,4.6125,4.5041
7.1400,7.0022,6.1923,4.3587,4.8912
7.2100,6.4847,5.9678,4.2054,4.9716
7.2800,6.3361,5.8140,4.4157,5.1485
7.3500,6.1670,5.1473,4.9673,6.4156
7.4200,5.8156,4.2633,4.7905,6.5277
7.4900,5.8428,4.4211,4.6120,5.9397
7.5600,5.8780,4.5401,4.4720,5.2830
7.6300,5.7947,4.2089,4.5745,4.7719
7.7000,5.8918,4.5780,3.9414,3.9156
7.7700,5.2397,4.3032,4.2194,4.1359
7.8400,5.1623,4.5682,4.9870,4.5304
7.9100,4.9904,4.7755,5.9770,4.3720
7.9800,4.6105,5.0487,5.6435,3.9972
8.0500,4.5448,4.9070,5.2419,3.7242
8.1200,5.2002,4.2202,5.4559,3.6797
8.1900,5.9542,3.9842,5.4769,4.0860
8.2600,6.2520,3.6718,5.5576,3.6367
8.3300,6.1845,3.4987,5.5497,4.0666
8.4000,5.7957,3.4229,5.0840,4.9266
8.4700,5.6520,3.0954,4.8927,5.4749
8.5400,5.7095,3.4711,5.2064,5.6356
8.6100,5.6903,3.7186,4.9960,5.5497
8.6800,5.1659,3.5739,4.5555,5.5967
8.7500,5.7385,3.8382,3.9889,5.5387
8.8200,6.0237,4.0538,3.9677,5.5435
8.8900,6.3105,4.6561,3.7577,5.8580
8.9600,6.9189,5.2445,3.8743,6.2732
9.0300,7.0298,5.3889,4.6632,6.1718
9.1000,7.0445,4.8389,3.9971,6.2078
9.1700,5.9712,5.1267,3.4414,6.7088
9.2400,5.5843,5.3131,3.6946,6.8047
9.3100,4.8036,5.3746,3.7086,7.3788
9.3800,4.8978,5.7664,3.8428,7.8457
9.4500,4.6753,5.9247,4.2885,8.5142
9.5200,5.0742,5.8918,4.3548,8.7903
9.5900,5.1955,6.2016,4.4067,7.8744
9.6600,5.6783,6.1446,5.0482,6.6993
9.7300,5.9667,5.6444,6.2928,6.9941
9.8000,6.0686,5.7998,6.6988,6.4735
9.8700,5.9585,5.6666,6.5959,6.3542
9.9400,5.6745,5.1790,6.1013,5.8679
10.0100,4.8489,5.2120,5.9935,5.6821
10.0800,5.2630,5.3894,5.7774,5.3470
10.1500,5.8660,5.3522,5.1819,5.5158
10.2200,5.6357,5.5276,4.8024,5.4551
10.2900,5.5324,5.5490,4.1333,5.9344
10.3600,6.1047,5.2091,4.0369,5.9668
10.4300,6.4418,4.8379,4.5486,4.7354
10.5000,5.9716,5.1748,4.8507,4.0798
10.5700,5.6663,5.4176,5.4113,3.8986
10.6400,5.4022,5.7919,5.7803,3.8483
10.7100,4.5654,5.8732,6.3151,3.9287
10.7800,3.9329,5.6149,6.3789,4.7625
10.8500,3.7988,6.0021,6.2665,4.6887
10.9200,3.8880,6.2564,5.9751,5.2683
10.9900,3.9431,6.0901,5.9754,5.9430
11.0600,3.8939,5.0397,4.7417,6.1674
11.1300,4.4516,3.8581,4.3326,6.3339
11.2000,4.9929,3.9161,4.2185,6.5699
11.2700,5.5780,4.1574,4.0128,6.9211
11.3400,5.5054,4.6662,4.5532,7.0861
11.4100,5.8462,4.8613,4.5327,6.9259
11.4800,6.0142,4.9057,3.9044,6.9512
11.5500,5.4175,3.9562,3.3413,7.8160
11.6200,5.0735,3.9716,3.6441,7.8553
11.6900,4.8746,3.8339,3.8082,7.4481
11.7600,4.7977,3.5957,3.6106,6.4211
11.8300,4.4154,3.7737,4.2316,5.0913
11.9000,4.5580,3.9265,5.3691,4.8416
11.9700,4.7209,3.8278,5.4887,4.9734
12.0400,4.7316,4.2012,5.4475,4.8738
12.1100,5.0384,4.8360,6.2401,4.6441
12.1800,5.6333,5.1925,6.3933,4.3405
12.2500,5.6555,6.0658,6.3773,4.7857
12.3200,4.9432,5.7830,6.6695,5.2146
12.3900,4.5823,5.2937,6.6641,4.4711
12.4600,4.0628,5.8338,6.6061,4.2957
12.5300,3.8919,5.9971,5.7788,5.0726
12.6000,3.8180,6.6419,5.3835,5.4099
12.6700,4.2562,7.0312,5.6060,5.5214
12.7400,5.5019,7.0218,5.1705,5.1561
12.8100,6.0962,7.3714,5.4048,4.5712
12.8800,5.6628,7.8850,6.0367,5.0524
12.9500,4.9552,8.2268,6.2263,4.6636
13.0200,4.4229,8.3306,6.6430,5.4918
13.0900,4.9860,7.4229,6.4677,6.5633
13.1600,4.2393,7.1607,6.5854,7.3677
13.2300,4.7794,7.8927,6.9298,7.6642
13.3000,5.5751,7.7488,6.9482,7.1948
13.3700,6.6794,7.1625,6.7902,6.4548
13.4400,6.9769,6.8247,7.0551,6.2516
13.5100,6.6223,6.4796,6.4944,5.8700
13.5800,6.4190,6.2205,6.2603,5.0083
13.6500,6.1468,4.9088,5.9595,4.9136
13.7200,5.7014,4.2538,5.3181,5.4976
13.7900,5.6131,3.5706,4.9931,6.0297
13.8600,5.6352,4.0584,4.3788,6.2838
13.9300,6.1876,5.1830,4.0314,6.0578
14.0000,6.2401,5.3728,3.8599,5.9047
14.0700,5.7313,6.3635,3.6265,4.8961
14.1400,5.1106,6.6625,3.5782,4.7671
14.2100,5.6095,6.6747,4.5278,4.9190
14.2800,5.3974,6.3426,4.9944,4.9707
14.3500,5.5604,6.3379,5.2788,5.1780
14.4200,5.3307,6.5991,4.9212,4.4267
14.4900,4.8993,6.9106,4.2068,3.9375
14.5600,5.0187,6.3943,3.7247,3.7708
14.6300,5.3736,5.5937,3.9448,3.8452
14.7000,4.9590,5.1897,3.4793,4.2890
14.7700,4.2846,4.4551,3.8671,4.8009
14.8400,4.4846,4.5038,4.0406,4.9163
14.9100,4.3996,3.9609,3.3371,4.2665
14.9800,4.8080,4.0282,3.1776,3.7898
15.0500,5.2555,5.3468,3.5984,4.0823
15.1200,6.1775,5.8761,4.0831,5.5279
15.1900,7.3405,5.3945,4.7607,6.2234
15.2600,8.2270,4.5929,4.7196,6.4990
15.3300,9.0955,4.4139,4.5585,7.1890
15.4000,9.8786,4.4319,4.7537,7.4530
15.4700,10.3265,4.3953,4.8942,7.3429
15.5400,9.8536,3.7705,4.5345,7.0763
15.6100,9.5256,3.7600,4.3593,6.9836
15.6800,8.8085,4.3118,4.2205,7.0009
15.7500,8.7551,4.8812,4.7279,6.6845
15.8200,8.9533,4.8525,4.6338,7.2096
15.8900,8.8504,5.1169,4.3577,6.9465
15.9600,8.7499,5.4696,4.1603,6.3298
16.0300,7.7110,5.5974,3.7463,6.5801
16.1000,7.1178,6.5535,4.5555,6.6123
16.1700,7.0304,7.0476,4.3714,6.2953
16.2400,7.1229,7.7087,5.0457,6.1100
16.3100,7.3369,8.2494,5.1453,5.7495
16.3800,6.8957,9.1295,5.1365,6.0176
16.4500,5.9905,9.4635,5.3028,5.8293
16.5200,6.2335,9.6097,5.7274,5.5896
16.5900,6.1021,9.9283,5.6414,4.8819
16.6600,5.5294,9.4116,5.2292,4.8002
16.7300,5.1405,9.4589,4.5487,5.0048
16.8000,4.8011,9.4826,4.3985,4.4221
16.8700,5.5837,8.8405,4.0133,4.9084
16.9400,6.9027,7.9670,3.8046,5.0632
17.0100,7.8759,7.4577,3.9967,4.9530
17.0800,7.8142,7.5763,3.7856,5.4134
17.1500,7.3841,7.4728,2.9130,5.2261
17.2200,7.5161,7.0443,3.1589,4.8881
17.2900,6.5388,6.6750,3.5512,4.0583
17.3600,6.0051,7.1463,3.8433,4.2279
17.4300,5.2619,7.2515,4.7140,4.7692
17.5000,5.3872,7.3378,5.3843,4.6369
17.5700,5.3960,6.8351,5.8240,4.2426
17.6400,5.5356,6.1697,5.3500,3.6562
17.7100,5.5241,5.8738,5.3351,3.4412
17.7800,4.3009,5.5649,5.4327,3.5573
17.8500,4.1884,4.8101,4.4399,3.5918
17.9200,4.8216,4.7068,4.4522,3.8599
17.9900,5.1244,4.8301,5.2254,5.1090
18.0600,5.2282,4.6851,5.6747,5.9578
18.1300,4.7555,4.5501,5.1760,6.8376
18.2000,5.3164,4.0763,4.6994,7.6450
18.2700,6.1415,4.7788,5.2062,7.4959
18.3400,6.8556,5.0759,5.0796,7.5954
18.4100,7.1096,5.1191,4.1610,7.9664
18.4800,6.9253,4.4595,4.1295,7.7572
18.5500,6.9156,4.6491,4.2269,6.9652
18.6200,7.2734,4.5304,4.1019,6.3311
18.6900,6.6501,3.9651,4.7633,5.8226
18.7600,5.9825,3.8585,5.0056,6.1366
18.8300,5.9553,3.5466,4.3623,6.5751
18.9000,6.1745,3.6179,4.3819,7.2369
18.9700,6.7131,3.4688,4.9173,7.6418
19.0400,7.6794,4.0264,5.3287,8.0900
19.1100,8.4532,4.1999,5.5912,7.8995
19.1800,8.7116,3.6599,5.5871,6.9894
19.2500,8.0375,3.8898,4.7841,6.0172
19.3200,7.5925,3.6052,4.2031,5.1532
19.3900,7.8006,4.0209,5.0907,4.5823
19.4600,8.3701,4.8885,6.0359,4.6047
19.5300,8.4126,5.1143,6.0770,5.2341
19.6000,7.9674,5.0613,5.7502,5.5956
19.6700,7.9063,5.1267,5.3666,5.5985
19.7400,7.1568,5.0100,4.9160,4.7382
19.8100,7.1835,4.3914,4.5583,4.5226
19.8800,7.7268,4.0322,4.2640,4.6363
19.9500,7.7794,4.8874,4.5957,5.6070
20.0200,7.4216,4.5371,5.3329,6.6313
20.0900,7.6902,4.1135,4.9852,6.7444
20.1600,6.9796,4.0763,5.1562,6.3837
20.2300,6.8681,4.1733,6.6567,5.9099
20.3000,6.6084,5.1517,7.7411,5.0949
20.3700,6.3718,5.4167,8.0411,4.0239
20.4400,5.1831,6.4501,8.0504,3.4622
20.5100,5.2842,6.3808,8.4191,3.5310
20.5800,5.4057,6.6749,8.5531,3.5700
20.6500,5.5102,7.3603,8.4459,4.5160
20.7200,5.8994,7.6736,8.1793,4.9327
20.7900,5.9772,7.7706,7.6401,5.6290
20.8600,5.8250,7.4522,7.4468,5.8252
20.9300,6.2023,7.4605,6.9731,6.2289
21.0000,5.9644,7.3135,5.9470,5.8987
21.0700,5.5758,6.4241,5.8286,6.0300
21.1400,5.1361,5.8312,5.0896,6.2477
21.2100,5.2430,5.3884,4.8086,6.7231
21.2800,5.7934,5.3191,4.6904,6.6104
21.3500,6.0485,6.1257,4.9915,6.2290
21.4200,6.8490,6.7587,4.8371,6.3772
21.4900,7.3333,6.5795,5.0505,6.0740
21.5600,7.6382,6.8744,4.8692,6.0949
21.6300,7.2089,6.7072,4.6915,6.1475
21.7000,6.7056,6.0860,5.6645,6.2402
21.7700,5.9427,5.3076,6.9263,6.9435
21.8400,5.0402,4.8143,7.4490,7.3890
21.9100,4.3599,5.2338,7.7405,6.6199
21.9800,4.0608,5.3748,7.7423,6.4531
22.0500,3.8349,5.2697,7.2503,6.7591
22.1200,4.1974,5.1486,7.2663,7.0776
22.1900,5.0482,4.9704,7.5491,8.0147
22.2600,6.1238,4.7404,7.6068,7.8113
22.3300,6.9473,4.7112,7.6425,6.2309
22.4000,7.2662,4.5736,7.5288,4.5362
22.4700,6.5834,5.1894,7.9061,4.0719
22.5400,4.9449,5.1714,7.9273,3.8057
22.6100,3.7652,5.1261,8.0177,3.9879
22.6800,3.9124,4.8497,7.5809,4.3254
22.7500,3.8762,4.7270,7.5042,4.5041
22.8200,4.3180,4.7988,7.1499,5.3808
22.8900,3.9284,4.2295,6.2018,5.6790
22.9600,4.2666,3.8599,5.7764,5.5099
23.0300,5.0145,3.7918,5.7963,6.0245
23.1000,5.2311,4.2806,5.9190,6.0708
23.1700,5.2023,5.0856,5.9076,5.6637
23.2400,4.9850,5.0045,6.6029,6.2805
23.3100,4.3830,4.7046,5.7830,6.7207
23.3800,4.1581,3.8767,4.4453,6.5947
23.4500,3.8059,4.5055,4.0546,6.3018
23.5200,4.1720,5.1754,4.6085,5.5855
23.5900,4.9451,5.3767,5.7040,4.5819
23.6600,4.9506,5.2226,5.9419,4.4619
23.7300,4.2185,5.2049,6.0820,4.7973
23.8000,4.3527,4.5095,5.7760,5.3795
23.8700,4.6453,3.7747,5.1667,5.8126
23.9400,4.6513,4.1103,5.0232,5.2621
24.0100,4.7836,3.5924,5.2292,4.8186
24.0800,4.3692,3.3066,4.9483,4.5595
24.1500,3.6131,3.8525,4.9130,4.3988
24.2200,4.0272,4.6983,4.9380,4.0065
24.2900,4.4682,5.0109,5.0816,5.0713
24.3600,4.3018,5.0678,5.2947,5.6680
24.4300,4.9647,4.8658,4.8418,6.1967
24.5000,5.2514,4.7631,4.7189,6.9431
24.5700,5.1779,5.0613,5.0450,7.3777
24.6400,5.3693,5.0746,5.3939,7.6739
24.7100,6.1469,5.9199,5.3810,7.6828
24.7800,6.4035,6.9219,4.5962,7.6901
24.8500,6.2945,7.8127,4.2911,6.9978
24.9200,6.3095,8.0946,4.2409,6.7714
24.9900,5.9995,7.8281,4.4056,5.7334
25.0600,5.7534,7.1684,4.9477,5.3417
25.1300,6.3201,6.2079,5.7710,5.0822
25.2000,6.7808,5.6491,6.1871,5.5217
25.2700,6.9189,4.9622,6.0058,5.2705
25.3400,7.3393,5.4763,5.7584,4.8042
25.4100,7.1048,6.0875,5.3036,4.1832
25.4800,5.6586,5.9775,5.1707,3.8463
25.5500,4.6177,4.8940,4.8349,4.4410
25.6200,4.5305,4.5194,5.1584,3.9344
25.6900,4.2021,3.4959,5.0479,4.2090
25.7600,4.2462,3.7556,4.7990,4.0978
25.8300,5.0891,4.0716,5.5142,4.1719
25.9000,4.7607,3.9717,5.7276,3.8588
25.9700,4.1833,3.6631,5.2486,4.8643
26.0400,3.3623,5.1182,5.5007,4.3674
26.1100,3.9534,5.2217,5.9341,3.6461
26.1800,3.7832,5.2919,6.2974,4.2465
26.2500,4.6303,5.0302,6.0569,4.4288
26.3200,5.9533,4.3251,5.9817,4.5152
26.3900,6.6295,3.3492,5.5109,4.4141
26.4600,5.9425,3.3668,5.5993,4.1843
26.5300,4.9090,3.4749,5.9699,3.5661
26.6000,4.7946,4.5446,5.9800,3.5685
26.6700,4.9789,4.8592,5.7034,3.6252
26.7400,4.4420,4.7488,5.1427,4.4178
26.8100,4.5429,4.9734,4.4898,5.3628
26.8800,5.0310,5.0199,4.1863,5.4601
26.9500,5.4452,5.1062,4.2071,5.1479
27.0200,5.1293,5.1462,4.5996,5.4407
27.0900,5.8398,5.0438,4.2294,5.6534
27.1600,6.4792,4.6009,3.8274,5.8147
27.2300,7.4630,3.9885,3.6956,5.5492
27.3000,8.5357,4.2712,4.4503,5.5018
27.3700,7.5739,4.0895,4.8695,5.4414
27.4400,6.8392,4.3169,5.4718,5.5112
27.5100,6.5737,4.5144,6.3463,5.3361
27.5800,5.8413,5.3817,6.6729,5.3025
27.6500,5.6666,6.4168,6.5571,5.7906
27.7200,6.0524,6.3809,6.9720,6.1792
27.7900,5.8292,6.7103,7.3676,6.5860
27.8600,5.0770,6.7130,7.6725,6.0393
27.9300,4.8826,6.9960,8.1747,5.9863
28.0000,5.7828,6.9013,7.9675,5.9132
28.0700,6.3387,7.0022,6.5968,5.6724
28.1400,6.1516,6.8405,5.8205,6.1699
28.2100,5.9175,6.5387,6.4887,6.1636
28.2800,6.0548,7.0601,6.4050,6.4220
28.3500,6.1696,7.3910,6.3615,6.3413
28.4200,5.9673,6.6079,6.1839,6.3723
28.4900,5.2896,5.9990,6.3372,5.9739
28.5600,4.2886,5.4980,6.4589,6.2688
28.6300,4.0336,4.9569,5.4195,6.4023
28.7000,3.8102,4.5569,4.4204,5.9790
28.7700,3.6473,4.8070,4.3304,5.5555
28.8400,3.9927,5.3935,4.1063,5.2285
28.9100,4.2772,6.1709,3.4126,5.3114
28.9800,4.6716,6.0683,4.2580,5.2939
29.0500,4.8761,5.5035,4.8087,5.5559
29.1200,4.3491,5.5155,4.4805,5.3590
29.1900,4.8608,5.0928,4.7339,5.0667
29.2600,5.3491,4.8051,5.3645,5.6869
29.3300,5.7747,4.1178,5.1223,6.1448
29.4000,5.6630,3.7339,4.3596,5.8239
29.4700,5.4867,4.2601,3.7039,4.8977
29.5400,5.4483,4.1003,3.4808,4.5200
29.6100,5.3214,5.0152,4.1986,5.1961
29.6800,5.4729,5.1683,5.0194,5.3421
29.7500,5.4401,5.0170,4.9217,4.6323
29.8200,5.1794,5.3042,5.2536,4.8926
29.8900,5.3941,4.7052,5.7093,4.9847
29.9600,5.9485,4.0516,6.3014,5.1570
30.0300,6.4464,4.5192,7.0504,5.3838
30.1000,7.2148,4.5849,6.7492,5.6669
30.1700,6.7799,4.8929,5.8407,6.2367
30.2400,5.3708,4.7604,5.5645,6.3490
30.3100,4.7544,4.7239,5.8292,6.8246
30.3800,5.3229,5.8267,5.9386,7.3321
30.4500,5.5398,6.3131,5.9138,8.1130
30.5200,5.6416,6.6505,5.8758,8.9580
30.5900,6.1238,6.5652,5.4310,8.6190
30.6600,6.5017,6.5751,5.4973,8.1852
30.7300,6.6665,6.8196,5.3739,7.5856
30.8000,6.1348,6.9443,4.5356,7.3679
30.8700,5.0812,7.2037,5.1888,7.0358
30.9400,4.0973,7.3194,5.4074,6.7763
31.0100,4.4334,7.1127,5.2343,6.0800
31.0800,5.0558,7.0094,5.1341,6.3171
31.1500,4.1568,6.4555,5.2577,6.8045
31.2200,4.5026,5.6053,5.4930,6.6685
31.2900,4.9885,5.8192,5.9477,6.5073
31.3600,5.5717,5.4546,5.9996,6.2682
31.4300,6.3104,5.1881,6.0536,5.8260
31.5000,7.2345,4.9388,4.7387,6.4628
31.5700,8.2027,5.1910,4.6539,6.9526
31.6400,7.9212,5.0042,4.4599,6.7446
31.7100,7.2835,4.7854,4.6386,6.6275
31.7800,7.1376,4.9356,4.2689,6.9695
31.8500,7.1889,4.8486,3.9606,6.7113
31.9200,6.8178,5.1443,3.6147,6.3915
31.9900,5.9834,4.9806,3.4898,5.7853
32.0600,4.8757,4.4552,4.0342,6.4539
32.1300,3.3153,4.2168,5.0288,7.8639
32.2000,3.9454,4.2950,6.2429,8.2532
32.2700,4.5578,3.6439,7.1137,8.3067
32.3400,4.1723,3.6525,7.2389,9.0945
32.4100,3.9277,3.2288,6.5242,9.2048
32.4800,4.9759,3.4894,5.7359,9.6429
32.5500,5.0546,4.2483,5.4845,9.5469
32.6200,4.5991,5.2801,5.0140,9.0293
32.6900,4.8251,5.8671,5.5238,7.7839
32.7600,4.3978,6.2069,5.3801,6.4180
32.8300,3.9193,6.0474,4.4393,6.1138
32.9000,4.6327,5.7132,3.9651,5.5094
32.9700,5.3051,5.2149,3.9094,5.7443
33.0400,5.0540,4.8632,4.7539,6.1741
33.1100,4.0022,5.0122,5.4701,5.7219
33.1800,4.1956,5.8877,5.3149,5.4637
33.2500,4.3434,5.7397,4.6009,5.4951
33.3200,3.6253,5.2671,4.4356,5.3220
33.3900,3.5721,5.7382,5.0973,5.9925
33.4600,4.5206,6.0682,4.9736,6.5002
33.5300,4.2885,6.8207,4.5247,7.0410
33.6000,3.5998,7.1593,4.6803,6.6289
33.6700,3.3871,7.5150,4.3127,5.3789
33.7400,3.7471,6.9031,4.6039,5.4625
33.8100,4.0301,5.7725,4.3827,5.6110
33.8800,4.2401,5.1316,4.1263,5.7188
33.9500,5.0289,5.1759,3.9797,6.0111
34.0200,5.5181,5.2813,3.2170,6.5819
34.0900,6.1355,4.5853,3.0549,6.8541
34.1600,7.2036,4.6774,4.2504,6.5527
34.2300,7.7722,5.4711,4.7729,6.1806
34.3000,7.6427,6.2376,4.3732,5.3853
34.3700,7.2477,6.1284,3.7394,5.5487
34.4400,6.7197,5.4062,3.7543,5.5940
34.5100,6.4109,4.5681,4.5232,6.0719
34.5800,6.1580,4.6133,5.3150,6.9708
34.6500,6.0287,4.7694,5.4417,7.3930
34.7200,5.9624,5.4017,4.9865,6.7892
34.7900,5.4557,5.0138,4.7001,6.1997
34.8600,5.5031,5.3603,4.6584,5.4947
34.9300,5.2229,5.6471,4.3253,4.6642
35.0000,4.9260,5.9068,3.9476,4.4870
35.0700,5.5109,6.0487,4.5229,4.6391
35.1400,5.6691,5.6918,5.0856,4.2563
35.2100,5.9979,5.5765,5.8793,3.6425
35.2800,5.9334,5.7597,6.3953,3.5479
35.3500,5.6361,5.8829,6.3967,3.8723
35.4200,5.3649,5.9401,5.9990,3.9670
35.4900,4.9705,6.0774,5.9514,4.5094
35.5600,5.0065,6.1613,6.0321,4.9947
35.6300,5.2500,6.6190,5.9885,5.5707
35.7000,4.9536,7.3821,6.4079,5.4736
35.7700,4.3994,6.6893,6.6123,5.3565
35.8400,4.4485,6.2034,6.9957,5.5123
35.9100,4.7395,5.6489,6.8758,5.3510
35.9800,4.9130,5.4643,6.1397,5.2051
36.0500,4.4907,5.4837,5.8464,4.7142
36.1200,4.8088,5.5413,5.9190,4.5020
36.1900,3.9109,5.4401,6.2904,4.3257
36.2600,3.1058,5.5784,5.9614,4.2945
36.3300,3.7443,5.3558,5.2620,4.6729
36.4000,4.0822,5.5188,5.6352,4.7809
36.4700,4.2327,5.5053,6.6985,4.9269
36.5400,4.5754,6.0839,6.7451,4.9730
36.6100,4.9285,6.4466,6.7989,4.8144
36.6800,5.3335,6.8441,6.5664,4.4381
36.7500,5.9397,7.2282,7.0154,4.2520
36.8200,6.6083,6.6251,7.2158,4.4106
36.8900,6.3554,6.4327,6.8735,5.0609
36.9600,6.4932,5.3996,6.5078,4.9556
37.0300,5.6883,4.0538,6.0969,4.8507
37.1000,5.1745,3.6170,6.6034,4.4459
37.1700,4.7279,4.4152,6.3650,3.6779
37.2400,4.6491,5.1764,6.3372,2.9777
37.3100,5.5376,4.9264,6.2921,2.9584
37.3800,6.6698,4.9734,6.6548,3.5620
37.4500,7.5407,5.2333,7.1235,3.5520
37.5200,7.3531,6.1770,7.2407,4.3410
37.5900,6.9211,7.0314,6.8543,4.7801
37.6600,6.7726,7.4336,6.9743,4.1146
37.7300,6.7386,7.9558,7.8315,3.9974
37.8000,6.9316,7.4848,8.0895,4.4708
37.8700,7.4036,6.8687,8.2553,4.6275
37.9400,7.9909,6.2805,7.4163,4.2363
38.0100,8.9471,6.1318,6.3851,4.8028
38.0800,8.5297,6.0981,5.4273,5.2300
38.1500,7.7003,6.3503,5.1341,5.1628
38.2200,7.4316,6.1351,4.8358,5.1278
38.2900,7.3584,6.4855,4.2931,4.8110
38.3600,7.4098,6.5532,4.6433,4.9702
38.4300,6.9897,6.0160,5.2201,4.3739
38.5000,6.3682,5.6175,4.7740,3.8686
38.5700,5.6090,5.2942,5.6393,4.0459
38.6400,5.5441,5.2364,6.3420,4.4853
38.7100,5.9222,4.5687,5.4821,4.3123
38.7800,5.5809,4.1517,4.7363,4.8659
38.8500,4.4300,3.8249,4.3237,5.3714
38.9200,4.9594,4.2258,4.1767,5.4594
38.9900,5.1259,4.8280,3.8039,5.4017
39.0600,5.0883,5.5886,3.8821,5.0485
39.1300,4.8408,5.2943,3.7617,5.1255
39.2000,4.6542,4.0831,4.1671,4.8716
39.2700,5.3257,4.8600,4.9632,4.4272
39.3400,6.3071,4.9632,4.3768,3.7797
39.4100,7.2430,5.2704,4.7424,3.3569
39.4800,7.5711,6.0811,5.8343,4.0518
39.5500,7.0483,6.7714,5.8891,4.2675
39.6200,5.8165,6.4141,5.4645,4.9622
39.6900,5.0421,4.9031,4.2137,5.2171
39.7600,4.3962,4.3198,3.8015,4.8826
39.8300,4.5577,4.3959,4.5105,5.1163
39.9000,5.2562,5.2677,5.7899,5.5706
39.9700,6.2062,5.6112,5.3018,5.5567
40.0400,6.9021,6.4296,4.9532,5.5360
40.1100,7.4149,7.1178,5.5849,5.8328
40.1800,7.6834,7.3431,5.4898,5.8424
40.2500,7.5944,6.5603,5.3805,6.1090
40.3200,7.2563,6.7111,4.8045,6.6596
40.3900,7.1840,7.1610,3.7856,6.4329
40.4600,6.0737,7.3581,3.4276,5.7992
40.5300,5.2758,7.2794,4.1967,5.8565
40.6000,5.4428,6.0857,5.0229,6.5774
40.6700,5.7385,4.8693,5.2963,6.5348
40.7400,5.4505,4.5012,4.9272,6.2212
40.8100,5.3294,3.7287,4.4917,6.5704
40.8800,5.1510,3.8893,4.5588,6.7426
40.9500,5.8095,3.6265,4.9345,7.1083
41.0200,6.3756,3.5554,4.7648,7.7158
41.0900,6.0271,4.3566,4.7213,8.0648
41.1600,5.7863,4.8974,4.3750,7.2880
41.2300,5.1581,4.8550,4.6223,6.4822
41.3000,4.7908,4.4945,4.6857,5.9151
41.3700,5.0035,4.4756,4.5870,5.6874
41.4400,5.9274,4.4393,4.8664,6.0369
41.5100,5.8927,4.9097,5.1095,5.6815
41.5800,6.0420,5.2521,5.1736,6.0257
41.6500,6.5790,5.6014,5.4067,6.4011
41.7200,6.1191,4.9788,5.6742,6.5493
41.7900,5.4608,5.1664,5.7912,6.0759
41.8600,5.1297,5.2130,6.6013,6.1280
41.9300,5.3965,5.5600,6.9154,6.0984
42.0000,5.0862,6.0672,6.8757,6.2680
42.0700,4.9740,6.2866,7.0066,6.1792
42.1400,4.9733,6.2580,6.7087,5.5765
42.2100,5.1458,6.3050,5.7747,5.2943
42.2800,5.1000,6.7193,5.6554,5.3686
42.3500,5.0345,7.0163,5.2478,5.7453
42.4200,4.8926,7.2835,5.1346,6.4732
42.4900,4.5858,7.0165,5.6447,6.2750
42.5600,5.2076,6.5105,6.4336,5.9715
42.6300,4.8560,6.1510,7.0878,7.0059
42.7000,5.8613,6.1710,7.3560,7.6265
42.7700,6.1436,6.3326,7.0523,8.2982
42.8400,5.9687,6.7684,6.7219,8.6435
42.9100,5.9284,6.9206,6.3509,9.3899
42.9800,5.8830,7.5102,5.8906,9.5760
43.0500,6.3592,7.7402,5.9857,9.4997
43.1200,7.1136,6.7868,6.0914,8.9092
43.1900,6.7034,5.7417,6.5144,7.9179
43.2600,5.8849,4.9529,6.8893,7.1468
43.3300,5.9288,5.2338,6.9095,6.9676
43.4000,6.0715,4.9100,6.4267,6.6357
43.4700,6.2563,5.4141,6.1014,6.5200
43.5400,6.1330,5.4551,5.9942,6.8514
43.6100,5.7859,6.6674,5.8323,6.7415
43.6800,5.3120,6.6974,5.1822,7.0030
43.7500,4.8718,6.6120,4.6838,7.6964
43.8200,4.4117,6.9869,4.7816,8.0498
43.8900,4.9549,6.5676,5.3937,8.2584
43.9600,4.9527,5.5124,5.4534,8.2899
44.0300,5.1764,5.3513,5.1543,8.3683
44.1000,6.0343,5.1526,4.6553,7.4350
44.1700,7.9214,5.0415,4.4696,6.8937
44.2400,8.3564,4.9277,4.9700,7.0149
44.3100,8.5623,5.2035,5.8585,6.0082
44.3800,9.4311,5.3498,6.6988,4.6079
44.4500,10.1425,6.0066,6.4954,4.2228
44.5200,10.0086,6.0300,6.4661,3.5114
44.5900,9.6900,6.4296,6.2816,3.8289
44.6600,8.9110,6.2757,5.5124,3.8960
44.7300,8.5589,6.6726,5.4714,4.3018
44.8000,8.3123,6.5761,5.5221,4.9155
44.8700,7.7707,6.0943,5.5567,5.3605
44.9400,7.3321,5.5875,5.0167,6.1989
45.0100,6.0500,5.1285,4.1122,6.9737
45.0800,5.5723,4.0766,4.3097,7.1712
45.1500,5.4945,3.9096,4.8882,6.6186
45.2200,4.9592,4.5720,5.2267,5.5822
45.2900,4.4825,5.2073,5.3802,4.4968
45.3600,4.0239,5.2797,4.8737,4.6351
45.4300,3.9464,5.0655,3.8873,4.7471
45.5000,4.2507,5.0986,3.7325,5.2327
45.5700,4.6164,5.1323,4.2282,5.5164
45.6400,4.5098,6.2572,4.8218,5.2087
45.7100,3.8616,6.9625,5.2979,5.0703
45.7800,3.8869,7.9016,5.2271,5.1752
45.8500,4.4888,7.8806,4.4128,5.3829
45.9200,5.3821,6.8886,4.6687,5.8373
45.9900,5.5467,6.1423,4.7060,5.8349
46.0600,5.9872,5.9127,5.0504,5.5312
46.1300,5.9967,5.7154,5.8124,4.7452
46.2000,6.6967,4.5433,6.5513,4.9729
46.2700,6.2978,4.0300,7.2988,5.6234
46.3400,5.8416,4.3357,6.8459,5.8755
46.4100,4.5428,4.1538,6.8978,5.0400
46.4800,4.0234,4.0902,6.8935,3.7083
46.5500,3.7497,3.2309,6.8514,3.5270
46.6200,3.6445,3.6535,6.9609,4.0896
46.6900,3.9079,3.7269,7.2696,3.9932
46.7600,4.1428,4.3556,6.8808,3.8717
46.8300,4.8325,4.7827,6.6508,4.5258
46.9000,4.7769,4.8811,6.8148,4.8389
46.9700,4.2996,5.3198,7.3662,4.8092
47.0400,4.3327,5.9615,7.5787,4.2946
47.1100,4.4147,6.2791,7.5185,3.9166
47.1800,3.4547,6.9519,7.1027,4.3245
47.2500,3.5368,7.0696,6.2936,3.9776
47.3200,3.7866,7.6572,5.4537,3.8479
47.3900,4.9927,8.8392,4.6272,4.2166
47.4600,4.9384,9.1258,4.5718,4.0357
47.5300,3.9857,9.3799,4.4517,4.4710
47.6000,3.0515,8.8703,4.1090,5.0421
47.6700,3.9852,8.6596,4.0784,5.5201
47.7400,3.7588,8.9553,3.6602,5.4260
47.8100,3.6941,8.4156,3.5356,5.4189
47.8800,3.3919,8.2866,3.7365,5.0339
47.9500,3.9201,7.7956,3.3871,5.2391
48.0200,4.3307,7.1368,3.4673,6.0535
48.0900,4.4555,7.2034,3.9303,6.2923
48.1600,5.1620,6.5029,4.0206,5.4943
48.2300,6.1396,4.9406,4.0951,5.4328
48.3000,6.9678,4.9727,3.9551,5.1279
48.3700,6.3481,5.5883,3.7193,4.4985
48.4400,5.8346,5.4136,3.7948,4.5631
48.5100,5.1340,4.8060,4.4356,5.1283
48.5800,5.1566,4.1617,4.6942,5.1636
48.6500,4.3883,3.7511,4.9271,4.8698
48.7200,3.7209,3.8926,5.3652,4.9059
48.7900,3.3704,3.4853,5.4217,5.0927
48.8600,3.9847,4.2344,5.0178,5.3928
48.9300,4.0973,4.5584,4.7033,5.7948
49.0000,4.2366,4.8949,4.9787,6.9391
49.0700,4.8517,4.8706,5.6161,7.3621
49.1400,5.2457,5.2500,5.2695,6.8192
49.2100,4.6056,4.6810,5.0041,7.1036
49.2800,4.7347,3.9614,4.8272,7.6221
49.3500,5.1631,3.7783,4.3738,7.7353
49.4200,4.9751,4.0911,5.2058,7.0085
49.4900,4.0179,4.1163,5.0649,6.3916
49.5600,4.4052,4.5503,4.6932,6.2404
49.6300,4.1188,5.1047,4.9999,5.4758
49.7000,3.8996,5.0280,4.9745,5.3377
49.7700,3.3300,5.1197,4.3248,5.1646
49.8400,3.8673,5.1714,3.6500,4.3702
49.9100,4.3007,5.9811,3.5585,4.7240
49.9800,4.6597,6.0700,4.6611,5.2357
50.0500,5.0510,5.3076,4.8529,5.5261
50.1200,5.9639,4.7613,5.1623,5.5901
50.1900,5.8581,4.2117,5.0579,6.1901
50.2600,4.9831,4.4819,4.7599,6.8304
50.3300,4.6458,5.1736,4.1705,7.7189
50.4000,4.9660,5.0560,4.0309,8.2828
50.4700,5.0072,5.2116,4.4965,8.4558
50.5400,4.8544,5.2762,5.3664,7.7447
50.6100,4.3771,5.7261,5.6608,7.0468
50.6800,4.0065,5.9578,5.1141,6.4153
50.7500,4.0029,5.3558,4.0242,6.1224
50.8200,4.0815,4.5701,4.3325,6.0335
50.8900,4.0767,3.9963,5.0189,5.8559
50.9600,4.3018,3.6668,5.5053,5.4026
51.0300,5.0095,3.7151,5.3146,4.8981
51.1000,5.4369,3.2632,4.8146,4.1226
51.1700,6.2484,3.7065,4.5253,4.4484
51.2400,7.2911,3.6799,4.5867,5.1987
51.3100,7.5096,4.0254,4.4003,5.2430
51.3800,7.7091,3.2731,4.0218,5.0199
51.4500,7.5546,3.6930,4.5722,5.1710
51.5200,7.5659,3.9811,4.4256,5.2257
51.5900,7.4974,4.0003,4.3569,5.6371
51.6600,7.5758,3.9803,4.6425,5.4482
51.7300,7.6194,3.9682,3.7820,5.4478
51.8000,7.5675,4.4537,4.3635,5.2407
51.8700,6.7946,5.4660,4.4868,5.3605
51.9400,4.9683,6.4808,4.1680,5.5171
52.0100,4.6603,5.4390,3.4650,5.6980
52.0800,4.7422,4.8100,3.8473,4.9816
52.1500,4.9678,4.8820,3.9534,4.4185
52.2200,5.4180,4.5079,4.1607,5.0901
52.2900,5.8502,4.1557,4.4537,4.3309
52.3600,5.6205,4.5189,4.4670,4.2200
52.4300,5.6324,4.7713,4.2019,4.3209
52.5000,4.7325,5.2193,3.8072,3.3519
52.5700,4.9432,5.4290,4.5597,3.3137
52.6400,5.3319,5.5159,4.6313,3.5099
52.7100,4.8394,4.6745,4.5451,2.9016
52.7800,5.1793,4.0721,4.3475,3.3538
52.8500,5.4301,3.8716,4.4249,3.3698
52.9200,5.3068,4.2945,4.3718,3.4984
52.9900,4.7734,4.2593,4.5199,3.7717
53.0600,5.7237,4.2760,4.7099,4.1670
53.1300,5.8768,4.9479,5.4292,3.9513
53.2000,5.3811,5.2251,6.2078,3.9476
53.2700,5.8094,4.5285,6.2329,3.5159
53.3400,6.0040,5.3425,6.3618,3.9523
53.4100,6.4609,6.2967,6.4499,4.3141
53.4800,6.5455,5.0367,6.3889,4.7548
53.5500,6.4713,4.6219,6.8703,5.1851
53.6200,5.9815,4.3968,6.2077,5.3215
53.6900,5.4322,4.5262,5.6109,4.7446
53.7600,5.0428,4.3581,5.6202,4.5699
53.8300,4.5491,4.3393,5.2556,4.7238
53.9000,4.1866,4.6285,5.0227,4.9868
53.9700,4.0172,3.9202,5.3759,5.1686
54.0400,4.2095,3.4917,5.3965,5.0564
54.1100,5.4484,4.5191,5.3155,5.3986
54.1800,6.3536,5.0968,5.1163,6.4631
54.2500,6.3086,5.6312,5.3094,6.9287
54.3200,5.4354,5.6606,5.3833,7.1126
54.3900,4.8127,4.8264,5.3978,7.4862
54.4600,4.6182,4.4204,5.7017,7.3743
54.5300,5.3685,4.1230,6.3173,7.3299
54.6000,5.7616,4.5477,7.1767,6.9051
54.6700,4.4593,4.8034,7.6366,6.2690
54.7400,3.5019,5.0531,8.2485,5.6917
54.8100,3.7020,4.4929,8.3797,4.8594
54.8800,4.1458,5.0980,8.0702,4.8878
54.9500,3.9720,5.4006,7.3520,4.9996
55.0200,3.3045,4.6196,6.2607,4.6205
55.0900,3.2167,4.1044,5.8377,4.9488
55.1600,3.1120,3.7753,6.7061,5.3328
55.2300,3.3606,3.8826,7.5509,5.7303
55.3000,3.8831,4.0929,7.5686,6.0331
55.3700,4.1989,4.5271,7.0367,5.6823
55.4400,4.2973,5.0000,6.7099,5.6884
55.5100,4.6483,4.5007,5.9742,6.2328
55.5800,3.4297,4.3090,4.7109,7.2720
55.6500,3.2429,5.3812,5.0369,7.4712
55.7200,4.1145,5.6000,5.7548,7.2781
55.7900,4.4026,5.4582,6.2257,7.7796
55.8600,3.7404,5.2082,5.6569,7.6025
55.9300,3.9059,5.3177,5.0038,7.3741
56.0000,3.8893,6.0316,4.3229,7.0278
56.0700,3.6782,6.6006,4.1612,7.0332
56.1400,3.6924,6.5263,4.0660,6.7361
56.2100,3.8061,6.7745,3.8261,6.4209
56.2800,3.9152,7.5035,4.4332,6.8368
56.3500,4.2063,8.2223,4.8596,6.1018
56.4200,4.7139,9.1444,4.4780,5.4232
56.4900,4.5795,9.2770,4.3270,5.2849
56.5600,4.4442,9.4149,4.0313,5.6398
56.6300,5.3035,9.7556,3.7815,5.8132
56.7000,5.0776,9.7217,4.1690,5.6781
56.7700,4.1629,9.2247,4.6503,5.3866
56.8400,3.4441,8.4325,5.7614,6.0168
56.9100,3.5364,6.8378,6.3790,6.1775
56.9800,4.5028,5.9960,6.5835,6.7055
57.0500,4.9916,4.8326,6.5571,7.1096
57.1200,4.3949,4.4957,6.2444,7.4318
57.1900,3.5598,3.8512,6.0726,7.5986
57.2600,3.3829,4.2239,6.1646,6.5663
57.3300,3.4363,4.8908,6.1030,5.6897
57.4000,3.4469,5.2074,6.1525,5.2777
57.4700,3.3188,4.8914,6.0082,5.5609
57.5400,4.0971,5.0336,6.3753,6.6278
57.6100,4.8326,4.3814,6.2423,6.4432
57.6800,5.1582,4.2417,7.1468,5.6253
57.7500,4.9097,4.5107,7.7440,4.2089
57.8200,5.0626,5.1838,8.2697,4.1926
57.8900,5.4663,4.8726,7.9643,3.8360
57.9600,6.9938,4.3991,7.3977,4.0392
58.0300,7.5514,4.1480,7.1767,4.8956
58.1000,7.2959,3.8328,7.0215,4.8953
58.1700,6.9848,4.7978,7.2105,5.4623
58.2400,7.0590,5.9325,7.3009,6.2259
58.3100,7.1815,6.1908,6.9802,6.4358
58.3800,7.7127,5.5187,5.5521,6.6177
58.4500,8.2685,5.7134,5.2033,6.2455
58.5200,8.2877,5.1164,5.7525,6.2060
58.5900,8.5850,3.8981,6.5539,6.0795
58.6600,8.5574,3.8360,6.7749,5.4791
58.7300,7.8555,4.2445,6.5806,4.6655
58.8000,7.3936,4.4126,5.7733,4.3356
58.8700,6.8801,4.3333,5.3397,4.0503
58.9400,6.3226,3.8803,4.8540,4.2452
59.0100,6.5272,4.1562,4.9840,4.4458
59.0800,6.6267,4.1760,5.1726,4.5863
59.1500,7.2435,4.2136,5.4960,5.0155
59.2200,7.3968,3.9764,5.5817,4.8452
59.2900,6.5038,4.0936,6.0481,3.7051
59.3600,5.5794,4.6185,6.3290,3.5767
59.4300,4.8401,5.1656,6.0045,4.6590
59.5000,4.3939,5.4197,5.2727,5.1400
59.5700,4.4360,5.8216,4.8161,6.0444
59.6400,4.4324,6.7501,5.2029,5.1094
59.7100,4.5705,7.1662,5.4592,4.2088
59.7800,4.8010,7.2316,6.3936,4.1443
59.8500,4.5562,7.5063,6.4355,4.4402
59.9200,4.2058,7.2193,5.8927,4.7971
59.9900,4.0704,7.0675,5.8729,4.6821
60.0600,4.4893,6.2895,5.4499,4.4351
60.1300,4.3549,4.9892,5.9370,5.0982
60.2000,4.5362,3.6417,5.0284,5.3101
60.2700,5.6059,3.2925,4.6528,4.7510
60.3400,6.2552,2.9755,4.8384,4.1467
60.4100,6.8383,3.5747,4.8685,4.8892
60.4800,7.4359,3.7911,4.2976,5.1282
60.5500,6.7269,3.9575,3.8269,5.5319
60.6200,5.9116,3.8483,3.3403,5.8719
60.6900,5.9976,4.2426,3.2066,6.9070
60.7600,5.8833,4.8063,4.2167,7.2397
60.8300,6.2608,5.0631,4.4066,6.3999
60.9000,6.1875,5.6312,4.7133,6.3361
60.9700,6.6358,5.9415,4.9786,6.6992
61.0400,7.1713,6.1769,5.2939,6.2091
61.1100,7.5169,6.5710,5.5218,5.6958
61.1800,7.6751,7.2138,5.3441,5.0502
61.2500,6.7793,7.7386,6.0779,5.6591
61.3200,6.0772,7.8974,7.1499,6.2285
61.3900,6.5770,7.7508,7.7555,7.1337
61.4600,7.0657,7.2878,7.5081,7.5649
61.5300,7.0271,7.4974,7.1516,7.3594
61.6000,6.1479,7.3385,7.1496,7.2533
61.6700,5.3945,6.6031,7.3601,7.6428
61.7400,5.0080,6.2336,7.3610,7.4383
61.8100,4.1067,6.1551,6.7297,7.0272
61.8800,4.0961,6.6416,5.8460,5.8385
61.9500,4.5342,6.6816,5.8129,5.1796
62.0200,4.6274,6.1724,5.3696,5.6688
62.0900,5.6002,6.0260,5.3551,5.9947
62.1600,6.2635,4.8623,6.3516,5.9266
62.2300,5.7871,4.1019,5.8192,5.3696
62.3000,5.5252,4.0020,5.1738,4.9174
62.3700,5.9391,4.9689,4.6673,5.0992
62.4400,5.8874,5.2211,4.3020,4.4932
62.5100,5.1014,6.9932,5.2928,4.1147
62.5800,4.9854,7.1332,6.0790,4.2333
62.6500,4.8849,6.8860,6.9318,4.9219
62.7200,5.2837,7.2309,8.0212,5.2365
62.7900,5.3912,6.7608,7.9547,4.2119
62.8600,6.1495,6.2450,7.2869,4.0225
62.9300,6.6717,6.0496,5.5627,4.3218
63.0000,6.5198,5.6552,5.1628,4.5105
63.0700,7.0540,5.3430,5.7000,4.2346
63.1400,7.6384,4.7655,6.5467,3.6551
63.2100,7.5292,4.4944,6.7769,3.6176
63.2800,6.7801,5.1489,6.7422,4.0569
63.3500,6.4099,5.4376,6.3769,4.1336
63.4200,6.0020,5.2390,5.7772,4.3661
63.4900,6.5018,5.8895,5.2837,4.5635
63.5600,6.8325,5.5277,5.4650,4.7193
63.6300,7.1164,5.2628,5.7699,4.6592
63.7000,6.2680,5.0314,5.9352,4.7831
63.7700,6.0012,4.5848,6.8460,4.7608
63.8400,5.5123,4.5767,6.9452,4.3833
63.9100,5.9410,4.4500,6.0469,4.4100
63.9800,5.9003,4.3227,5.6996,4.6586
64.0500,5.7089,3.9386,5.2215,5.0646
64.1200,5.9279,3.7628,5.0221,5.6340
64.1900,6.4574,4.0834,4.6099,5.6645
64.2600,7.3357,4.4484,3.9903,6.0547
64.3300,7.6719,4.0626,3.8768,6.1121
64.4000,7.1787,4.9919,4.5773,5.8436
64.4700,6.8800,5.0081,4.8169,5.9388
64.5400,7.5275,4.7811,3.9786,6.6230
64.6100,7.7932,4.2449,4.5659,7.1671
64.6800,7.3970,4.0788,4.4035,6.5952
64.7500,7.7022,4.2422,3.6000,6.5988
64.8200,7.9621,3.9064,3.9110,7.0513
64.8900,7.5962,3.8126,4.5642,7.8225
64.9600,6.5434,2.9065,6.5158,8.1353
65.0300,5.5034,3.4449,8.5796,8.0777
65.1000,5.5197,3.8006,9.3207,7.8687
65.1700,6.3319,4.4027,8.6612,8.2458
65.2400,6.6550,4.3021,7.7016,7.8219
65.3100,6.9982,4.4614,6.6357,7.4590
65.3800,7.0234,4.5622,5.8181,7.2414
65.4500,7.1136,4.4992,5.4372,5.9528
65.5200,6.6014,4.4035,5.2396,5.0683
65.5900,5.5826,4.0918,5.7939,4.4660
65.6600,5.1917,3.6889,7.3938,3.6690
65.7300,4.1135,2.8253,7.9983,4.3052
65.8000,3.7069,2.9976,7.3758,5.4732
65.8700,3.5086,3.8707,7.1474,6.2968
65.9400,5.0540,4.7989,6.8951,6.8013
66.0100,5.2517,5.1478,6.8824,6.4416
66.0800,5.8146,5.5641,7.3413,5.9520
66.1500,5.8077,5.7731,7.1335,5.7877
66.2200,5.3398,5.4487,6.2531,5.5526
66.2900,5.3670,5.3726,6.1736,4.8264
66.3600,5.4879,5.8379,6.4521,3.6709
66.4300,5.2745,5.9237,6.7144,3.6401
66.5000,4.7127,5.8619,6.9314,4.0627
66.5700,4.2702,6.3443,6.8605,4.4121
66.6400,3.9354,6.1920,6.5748,4.4326
66.7100,4.2838,6.0639,6.2174,3.8670
66.7800,4.8931,5.7111,5.4740,3.2903
66.8500,5.2827,5.8646,5.4532,3.9925
66.9200,5.5122,5.4621,5.0686,4.4998
66.9900,5.5991,4.9485,5.1732,5.9495
67.0600,5.4897,4.9959,4.9962,5.3807
67.1300,4.9018,5.2533,4.9600,4.9303
67.2000,4.8468,5.2482,4.9296,3.9533
67.2700,4.8967,4.9922,5.3097,4.2981
67.3400,5.4025,5.2228,6.4402,4.3232
67.4100,6.3425,5.4655,6.3700,4.4535
67.4800,7.0967,4.7098,5.8790,4.2000
67.5500,6.7979,4.6032,5.5816,4.1470
67.6200,5.6891,3.7989,5.7957,4.5792
67.6900,5.6947,3.9784,6.6369,5.4914
67.7600,6.0562,4.2173,7.4598,5.4138
67.8300,4.9577,4.8410,8.0324,4.9237
67.9000,4.2652,5.1334,7.8360,5.2947
67.9700,4.3416,5.5158,7.0286,5.6339
68.0400,4.5176,5.9143,6.7059,5.3806
68.1100,4.0236,6.7250,6.0434,5.2253
68.1800,4.1998,7.3309,5.4217,5.4186
68.2500,4.7318,6.8918,5.8299,5.7461
68.3200,5.3356,5.9185,6.4287,5.7940
68.3900,5.1413,4.7572,6.7174,5.2995
68.4600,4.5914,4.1812,6.8032,5.1627
68.5300,4.5135,4.2092,6.5847,5.3186
68.6000,4.4686,4.2583,6.4775,5.4823
68.6700,4.7766,4.6932,5.3961,5.8378
68.7400,4.6584,4.6026,5.4920,5.6947
68.8100,3.6055,4.4967,5.7657,5.2222
68.8800,3.3263,4.3089,4.9922,5.4125
68.9500,4.1119,3.9214,4.0140,5.8409
69.0200,5.5029,4.1610,4.0705,5.6509
69.0900,6.9002,5.0032,4.0020,5.8225
69.1600,6.5676,5.3575,3.9874,5.7120
69.2300,6.4035,4.4696,3.8829,4.8608
69.3000,6.3947,3.9071,3.7632,4.4304
69.3700,6.1509,4.1324,4.3771,4.4852
69.4400,6.0484,4.6807,4.6811,4.3922
69.5100,6.7695,5.0286,4.9554,4.1600
69.5800,6.4707,4.7874,4.7549,4.7616
69.6500,5.3646,4.3843,4.9309,4.1809
69.7200,5.2788,3.6386,5.0635,3.7562
69.7900,5.0436,3.4753,5.2596,3.8382
69.8600,5.1806,3.7209,5.5317,4.3393
69.9300,5.7285,4.6422,4.8506,4.7067
70.0000,6.0474,5.3594,4.2983,5.4733
70.0700,6.0864,4.9062,4.1194,5.0021
70.1400,5.8300,4.8411,4.3021,4.7365
70.2100,5.7959,5.3606,5.1147,4.0511
70.2800,6.2607,6.0079,5.3229,3.9580
70.3500,5.9208,6.2550,5.0813,4.3503
70.4200,5.0662,6.4169,5.1343,4.1269
70.4900,4.6418,6.5652,5.1906,4.3305
70.5600,4.4528,5.9886,5.1388,4.3359
70.6300,4.7332,5.5503,4.9494,4.1415
70.7000,4.7028,4.9645,5.0785,4.5382
70.7700,4.8673,4.4292,4.6706,5.4829
70.8400,5.3622,4.4849,4.7879,6.2373
70.9100,5.3665,4.5316,5.2204,6.2970
70.9800,5.2638,3.9302,4.8225,5.5657
71.0500,4.9602,4.4037,5.2362,5.0678
71.1200,4.5197,4.1031,5.6272,5.3200
71.1900,3.8744,3.9469,6.4598,5.7959
71.2600,3.9144,3.3594,7.1778,5.8668
71.3300,4.7995,3.3413,7.7932,6.1327
71.4000,4.9048,3.8476,8.1733,5.7573
71.4700,4.7290,4.0230,7.9449,5.0198
71.5400,4.5522,4.4079,8.1592,5.3829
71.6100,4.2084,4.1634,8.8365,6.2414
71.6800,4.6095,4.6022,8.0935,6.2051
71.7500,5.2225,4.3221,7.4880,5.8806
71.8200,5.2461,4.5407,6.5303,5.5894
71.8900,5.3325,4.8667,5.1401,5.6939
71.9600,5.0405,4.3980,4.3146,5.9461
72.0300,5.4077,3.9204,3.7455,6.2954
72.1000,5.5871,4.3501,4.1208,6.2293
72.1700,5.5015,5.3214,4.2438,5.4499
72.2400,5.5789,5.9711,4.2704,5.2342
72.3100,5.6964,6.5740,4.5088,4.4811
72.3800,5.9136,6.5346,4.8901,4.3884
72.4500,5.8882,5.6194,5.7363,4.1386
72.5200,6.0851,5.1762,5.7913,4.5364
72.5900,5.5605,5.2120,6.0837,4.4649
72.6600,4.8020,4.8943,5.9715,4.7525
72.7300,4.7674,4.9889,6.5479,4.7467
72.8000,5.1393,5.2211,6.7745,5.1662
72.8700,5.3774,4.5102,6.6987,5.4206
72.9400,5.0433,4.1819,6.5201,5.3815
73.0100,4.5820,4.3854,7.6289,5.2282
73.0800,3.9449,3.9192,7.7864,5.3455
73.1500,4.0919,3.6450,7.4469,5.3263
73.2200,4.1662,3.6939,6.5406,5.8778
73.2900,4.4227,4.0472,6.3501,5.7221
73.3600,4.2887,4.3388,5.5371,6.0541
73.4300,4.5560,4.7568,5.7257,6.2027
73.5000,4.5875,4.4774,5.4402,6.1300
73.5700,4.6023,4.9671,4.5805,5.7649
73.6400,4.9343,4.9983,4.6533,5.8277
73.7100,4.6706,4.7956,5.4306,6.4052
73.7800,5.9422,4.7409,5.9465,6.5444
73.8500,6.5898,4.5692,5.9454,7.2966
73.9200,7.0477,3.8326,6.5864,6.4900
73.9900,7.2583,4.1951,6.3917,5.3880
74.0600,6.5505,4.3707,6.1819,5.8765
74.1300,6.1826,4.3159,5.2062,6.5438
74.2000,5.5879,4.2201,4.8879,7.1894
74.2700,5.2148,4.2084,5.2928,7.2154
74.3400,5.2877,4.5202,5.9389,6.7035
74.4100,5.9441,4.2410,5.2878,5.7690
74.4800,5.5140,4.3758,4.7074,5.8344
74.5500,4.5517,4.7783,3.9709,6.0394
74.6200,4.0330,4.3295,4.0895,5.7594
74.6900,4.5735,3.8833,4.5165,5.1790
74.7600,4.9757,3.8124,4.1487,4.7339
74.8300,5.0997,4.0059,4.3168,5.2454
74.9000,5.4979,4.0310,4.5644,6.1332
74.9700,6.0213,3.4032,4.9647,5.9667
75.0400,5.7388,3.9133,4.7061,5.9654
75.1100,5.3616,4.5452,4.4804,6.3410
75.1800,5.9950,4.5554,4.6441,6.4836
75.2500,5.9217,4.6527,4.6619,7.1593
75.3200,5.8767,4.5313,4.1832,7.3588
75.3900,5.9708,4.4252,3.5024,7.7667
75.4600,5.7560,4.8063,2.9569,7.0121
75.5300,5.8799,4.7225,3.5908,7.4257
75.6000,5.5855,4.1449,3.8284,7.7263
75.6700,5.0515,3.7192,3.9314,6.5918
75.7400,4.8505,4.2445,4.3628,5.7733
75.8100,4.8890,4.2936,4.5471,4.7780
75.8800,5.1649,4.3783,4.5304,4.5440
75.9500,5.6069,5.3752,4.9014,4.3326
76.0200,5.4363,5.5938,5.3898,4.5306
76.0900,5.2977,6.1797,5.1578,4.9774
76.1600,4.9863,6.2134,4.8583,4.9449
76.2300,5.9343,5.7108,4.7252,5.4402
76.3000,6.8595,4.8359,5.5038,6.0356
76.3700,7.7421,4.8407,5.9361,5.7486
76.4400,7.7388,4.8770,5.8362,5.4406
76.5100,7.6967,5.2220,6.3527,4.8692
76.5800,7.6755,5.7525,5.7876,4.5317
76.6500,6.4233,6.1321,4.9820,4.1489
76.7200,5.7888,5.8064,5.0918,4.4690
76.7900,5.5192,6.1407,4.6891,4.4031
76.8600,5.5296,7.3165,4.1205,4.3889
76.9300,4.9698,7.1391,3.3918,5.4303
77.0000,4.4140,5.5112,3.9005,6.9531
77.0700,4.9195,5.2913,3.6262,7.1958
77.1400,6.4167,5.6940,3.9841,7.7763
77.2100,7.0394,6.0970,4.2283,7.5146
77.2800,6.6811,5.0799,5.2174,7.0886
77.3500,6.4397,4.2593,5.8853,7.6991
77.4200,6.7676,4.8150,5.8088,7.4914
77.4900,7.8123,5.1535,4.6180,6.7640
77.5600,7.7024,4.8760,3.9910,6.7713
77.6300,7.9707,5.5779,4.5189,7.0751
77.7000,7.6501,5.4645,4.3486,7.2859
77.7700,7.4840,6.0000,4.6790,6.8584
77.8400,7.0374,6.0688,5.3157,6.9677
77.9100,6.5768,6.1083,6.1878,6.9693
77.9800,6.0849,5.8521,6.1725,6.5908
78.0500,5.7760,5.7041,6.0800,6.7091
78.1200,5.4669,5.5861,6.0272,7.3145
78.1900,4.9092,5.1364,5.7788,7.9759
78.2600,4.9171,4.7428,5.7735,7.4972
78.3300,4.7909,4.7378,6.7133,7.1229
78.4000,4.8107,4.5459,7.4485,7.4974
78.4700,4.9472,4.3673,7.8656,7.1515
78.5400,4.8436,4.5226,7.4440,6.0745
78.6100,4.8040,4.8152,7.4296,5.9278
78.6800,4.2582,4.0935,8.0119,6.3444
78.7500,4.2483,4.0367,7.9728,6.4075
78.8200,3.9573,4.6256,8.3640,6.2598
78.8900,4.1260,4.5026,8.0558,5.4728
78.9600,4.8062,4.8649,7.7267,5.5228
79.0300,4.3699,4.6904,7.6118,5.5372
79.1000,4.8428,4.4559,7.8097,5.4425
79.1700,4.9935,4.2183,8.3191,5.9131
79.2400,5.5250,4.6564,9.1122,5.5543
79.3100,5.5851,4.6997,8.7392,4.9743
79.3800,5.0645,3.7891,8.4052,5.3684
79.4500,4.7986,3.5120,8.1076,5.5205
79.5200,4.4842,2.9204,8.8924,5.6809
79.5900,3.6659,3.4353,9.4980,5.0525
79.6600,3.5178,4.4753,9.8746,4.8564
79.7300,3.3794,5.2559,10.2333,4.5595
79.8000,3.3867,5.4007,10.2641,4.4958
79.8700,4.2593,5.0539,10.0907,4.8065
79.9400,5.4141,4.9225,10.1323,5.2882
80.0100,6.9486,4.2825,9.7830,5.7331
80.0800,7.5205,4.4548,10.1489,5.1205
80.1500,8.3019,4.0860,10.7552,4.5383
80.2200,7.4703,3.7992,10.7956,4.8766
80.2900,6.4563,3.7167,9.9693,4.4331
80.3600,5.8204,3.9964,8.5416,4.7164
80.4300,5.8089,4.2593,8.0041,4.6280
80.5000,5.4158,4.0273,8.8815,4.6177
80.5700,5.8026,4.5374,9.7977,3.7796
80.6400,6.3087,4.4412,10.2245,3.6472
80.7100,5.8764,4.2827,9.3644,4.9242
80.7800,4.8952,5.0024,7.7445,5.7321
80.8500,5.0577,5.6572,6.1935,5.6247
80.9200,4.7753,6.1808,5.3690,5.4597
80.9900,4.6930,6.4540,5.0342,5.7108
81.0600,3.9867,7.4499,4.3527,4.9458
81.1300,3.9216,7.4190,4.7421,3.8727
81.2000,4.1589,7.3221,5.3551,4.0375
81.2700,4.5341,7.1800,5.5721,4.6197
81.3400,4.4765,6.8923,5.0984,5.1099
81.4100,4.2012,6.7005,4.7826,5.9530
81.4800,4.7214,6.9569,4.1955,7.0394
81.5500,5.1911,7.0663,3.5038,7.4309
81.6200,5.6326,6.7381,3.9494,7.2171
81.6900,5.3329,6.9165,4.7592,7.3003
81.7600,5.1999,7.2066,4.8380,7.1633
81.8300,5.1600,7.3513,4.5716,6.4183
81.9000,4.9482,7.1216,4.1271,5.8147
81.9700,4.2302,6.7048,3.5073,5.0516
82.0400,4.5087,7.1817,3.6284,4.0193
82.1100,4.6925,7.3699,4.3377,3.6104
82.1800,5.0061,6.8443,4.3180,4.4112
82.2500,6.5443,6.3093,4.3549,3.7302
82.3200,7.1406,5.7953,3.9086,4.1222
82.3900,6.9909,5.8945,3.9701,4.9266
82.4600,6.4702,5.5988,4.8366,5.0288
82.5300,5.6097,5.2345,4.5294,4.5118
82.6000,5.0389,5.6030,4.5788,4.4427
82.6700,4.6845,5.8933,4.8203,4.6336
82.7400,4.5210,5.4721,4.9058,4.7021
82.8100,4.2564,5.6234,4.6697,5.7865
82.8800,4.2916,5.7134,4.4138,6.2114
82.9500,4.0607,6.5523,4.3396,5.8310
83.0200,4.2792,7.7372,5.1523,5.6993
83.0900,4.3732,9.2644,5.5093,5.6052
83.1600,4.8850,10.0980,5.6900,5.9853
83.2300,5.6124,10.5371,5.0940,6.5846
83.3000,6.2771,10.5399,4.5408,6.3098
83.3700,6.3540,10.0812,4.5560,5.7153
83.4400,6.9151,9.9081,4.9167,4.7843
83.5100,7.7427,9.5366,5.0851,4.5381
83.5800,7.6719,9.1622,4.8513,4.0234
83.6500,7.6544,7.8675,4.3062,3.9400
83.7200,7.7010,7.2560,4.1047,4.4057
83.7900,6.7849,6.7460,4.6151,4.7279
83.8600,5.9994,6.0643,5.6466,5.0847
83.9300,5.5709,6.5103,6.4787,5.1909
84.0000,5.8459,6.3929,6.9441,5.0693
84.0700,6.2587,5.7212,7.0443,5.5420
84.1400,6.9091,5.4598,6.4878,6.5583
84.2100,7.3847,5.5733,5.5052,6.0395
84.2800,8.1423,5.9054,5.5333,5.7414
84.3500,8.3128,6.2596,5.7046,5.5644
84.4200,8.5119,6.3219,6.0388,4.7682
84.4900,8.3103,5.8527,5.7473,4.8686
84.5600,7.8273,4.7512,5.7860,4.7040
84.6300,7.5504,4.5242,6.4002,4.7549
84.7000,6.6331,4.4956,7.0649,5.0597
84.7700,5.9857,5.2425,6.6919,5.5133
84.8400,5.5703,5.6571,5.9331,5.6900
84.9100,4.6094,6.3695,5.3599,5.7693
84.9800,4.2480,6.5348,5.7428,5.6456
85.0500,4.5093,6.5398,6.7726,6.3193
85.1200,4.1902,5.9376,7.3148,5.7436
85.1900,4.6031,5.0538,6.7854,5.1550
85.2600,5.0120,4.0377,6.0963,5.3677
85.3300,4.9245,3.8489,5.5619,5.9429
85.4000,4.0795,4.6217,5.2089,6.3042
85.4700,3.8014,4.7341,4.9690,6.2237
85.5400,3.9994,4.9746,5.2999,6.3898
85.6100,4.7287,5.7388,5.2511,6.3558
85.6800,4.7893,5.7547,5.2773,6.3025
85.7500,3.9644,5.5847,4.5773,6.6702
85.8200,3.8412,5.2739,3.8872,7.4413
85.8900,3.7598,5.2016,3.4987,6.7967
85.9600,3.0382,4.7913,4.1352,5.4718
86.0300,3.1434,4.5107,4.5299,4.9567
86.1000,3.2096,4.5587,5.1732,5.4367
86.1700,3.9085,5.1667,5.6065,5.6222
86.2400,4.1984,5.3808,5.5755,5.4766
86.3100,4.3698,6.0010,6.3336,5.5114
86.3800,4.8024,5.7390,6.2759,5.6982
86.4500,5.4277,4.7713,5.5983,5.9177
86.5200,5.6797,4.4615,4.8693,5.7708
86.5900,6.0550,4.4411,4.3292,6.0786
86.6600,5.6797,4.6918,4.3319,6.1231
86.7300,5.3533,5.8368,4.3578,6.0412
86.8000,5.0850,7.1248,4.3158,5.8566
86.8700,4.3249,7.4817,4.6216,5.6511
86.9400,4.1359,7.3377,5.2718,5.9694
87.0100,3.7091,6.9177,5.3051,6.2003
87.0800,3.9768,6.5917,4.9159,6.6052
87.1500,4.7670,6.6145,4.3460,6.9156
87.2200,6.0812,6.7350,4.4863,5.9578
87.2900,6.5218,6.5204,4.8357,5.0720
87.3600,5.9256,5.8412,4.5967,4.6862
87.4300,4.8711,5.2943,4.3088,4.6962
87.5000,4.1039,5.3374,3.5059,4.3064
87.5700,3.6648,4.8278,3.5643,4.5695
87.6400,3.8171,4.9703,3.3303,4.5303
87.7100,4.2383,5.3870,4.0930,4.1513
87.7800,4.1791,6.0361,3.9236,3.9088
87.8500,4.2861,6.3706,3.5589,4.0878
87.9200,3.9083,6.7786,3.7182,4.1235
87.9900,4.1166,6.7374,4.2629,4.5023
88.0600,4.3057,5.9837,5.5937,4.4464
88.1300,5.2289,5.6286,6.5109,4.4092
88.2000,5.6024,5.4759,7.5229,4.7115
88.2700,7.0709,5.3134,8.6125,5.1812
88.3400,7.3042,5.5842,8.5711,5.3140
88.4100,7.0154,5.6227,7.9081,5.3829
88.4800,7.1529,6.1405,7.4401,5.8195
88.5500,7.2617,6.1970,7.0282,5.5532
88.6200,7.2601,6.2442,7.1851,5.2356
88.6900,7.1709,6.9700,7.5865,6.0242
88.7600,6.7521,6.7980,7.9771,6.1375
88.8300,5.5943,6.2152,7.5490,5.7988
88.9000,4.5567,6.3059,7.6607,5.3222
88.9700,4.3341,6.1985,7.7487,5.0704
89.0400,5.0969,5.8857,7.5085,5.4477
89.1100,4.8534,5.9114,6.4860,5.9776
89.1800,4.8458,5.5526,5.3423,5.5618
89.2500,4.8405,5.2500,4.2432,5.6853
89.3200,4.0119,4.6428,4.2387,5.7068
89.3900,3.7013,4.6747,4.4814,5.7101
89.4600,4.1570,5.5847,4.9498,5.5321
89.5300,4.4126,5.4234,4.7952,5.4211
89.6000,4.5425,5.3796,4.4200,4.9587
89.6700,4.5712,4.5287,3.9762,4.4793
89.7400,4.2788,4.6660,3.9867,4.0517
89.8100,4.1632,4.5603,4.6677,4.3472
89.8800,4.6252,4.7498,5.5319,5.4114
89.9500,5.3225,5.4196,5.5323,6.4685
90.0200,5.2397,5.0470,4.8178,7.0483
90.0900,5.3696,5.1399,4.3078,6.9131
90.1600,5.3006,5.6100,4.2885,6.8976
90.2300,4.6094,6.0120,4.7579,6.7600
90.3000,3.3485,5.8284,5.2045,5.8330
90.3700,4.1471,6.3923,5.4797,5.9521
90.4400,4.4948,6.2610,6.2096,5.0252
90.5100,4.6633,4.9133,5.9621,4.8197
90.5800,4.6826,4.4477,5.1796,4.9171
90.6500,4.5814,4.3119,5.9511,4.4648
90.7200,4.1714,3.6892,5.1405,4.1154
90.7900,4.4145,4.3059,4.8411,4.2929
90.8600,5.0734,4.6630,5.2920,4.7135
90.9300,4.3423,4.3562,6.4293,4.5498
91.0000,3.9743,4.0623,6.7944,4.0591
91.0700,3.7622,4.5077,5.7214,4.4628
91.1400,4.3524,4.4334,6.3749,4.6217
91.2100,4.4039,4.9433,6.6325,4.9440
91.2800,4.0168,4.9715,6.2803,5.5814
91.3500,5.1441,5.2376,6.1998,5.7587
91.4200,5.2197,5.5293,7.0063,5.9037
91.4900,5.4631,6.0171,7.2458,5.4267
91.5600,5.6650,5.8890,7.4732,5.3657
91.6300,5.3975,5.0825,6.4988,4.8375
91.7000,5.1059,5.4201,6.1908,4.3112
91.7700,5.2493,5.9645,6.5871,3.9381
91.8400,5.3264,5.7260,5.8956,3.8524
91.9100,5.7943,4.6792,5.4602,3.6749
91.9800,6.0540,4.3715,5.9012,3.7626
92.0500,6.4501,4.6714,6.4772,4.5267
92.1200,6.8493,5.0897,6.3491,4.7945
92.1900,7.2200,5.4810,5.5866,4.8660
92.2600,7.1633,4.4692,4.9992,4.9993
92.3300,7.1129,3.9655,4.4767,4.7188
92.4000,6.9235,4.4355,4.3393,4.5237
92.4700,6.5294,4.9771,3.9009,4.2352
92.5400,6.3795,5.2816,4.0659,4.7295
92.6100,6.0701,5.2585,4.1630,5.4223
92.6800,5.3115,5.4566,3.4920,5.2519
92.7500,5.1504,5.9943,3.3694,5.3138
92.8200,5.3734,6.4061,3.3597,5.8687
92.8900,5.7283,5.8038,4.3075,5.7498
92.9600,5.9852,4.4513,4.8953,5.8055
93.0300,5.5892,3.5459,4.4446,6.0821
93.1000,6.2231,3.2883,4.2522,6.1947
93.1700,5.9267,3.5977,4.8079,6.2713
93.2400,5.5430,4.4477,5.3096,5.7722
93.3100,5.9902,4.4765,6.1185,6.0054
93.3800,6.5385,4.3723,7.2386,6.4511
93.4500,6.0078,3.7769,7.8401,7.3252
93.5200,6.1817,3.6347,8.0860,7.6430
93.5900,6.5317,3.4795,7.6609,7.6915
93.6600,6.1200,3.5396,7.1756,7.7399
93.7300,5.7590,3.5353,6.2972,7.8599
93.8000,5.1236,3.3741,5.2196,8.1193
93.8700,4.7733,4.1803,4.8958,8.4896
93.9400,4.8856,5.2991,4.9262,8.2743
94.0100,5.1475,5.9474,5.2034,7.5385
94.0800,4.6613,6.2896,5.2567,6.7616
94.1500,3.8630,6.9337,5.6339,6.2578
94.2200,3.8633,6.6513,5.6583,6.2541
94.2900,4.3256,6.0762,4.7142,6.1776
94.3600,4.1984,6.0979,4.2780,5.6226
94.4300,4.2097,6.1138,4.2429,5.2394
94.5000,4.1628,5.3413,4.1085,5.0277
94.5700,5.1224,4.9233,4.9758,4.1798
94.6400,5.9559,4.6016,5.1545,4.6902
94.7100,6.0258,4.6848,5.7826,5.6039
94.7800,5.7648,4.9879,5.6543,5.5622
94.8500,5.4720,4.8482,5.1968,5.6125
94.9200,4.7531,5.3184,5.3313,5.7022
94.9900,4.0496,4.2621,5.7882,5.3434
95.0600,3.9343,3.9499,5.4577,5.5565
95.1300,4.3785,3.9393,5.1613,6.3273
95.2000,4.5779,3.1724,5.1637,6.4974
95.2700,4.2001,4.3716,5.3230,6.5512
95.3400,4.0651,5.0090,5.6477,6.3906
95.4100,4.5392,5.5135,5.7615,6.1790
95.4800,4.9547,5.6036,6.0385,6.3885
95.5500,5.0863,4.4130,6.8149,5.9825
95.6200,5.0462,3.2543,6.8115,5.3644
95.6900,4.3819,3.9214,6.0352,5.0302
95.7600,4.4985,4.7792,5.6642,5.2783
95.8300,5.3453,5.5020,5.0132,5.4210
95.9000,6.6697,5.4557,5.2090,5.2965
95.9700,6.9621,5.3191,5.4219,5.0031
96.0400,6.2424,5.4754,5.2535,5.5256
96.1100,6.3343,5.4503,5.4480,5.9746
96.1800,7.3123,5.3499,5.2185,5.5535
96.2500,7.5508,4.8497,4.8270,4.5809
96.3200,8.0415,4.9287,4.4875,4.1867
96.3900,7.9794,4.7090,4.8626,4.8000
96.4600,7.6493,4.1081,4.9290,4.5289
96.5300,7.6171,4.4633,5.2404,4.2378
96.6000,7.8851,5.0120,5.4661,3.9643
96.6700,8.7560,5.1020,4.9400,4.2955
96.7400,9.4662,4.5599,4.7200,5.3597
96.8100,9.0996,4.2200,4.9053,5.4514
96.8800,8.6603,4.0334,5.0865,5.5303
96.9500,8.0025,3.5635,5.7036,5.9302
97.0200,6.5423,4.4587,6.8234,6.5341
97.0900,5.4257,4.4109,6.8131,6.1479
97.1600,5.5074,4.8867,7.7253,5.7350
97.2300,5.5822,5.1648,8.3674,5.9767
97.3000,5.3563,5.4112,8.5576,6.3084
97.3700,4.9712,5.4825,8.0044,6.3234
97.4400,5.6278,5.4310,7.2567,6.3005
97.5100,5.6623,5.4108,6.6060,6.0573
97.5800,5.2019,5.7675,6.7425,5.3478
97.6500,5.2274,6.0381,7.4601,5.8188
97.7200,6.3007,6.5080,8.1504,6.2904
97.7900,7.0136,6.5781,8.0650,6.4060
97.8600,7.3695,6.0569,7.7510,6.3412
97.9300,7.5959,5.4091,7.3198,6.2333
98.0000,7.7562,5.2694,7.3590,6.1176
98.0700,7.3229,5.6783,7.0361,6.3144
98.1400,7.3054,6.0144,6.7086,6.0024
98.2100,6.4067,6.0715,5.8656,5.5545
98.2800,5.7176,5.4561,4.9365,4.6364
98.3500,5.5202,4.5665,4.2413,4.2778
98.4200,5.0835,3.1536,4.2587,3.9592
98.4900,4.7945,2.9666,4.7736,4.0586
98.5600,4.8316,4.6152,4.3449,5.0305
98.6300,4.8835,5.8635,4.4177,5.3886
98.7000,4.5891,6.8184,4.9173,4.9718
98.7700,4.0384,7.9503,4.9252,4.8745
98.8400,3.4974,8.0817,4.8370,5.5015
98.9100,3.1739,7.5858,4.8175,6.1715
98.9800,4.2724,6.8465,4.5276,6.0670
99.0500,5.6183,7.0881,4.4474,5.8415
99.1200,5.4287,7.0665,4.1567,5.2896
99.1900,5.9756,6.3881,3.9049,5.5664
99.2600,6.7569,5.9335,3.8960,5.8607
99.3300,7.5516,5.5453,3.7613,5.4136
99.4000,7.6454,5.9722,3.9518,4.9312
99.4700,6.9455,6.1368,3.8510,4.9363
99.5400,6.1512,7.2532,4.3900,4.9463
99.6100,5.0694,7.7097,5.2951,4.2912
99.6800,4.6800,7.8223,5.4820,4.5430
99.7500,5.1795,7.5892,6.2709,5.1802
99.8200,5.2474,7.9731,6.2265,5.3373
99.8900,5.2491,8.0771,6.4416,5.2453
99.9600,4.3583,7.0888,6.4689,5.7916
100.0300,4.6379,6.4369,5.8274,5.5595
100.1000,5.2999,6.0659,4.8206,4.7618
100.1700,5.8528,5.3113,4.5557,4.5346
100.2400,6.1646,4.1977,4.8831,4.6806
100.3100,5.7718,4.5120,4.8365,5.5260
100.3800,5.0552,5.2764,4.5642,5.1575
100.4500,4.5783,5.7522,5.1030,5.2889
100.5200,4.0263,5.7064,5.5657,4.9968
100.5900,3.8046,5.2475,6.0619,3.9398
100.6600,4.1749,4.2945,6.1538,3.8745
100.7300,5.5014,3.7506,6.3050,4.1591
100.8000,6.2728,4.0100,6.5379,4.9698
100.8700,6.9422,4.6611,6.2433,5.2997
100.9400,7.0203,4.4887,6.0667,5.2722
101.0100,7.2941,4.8911,5.4204,5.2265
101.0800,6.7956,5.2180,4.9828,4.7637
101.1500,6.2344,5.2827,4.8700,4.9534
101.2200,6.0433,5.9382,4.8479,4.9971
101.2900,6.5422,6.1014,5.8588,5.3467
101.3600,6.3311,6.8106,5.5223,5.5399
101.4300,4.9348,6.9821,5.5370,5.8781
101.5000,4.6234,6.4725,6.2074,6.3190
101.5700,4.8801,6.0654,6.6408,5.2978
101.6400,4.7189,5.1638,7.0189,5.1683
101.7100,3.8943,5.0187,7.4271,5.4593
101.7800,4.0988,4.7278,6.7116,5.2629
101.8500,5.0349,5.0388,6.0523,4.7131
101.9200,4.3564,6.1060,5.6959,4.6416
101.9900,4.1842,6.9615,5.5155,4.2712
102.0600,4.7439,7.3406,5.5384,4.1596
102.1300,4.5027,7.0660,5.2898,4.9461
102.2000,4.9557,6.5765,5.3036,4.9523
102.2700,5.6692,6.0277,5.3857,4.3866
102.3400,5.0833,6.0753,5.3408,4.2705
102.4100,4.3696,6.6694,5.7596,5.6311
102.4800,4.1004,6.9473,6.2018,6.0437
102.5500,4.4801,6.5985,6.2856,5.5816
102.6200,5.0005,6.3077,6.2725,5.7309
102.6900,5.5353,5.9232,5.8183,6.4442
102.7600,5.5054,6.4295,6.6520,7.0272
102.8300,5.3114,6.6819,7.0017,8.0423
102.9000,5.0308,6.8100,7.1727,7.9694
102.9700,5.1035,6.5936,6.7447,7.6208
103.0400,5.4567,6.3638,6.4560,6.9956
103.1100,5.6886,6.2569,6.2288,6.7122
103.1800,5.7995,5.4303,5.9737,6.5077
103.2500,5.8615,4.9459,6.2546,6.8281
103.3200,5.8550,4.9551,5.3204,7.2598
103.3900,5.5193,4.5304,4.9663,6.7796
103.4600,5.1981,4.1796,5.7259,6.4820
103.5300,4.7409,3.8337,6.6642,6.4045
103.6000,4.0005,4.2631,7.4309,5.5757
103.6700,3.7120,5.4890,8.1150,5.7823
103.7400,4.1648,5.8054,8.1799,5.7447
103.8100,4.9452,5.9319,7.2840,6.3124
103.8800,5.4626,5.5492,7.0856,6.6068
103.9500,5.3247,4.6514,7.2906,6.6640
104.0200,5.1302,4.8697,7.3325,6.4842
104.0900,5.1318,5.0644,7.1552,6.1944
104.1600,5.5360,5.1614,6.2889,6.5152
104.2300,5.2902,5.0915,5.2604,6.9486
104.3000,5.1669,4.5514,5.0198,6.1048
104.3700,4.8285,4.1977,5.0290,5.6040
104.4400,4.0870,4.4034,5.1554,5.6258
104.5100,3.8043,4.1613,4.8067,5.4341
104.5800,4.1739,4.4191,4.6432,5.0895
104.6500,4.1456,4.6272,4.6582,4.6000
104.7200,4.6082,4.9693,4.9481,4.6402
104.7900,4.4804,5.2978,4.7849,4.3205
104.8600,4.3032,5.4139,5.0019,4.4049
104.9300,4.6227,4.8176,5.0146,4.6528
105.0000,4.4230,5.1528,4.8749,5.1009
105.0700,4.4037,5.3259,4.6631,5.5661
105.1400,4.3375,5.0173,4.7844,5.6051
105.2100,4.5542,4.9293,5.1262,5.5217
105.2800,4.6044,4.1576,4.9037,4.3496
105.3500,4.4177,4.5545,4.9713,4.6899
105.4200,4.7249,4.3862,5.6755,5.7408
105.4900,4.7459,4.3238,6.5630,6.4867
105.5600,4.5349,4.8793,7.7734,6.9865
105.6300,4.5845,4.8897,8.7264,7.0858
105.7000,4.9079,4.8773,8.7140,7.2879
105.7700,5.6564,4.6953,7.5837,7.8008
105.8400,5.8877,4.6397,5.9199,7.5085
105.9100,5.8957,5.5408,4.7418,7.4323
105.9800,5.9129,6.5279,3.9895,7.0750
106.0500,6.0862,7.4498,4.6581,6.6272
106.1200,5.9026,7.7992,4.7089,6.8870
106.1900,5.2489,7.6003,4.7105,7.0283
106.2600,4.0626,7.1808,4.8507,6.8358
106.3300,3.9360,6.9830,4.9531,6.2593
106.4000,4.2191,7.0264,5.1632,5.8890
106.4700,4.7446,7.2569,5.6399,5.8967
106.5400,3.9623,7.2162,5.8517,5.8012
106.6100,4.0343,6.9182,6.2425,5.6644
106.6800,4.2075,6.5232,6.0196,5.6090
106.7500,3.7584,6.0672,6.2743,5.7284
106.8200,3.5862,5.5826,5.2730,6.2038
106.8900,4.0499,4.8116,4.5302,7.3174
106.9600,4.8491,4.8157,4.3570,8.3561
107.0300,4.7785,5.5324,4.6219,8.7368
107.1000,5.5877,5.5267,5.1447,8.3997
107.1700,5.7827,5.0694,4.7486,7.7444
107.2400,6.0353,4.9567,4.3026,7.4718
107.3100,5.6703,5.0904,3.7912,6.4477
107.3800,4.9046,5.2469,4.0511,5.7219
107.4500,4.4394,5.1753,4.9126,5.2087
107.5200,4.7050,5.8721,4.8261,5.4508
107.5900,4.6980,6.9418,4.6615,6.1979
107.6600,4.1779,7.1050,4.6116,6.2804
107.7300,3.6271,7.3081,4.8199,6.5579
107.8000,3.7081,6.4253,4.7789,6.3908
107.8700,4.4677,6.1150,4.5437,5.9846
107.9400,4.6108,6.5243,5.4235,6.1535
108.0100,4.3211,6.4628,5.4616,6.4970
108.0800,5.3187,5.9205,5.4723,7.5161
108.1500,5.6588,5.6457,5.6461,7.8250
108.2200,5.7867,5.1617,5.6114,8.1136
108.2900,6.0470,5.1282,5.1363,7.5729
108.3600,5.9471,4.9166,5.0475,7.0462
108.4300,5.5894,5.3345,5.3202,6.7739
108.5000,5.5387,5.0680,4.9459,6.6119
108.5700,5.0130,4.7164,4.5227,6.5232
108.6400,5.6841,4.5172,4.9663,6.4072
108.7100,5.7163,4.4662,4.6608,5.6161
108.7800,5.4903,4.8651,5.1753,5.2793
108.8500,5.0511,4.9635,5.6921,4.8821
108.9200,4.5015,5.2906,6.0595,4.4702
108.9900,3.8720,5.3594,6.6198,4.2999
109.0600,4.1779,5.3272,7.2220,4.3444
109.1300,4.2585,5.4301,7.1201,4.1508
109.2000,4.0300,6.6147,6.7780,4.4417
109.2700,3.9647,6.6466,6.4781,4.4576
109.3400,3.2480,7.0576,6.3838,4.8212
109.4100,4.1026,6.9197,6.0225,5.4186
109.4800,4.6972,6.1102,5.7661,5.9667
109.5500,4.1620,5.6924,5.3085,5.7490
109.6200,4.5034,6.0339,4.7610,5.3794
109.6900,3.8152,6.2409,4.8683,6.0959
109.7600,3.6716,5.4026,5.3084,6.3181
109.8300,4.3085,4.7391,5.2161,6.7396
109.9000,4.5433,4.2427,5.0268,6.9596
109.9700,5.1294,3.9323,5.2084,6.7283
110.0400,5.1651,4.6511,5.9568,6.1925
110.1100,4.5118,5.4377,6.2633,6.0297
110.1800,4.7594,6.2866,6.1178,6.3537
110.2500,5.0365,6.9181,5.4628,5.5800
110.3200,4.3562,6.8276,5.3023,4.9488
110.3900,4.4719,6.6365,5.4950,4.3936
110.4600,4.5537,6.3144,5.4336,4.3367
110.5300,4.4005,5.7100,5.5698,4.3538
110.6000,4.3099,5.5007,4.9449,3.9884
110.6700,4.1483,5.0897,4.5283,4.5519
110.7400,3.6654,5.0208,4.3915,5.6757
110.8100,3.5328,5.1136,4.5976,6.0810
110.8800,4.0572,5.4184,4.8530,6.4397
110.9500,4.1503,5.2967,5.0572,6.2442
111.0200,3.9853,5.5242,5.8563,5.6423
111.0900,4.7860,6.3117,5.9922,5.4532
111.1600,5.1914,6.3148,6.2570,5.7805
111.2300,5.6261,6.4086,6.1642,5.7197
111.3000,5.9900,6.1824,5.7905,5.8190
111.3700,6.0487,6.1135,5.5061,5.4651
111.4400,5.6623,6.7148,5.4168,5.2737
111.5100,5.3948,7.7525,5.4872,4.9712
111.5800,6.2125,7.6506,5.7713,5.0251
111.6500,6.0913,6.8800,5.9868,5.1792
111.7200,5.8882,6.3080,6.7315,5.3269
111.7900,6.3254,6.3218,6.5819,5.7333
111.8600,7.1398,6.3832,6.5076,6.5404
111.9300,7.8221,6.1705,6.5976,7.0777
112.0000,7.7217,6.0445,7.1074,6.5105
112.0700,7.4464,6.5355,7.4707,5.5824
112.1400,7.2664,6.2587,7.7563,5.3720
112.2100,7.4081,5.7770,8.0390,4.8614
112.2800,7.7336,5.4954,8.2297,4.5775
112.3500,7.6595,4.9221,8.1228,4.7055
112.4200,7.3297,4.5676,7.3139,5.3916
112.4900,7.2391,4.0122,6.6135,5.6564
112.5600,6.7078,3.8295,6.0272,6.1862
112.6300,6.3162,4.1988,5.3610,6.1978
112.7000,6.6658,4.8668,5.6284,6.5040
112.7700,6.8007,5.7878,6.4637,6.6142
112.8400,7.4264,5.8173,6.6520,6.9698
112.9100,8.1642,5.8449,6.9123,7.4191
112.9800,9.2074,5.7190,6.4279,7.8692
113.0500,10.1839,5.1190,5.7747,7.9885
113.1200,10.0833,4.8258,5.6631,7.8660
113.1900,9.3725,4.5604,5.4693,7.7773
113.2600,8.3598,4.8482,5.5361,7.0952
113.3300,7.2708,4.7921,6.1614,6.4842
113.4000,6.4296,5.1845,6.9393,5.5297
113.4700,5.9838,5.0604,7.6370,5.4149
113.5400,5.7832,5.0212,8.3524,6.2284
113.6100,6.0485,5.2629,8.5481,6.0709
113.6800,6.2354,5.4918,9.0247,5.6660
113.7500,6.7143,6.0727,9.8845,6.2951
113.8200,6.6575,6.5127,9.9390,6.8240
113.8900,6.9836,6.1909,9.7574,7.3242
113.9600,7.1269,5.6879,9.6611,7.1734
114.0300,6.4577,5.8692,8.9412,6.3680
114.1000,6.3877,5.9649,8.4739,6.0900
114.1700,6.4676,6.1460,8.7316,6.2881
114.2400,6.4979,5.6933,8.7411,6.2715
114.3100,6.4778,6.2829,8.9135,5.5809
114.3800,7.0851,6.5788,9.1075,4.5739
114.4500,6.7489,5.4962,9.0179,4.3300
114.5200,6.4616,4.7001,9.2482,3.4430
114.5900,6.4012,5.2638,8.8403,3.5466
114.6600,6.2968,4.6441,8.2676,3.8402
114.7300,6.2079,4.3433,7.4274,3.6269
114.8000,6.6018,4.2406,7.1674,3.9920
114.8700,6.9176,4.3322,8.0503,5.1623
114.9400,6.9850,4.3800,8.3745,5.8779
115.0100,7.1464,4.5449,8.1145,5.9602
115.0800,7.0103,4.7915,7.6051,5.9190
115.1500,6.7117,4.8433,6.9949,6.0567
115.2200,7.0470,4.6984,6.8918,6.5949
115.2900,7.2826,4.4514,6.7022,6.8830
115.3600,7.6979,3.7964,6.4852,6.1599
115.4300,8.0673,3.8308,6.0313,5.7420
115.5000,9.1034,4.8543,6.2514,5.4514
115.5700,10.2890,5.9910,6.5749,5.9369
115.6400,10.8148,6.4237,6.4257,6.1582
115.7100,10.7650,6.4554,6.0276,5.9156
115.7800,10.6084,6.3913,5.9192,5.2634
115.8500,9.0650,6.6996,5.9080,5.3083
115.9200,7.2558,7.3208,6.5714,5.2476
115.9900,6.4647,7.4049,7.0893,4.9620
116.0600,6.3218,7.5509,7.0360,5.0102
116.1300,5.7801,7.6472,7.6305,4.8663
116.2000,5.5896,7.3653,7.6975,4.4505
116.2700,5.8930,7.0393,7.5350,4.5617
116.3400,5.9598,6.7312,7.0277,4.3631
116.4100,6.5043,5.5562,7.1090,4.5292
116.4800,6.8955,5.1776,6.4141,4.1648
116.5500,7.0378,4.4576,6.4088,3.9372
116.6200,6.6266,4.4593,6.2884,4.4711
116.6900,5.8663,5.4844,5.8492,3.9193
116.7600,5.4433,6.5653,6.1462,3.1505
116.8300,5.0653,6.4809,6.1375,3.7420
116.9000,4.4402,5.9104,6.7126,4.2165
116.9700,4.7531,5.8623,6.8004,4.4438
117.0400,4.5528,4.9179,6.1902,5.3731
117.1100,4.3848,4.7123,6.5846,5.1651
117.1800,4.8905,4.3073,7.0334,5.7089
117.2500,5.0529,4.5196,6.1790,5.8083
117.3200,4.6452,4.1725,6.0933,6.2019
117.3900,4.1060,4.7018,6.3001,6.4666
117.4600,4.0587,5.2474,6.3908,6.2534
117.5300,3.5742,5.3241,6.3982,6.0691
117.6000,3.3243,5.5627,6.1020,5.4072
117.6700,4.2348,5.2464,5.7345,4.9303
117.7400,4.3066,5.1831,6.3531,4.6986
117.8100,3.3105,5.1075,6.9730,5.2211
117.8800,3.9476,5.1574,7.6442,4.7992
117.9500,4.8859,4.8087,7.3633,4.9559
118.0200,5.0988,3.9663,7.1224,5.0818
118.0900,5.4124,4.0126,7.4579,5.3216
118.1600,6.3023,4.2457,7.6951,5.7790
118.2300,6.5358,4.9512,7.8328,5.6684
118.3000,5.8170,5.4393,7.9578,5.8714
118.3700,5.4862,5.1341,7.5710,5.8650
118.4400,5.8776,5.4082,7.1068,5.5563
118.5100,6.1222,5.4206,6.8788,5.5077
118.5800,5.7517,5.2580,6.7365,5.5284
118.6500,5.0325,4.9085,6.6135,5.6766
118.7200,4.9443,5.2613,6.6384,5.6309
118.7900,4.3991,5.8668,6.3571,5.9989
118.8600,4.0342,6.9172,6.3218,6.1019
118.9300,5.1574,7.1699,6.8625,6.5385
119.0000,4.8441,6.8374,7.2112,6.9810
119.0700,4.3660,7.1621,6.8914,6.9045
119.1400,4.3912,8.2276,7.5123,6.1776
119.2100,4.2405,7.6296,8.3679,6.0249
119.2800,3.9320,7.5069,8.4821,5.5630
119.3500,4.5790,7.2884,7.8932,4.9471
119.4200,5.2441,6.3651,7.0750,4.2665
119.4900,5.2599,5.2934,6.0863,4.3978
119.5600,5.3788,4.3082,5.8277,4.2458
119.6300,5.2287,4.3802,6.1469,4.5629
119.7000,5.4661,4.5467,6.2652,4.3742
119.7700,5.9562,5.0136,6.5526,5.4884
119.8400,6.1574,4.6933,6.7247,6.0472
119.9100,6.2955,5.2441,6.9178,5.9776
119.9800,5.4005,5.9762,7.7233,6.1883
120.0500,5.1687,6.5046,8.8642,6.1537
120.1200,5.2126,6.8905,9.7061,6.3321
120.1900,5.3473,6.6026,10.9235,6.3220
120.2600,4.2545,6.5046,10.0845,5.7969
120.3300,3.7751,6.1202,8.9497,6.0616
120.4000,4.4392,5.2068,8.1103,6.4604
120.4700,5.0548,4.4656,6.6844,6.8192
120.5400,4.8990,4.7677,5.8809,7.2798
120.6100,4.3697,5.5603,5.4164,7.0618
120.6800,4.0555,5.7169,5.3452,7.0884
120.7500,4.7560,5.6965,5.3300,6.8646
120.8200,4.9217,6.1712,5.2223,6.5388
120.8900,5.0406,6.2241,5.0441,6.2910
120.9600,5.2195,6.0104,5.3780,6.1023
121.0300,4.9740,6.3666,5.5356,6.8768
121.1000,5.0709,6.4545,5.8032,6.8683
121.1700,5.3153,6.0518,6.4437,6.4069
121.2400,5.9054,5.5724,6.6738,6.9928
121.3100,6.1170,5.0812,6.0727,7.2540
121.3800,6.0574,4.5064,6.2358,7.3401
121.4500,5.4621,5.1294,6.4071,7.7131
121.5200,5.0832,4.8979,6.2296,8.0135
121.5900,4.8391,6.0226,6.3014,7.9038
121.6600,5.3127,6.4964,6.8782,7.1963
121.7300,5.6661,6.3914,7.4020,6.3908
121.8000,5.7947,6.8878,7.6524,5.3094
121.8700,4.9554,6.7036,7.7958,5.0138
121.9400,4.2072,6.6693,7.7765,5.3300
122.0100,4.5330,6.6401,7.0058,5.2510
122.0800,4.7786,5.6867,5.6647,5.0923
122.1500,5.5047,5.1025,4.5782,5.4661
122.2200,6.2425,5.1207,4.7002,5.6954
122.2900,5.9505,4.8389,4.7386,5.6964
122.3600,5.2272,4.5326,5.2643,5.8665
122.4300,4.5355,4.3393,5.9947,5.9549
122.5000,4.9389,3.6322,5.8651,6.3722
122.5700,4.8919,3.6645,5.5260,5.9700
122.6400,4.9917,3.7824,4.9733,6.2873
122.7100,5.2889,4.6458,5.4285,6.3380
122.7800,5.9967,5.4239,5.9360,5.3400
122.8500,6.6256,6.0288,6.2239,4.6874
122.9200,7.2889,7.0782,6.5246,4.5826
122.9900,7.6350,7.5539,7.2710,4.2310
123.0600,8.1685,7.3072,7.3634,4.1659
123.1300,8.1836,7.4966,7.1475,4.5501
123.2000,8.3065,7.5981,7.3751,4.1974
123.2700,8.4859,6.9232,7.8143,4.2959
123.3400,8.2364,6.3123,7.0458,4.3290
123.4100,8.2129,5.9881,5.7617,4.1653
123.4800,8.4059,5.2875,4.5004,4.4749
123.5500,8.4144,4.9884,4.3665,4.5022
123.6200,8.2053,4.7740,3.8461,3.7309
123.6900,7.6856,4.3877,3.9742,5.0517
123.7600,7.2326,4.2714,3.6229,6.6512
123.8300,7.2788,4.6405,3.4783,7.0185
123.9000,7.1079,5.3379,3.7608,6.7027
123.9700,5.8855,6.0176,4.1837,6.1850
124.0400,5.3460,5.8314,4.2945,5.8207
124.1100,5.4991,5.3919,4.8069,5.7923
124.1800,5.4487,4.7490,5.0504,5.3199
124.2500,5.0377,4.5196,5.0450,4.7881
124.3200,5.1491,3.6887,5.5746,6.1615
124.3900,5.0832,3.1696,6.5177,6.7329
124.4600,4.9538,3.8877,6.8038,6.4878
124.5300,4.3582,4.3403,6.8379,6.3321
124.6000,3.8696,5.0717,6.8761,6.8496
124.6700,4.0762,5.1749,7.5151,6.3689
124.7400,4.2857,5.6460,7.2944,6.2198
124.8100,4.3423,5.5357,7.1425,6.2841
124.8800,4.9599,5.0470,6.8758,5.9942
124.9500,5.3660,5.1805,7.1466,5.2664
125.0200,5.4419,5.6866,7.5556,4.2733
125.0900,5.1375,5.6496,7.9037,4.3100
125.1600,4.8914,5.6791,7.4491,4.7861
125.2300,4.9918,5.4766,6.4001,4.9132
125.3000,5.0516,5.2326,5.9194,4.6733
125.3700,4.5678,5.2151,6.2308,4.4813
125.4400,5.0807,4.8534,6.1609,5.3442
125.5100,4.6777,3.8114,5.5121,5.4879
125.5800,4.3996,3.8872,5.9625,5.9559
125.6500,4.4546,3.6430,5.9652,6.2386
125.7200,5.0444,3.4312,5.3229,6.8646
125.7900,5.5353,3.4485,4.7329,7.3596
125.8600,6.0524,3.7263,4.4988,7.4206
125.9300,5.9760,3.6556,4.8852,7.7998
126.0000,6.1474,4.5414,5.4164,7.8116
126.0700,5.9592,5.5288,6.0303,6.6851
126.1400,5.0371,6.2324,6.4189,6.0341
126.2100,4.6845,6.2118,7.1702,5.9716
126.2800,4.8197,6.2174,7.4247,5.6790
126.3500,5.0548,6.5990,7.6205,5.1952
126.4200,4.7574,7.1042,7.3745,4.9822
126.4900,4.7263,7.5395,6.4179,5.4312
126.5600,4.6115,7.7065,5.6354,5.3243
126.6300,5.1394,7.9096,5.3223,5.0529
126.7000,5.5668,8.4478,5.1129,4.2875
126.7700,5.9063,8.5937,4.8751,4.3694
126.8400,7.0865,8.2257,4.6728,3.9043
126.9100,7.2686,8.2600,4.5732,3.1974
126.9800,7.1101,8.1829,4.8616,3.2243
127.0500,7.0395,7.5365,5.3961,3.5588
127.1200,6.6324,6.0375,5.1739,3.9225
127.1900,6.1198,5.5534,5.2773,4.0343
127.2600,5.1307,5.7279,5.3984,3.5713
127.3300,4.2979,5.9195,4.5871,3.6609
127.4000,4.2910,5.3431,4.3180,3.8407
127.4700,4.6474,4.5361,4.6344,4.3957
127.5400,5.0660,5.1633,5.5424,4.5385
127.6100,5.5197,5.5345,6.3186,3.7737
127.6800,5.5385,5.3352,7.3727,2.8997
127.7500,5.1134,5.5712,8.3117,3.5753
127.8200,4.4253,5.6835,8.2183,2.9513
127.8900,4.2080,5.5148,7.7840,3.4358
127.9600,4.6728,6.1936,6.4756,3.2641
128.0300,5.2804,6.1409,5.8457,3.6482
128.1000,5.7880,5.6641,5.3209,4.4888
128.1700,5.8250,5.5823,4.7407,4.5476
128.2400,5.9707,5.1340,4.6707,4.4850
128.3100,5.7039,5.2375,4.2438,4.4569
128.3800,5.9864,5.5377,3.6556,4.8663
128.4500,6.0556,6.0830,2.8526,4.9653
128.5200,5.6342,6.3991,3.4280,5.0547
128.5900,5.1366,6.6977,3.8262,4.8652
128.6600,5.5796,6.7578,4.8752,4.8652
128.7300,4.8359,6.3097,5.3352,5.0505
128.8000,4.2148,5.4943,5.9301,5.1623
128.8700,4.1110,4.7085,6.7850,5.2219
128.9400,4.9026,4.6756,6.7172,5.0196
129.0100,5.0630,5.0336,7.0900,5.0248
129.0800,5.1028,5.5169,7.2836,4.1796
129.1500,5.6348,5.5751,7.4428,4.5835
129.2200,5.7212,5.4281,7.5517,5.3204
129.2900,6.3079,4.9298,7.5769,5.2444
129.3600,6.7143,4.4941,6.9323,4.2271
129.4300,6.8053,3.9824,5.9892,3.7704
129.5000,5.9620,4.2179,4.9668,3.6372
129.5700,6.1988,3.6039,3.9999,3.7348
129.6400,6.8067,3.9286,3.8888,4.2421
129.7100,7.3985,4.6192,4.3247,4.7073
129.7800,8.1772,5.3362,4.4561,5.8948
129.8500,8.0617,5.2547,4.9770,6.8997
129.9200,6.7605,5.1832,5.3212,7.0923
129.9900,6.1036,5.1713,5.3604,6.5305
130.0600,5.8868,5.7987,5.8173,6.3575
130.1300,5.6062,6.5197,5.8420,6.3905
130.2000,4.8256,5.5315,6.0497,6.2579
130.2700,4.5375,4.5707,5.9351,6.5497
130.3400,4.0091,4.2913,5.9008,7.5643
130.4100,4.3160,4.2022,5.0812,7.8870
130.4800,4.5573,4.0736,4.7137,7.7095
130.5500,4.0546,4.2166,4.6429,7.2714
130.6200,4.0633,3.1900,4.3734,6.4354
130.6900,4.7919,3.6142,4.2692,5.7531
130.7600,5.6155,3.6856,3.8412,5.2958
130.8300,6.0348,4.2859,4.5881,5.3125
130.9000,6.0968,3.9521,4.8557,5.0963
130.9700,6.3530,4.0576,4.2199,4.9621
131.0400,6.5502,4.3301,3.7632,4.8503
131.1100,6.6437,4.4909,3.2930,5.3995
131.1800,7.1314,4.8390,4.0475,6.1711
131.2500,7.1091,4.7361,3.9404,6.2952
131.3200,6.9084,4.7424,4.6353,5.9499
131.3900,6.0966,5.2344,5.4742,6.3537
131.4600,5.6908,5.4115,6.0033,5.7634
131.5300,5.9920,5.7526,5.8702,5.6065
131.6000,6.2900,5.9731,6.3600,5.9916
131.6700,5.8834,6.3721,5.8441,6.3360
131.7400,5.2666,6.6142,5.6190,6.9331
131.8100,5.2485,6.5297,5.8008,7.9956
131.8800,5.7788,5.8490,5.6128,8.6639
131.9500,5.9145,6.0327,5.2392,7.5700
132.0200,5.8943,6.4860,4.6572,6.3732
132.0900,6.1396,6.3840,4.4459,5.2957
132.1600,6.0496,6.4343,4.3551,4.1013
132.2300,5.8646,6.4917,4.3150,4.4988
132.3000,6.1998,5.8940,4.8800,5.1900
132.3700,5.9394,6.1123,5.7740,6.0433
132.4400,5.4567,5.9082,5.7353,6.2690
132.5100,4.6496,5.5436,6.0088,6.1836
132.5800,4.7117,4.9661,6.3803,5.6350
132.6500,5.0962,4.5323,6.7084,5.1006
132.7200,5.3596,4.0438,6.0655,4.1879
132.7900,5.2068,3.7378,5.1265,4.5739
132.8600,5.8066,4.3325,4.6368,4.2676
132.9300,6.5493,4.7196,4.5468,4.3728
133.0000,7.5951,4.7207,4.5607,5.3265
133.0700,8.8288,4.0542,4.9564,6.3209
133.1400,8.9754,3.6156,4.5735,6.7669
133.2100,9.3125,3.5972,4.1802,7.1625
133.2800,9.3170,4.0178,3.8757,7.4547
133.3500,9.2068,3.6496,4.0295,6.7089
133.4200,9.2911,3.7029,4.2328,5.8477
133.4900,9.1237,4.0294,4.1005,5.4524
133.5600,8.6773,4.4542,4.6395,5.2000
133.6300,8.8302,4.5040,4.6180,5.3691
133.7000,8.4569,4.4559,4.0500,4.2272
133.7700,7.4975,4.2444,3.5174,4.0743
133.8400,6.5089,4.1694,3.9883,4.0390
133.9100,6.0402,4.8069,4.1049,3.4688
133.9800,6.3718,4.3144,4.4720,3.4456
134.0500,6.4507,4.0096,4.4292,3.5876
134.1200,6.0863,4.4846,4.2963,5.0874
134.1900,5.8673,5.5134,3.7114,4.4822
134.2600,5.7717,5.3226,3.1418,4.1439
134.3300,5.6547,5.1950,3.4466,3.6840
134.4000,4.2867,4.8578,4.4486,3.8557
134.4700,3.6328,5.0140,5.2988,4.3359
134.5400,4.1272,4.6567,5.2358,5.4177
134.6100,4.7568,4.2116,5.1547,6.1914
134.6800,5.0230,3.8786,5.6883,6.5741
134.7500,5.0185,4.5067,5.9467,5.9878
134.8200,4.9768,4.6586,5.3559,6.0245
134.8900,5.2172,4.6834,4.3378,5.6259
134.9600,5.7228,3.8461,3.9410,5.9720
135.0300,5.5323,3.8926,4.1990,5.9875
135.1000,5.5743,3.5826,4.1664,6.4955
135.1700,5.7278,3.7162,3.9753,7.1163
135.2400,4.8082,4.5167,4.1428,7.1483
135.3100,4.4888,5.2836,4.4755,6.8215
135.3800,4.1800,5.2204,6.1092,6.2162
135.4500,4.0253,5.1269,6.9576,5.7253
135.5200,4.1852,4.6856,7.6165,5.7531
135.5900,3.5957,5.1226,7.5915,5.9350
135.6600,3.6292,5.1766,7.4538,5.7549
135.7300,3.9714,5.0957,7.7918,6.1027
135.8000,3.9805,4.4715,7.3187,6.3149
135.8700,4.2009,4.1316,7.7163,6.5205
135.9400,3.7193,4.2765,7.5731,6.4959
136.0100,4.2039,4.6595,7.3996,6.6513
136.0800,4.5750,4.7938,7.4085,7.3195
136.1500,4.5868,4.5881,6.9498,7.0199
136.2200,4.4829,4.2307,5.7048,6.4088
136.2900,4.0997,5.0296,5.4598,5.7260
136.3600,4.3141,5.2287,5.0866,5.5896
136.4300,4.7791,5.8389,4.9193,5.5257
136.5000,5.2350,6.1818,4.2664,5.3268
136.5700,5.2857,6.0103,4.2849,5.5008
136.6400,5.1667,6.2352,4.4264,6.5041
136.7100,4.8634,6.0093,4.2191,6.9789
136.7800,4.8313,5.0604,4.9194,6.8760
136.8500,5.7346,4.2279,5.3520,6.5345
136.9200,6.5823,4.7765,5.7909,5.8884
136.9900,6.5029,4.7210,6.1524,5.9580
137.0600,5.5205,4.1382,6.2379,5.4065
137.1300,4.9080,3.9104,6.4069,4.8437
137.2000,5.1356,3.8681,5.8671,4.6360
137.2700,5.3342,4.6582,5.9681,4.3954
137.3400,5.8987,4.4245,5.7289,4.1468
137.4100,6.2639,3.7296,5.5680,4.3555
137.4800,6.1630,4.2126,5.1624,4.7390
137.5500,6.4632,5.1007,5.5939,3.9958
137.6200,6.2961,5.6456,6.3328,4.0636
137.6900,6.2266,5.4148,6.2323,4.5527
137.7600,6.9871,4.3382,6.0264,4.7740
137.8300,7.2384,3.7176,6.3719,5.4788
137.9000,7.2537,4.2439,5.7113,5.9306
137.9700,7.1624,4.7868,5.5653,5.4941
138.0400,7.7047,4.6166,5.1466,5.9471
138.1100,7.9059,4.5428,5.0441,5.8666
138.1800,7.4297,4.1789,4.9060,5.5617
138.2500,7.2979,3.7811,5.2766,5.1371
138.3200,6.5482,3.5688,5.9455,5.0943
138.3900,6.1375,3.3865,5.6157,4.8448
138.4600,5.7536,4.1572,5.3389,5.4240
138.5300,5.5038,5.2932,5.0064,5.4484
138.6000,5.4977,6.2194,5.3771,4.6074
138.6700,5.6106,6.2151,6.0823,3.9493
138.7400,6.4996,5.9321,6.7189,3.8835
138.8100,6.3359,5.0848,7.2803,4.6195
138.8800,6.4759,4.8676,7.4513,5.7377
138.9500,6.5032,4.2684,7.6767,5.8807
139.0200,5.6664,3.9930,6.9553,5.2239
139.0900,5.2166,3.9556,6.1119,5.0266
139.1600,4.7772,3.4427,6.0475,5.3385
139.2300,5.1769,3.9585,5.9454,5.2841
139.3000,5.2701,4.0844,6.2056,5.3754
139.3700,5.3778,3.9037,5.8943,5.5135
139.4400,5.8783,4.0896,5.2968,5.7074
139.5100,6.6037,4.5284,4.8935,5.5014
139.5800,6.9187,4.5047,4.9349,5.9154
139.6500,6.4828,4.0006,5.1940,6.0681
139.7200,5.6420,4.4353,5.3151,5.7783
139.7900,5.5070,4.0740,5.3437,5.2274
139.8600,5.1700,3.8653,5.6802,5.4293
139.9300,5.4956,3.7580,6.0824,5.2996
140.0000,5.6617,3.7639,6.0191,5.2326
140.0700,6.1610,3.9675,5.1148,4.8022
140.1400,6.1776,4.3268,4.2914,5.0557
140.2100,6.1407,4.4716,3.9147,5.6398
140.2800,6.4977,4.6452,4.3902,5.9057
140.3500,6.9181,3.8219,5.0057,6.3763
140.4200,6.6867,3.7505,4.9322,7.4587
140.4900,6.2520,3.8552,5.5306,7.9946
140.5600,5.9514,4.0129,6.2849,7.4444
140.6300,5.7462,4.4859,6.8658,7.4697
140.7000,5.6986,4.9201,7.5915,6.8400
140.7700,6.1058,5.0159,7.6317,6.2701
140.8400,6.3218,4.2893,7.5684,4.8651
140.9100,6.8641,3.9608,7.1413,4.1518
140.9800,6.6804,4.1941,5.9835,4.9441
141.0500,6.8402,4.1724,5.3504,5.4016
141.1200,6.0274,4.5513,5.6619,5.9521
141.1900,5.1828,4.5580,5.5241,6.2234
141.2600,5.1604,4.8789,5.3064,6.2765
141.3300,5.4665,4.8363,4.5082,5.6949
141.4000,5.6313,4.8680,3.8956,4.9323
141.4700,5.3081,5.5738,3.4898,4.0594
141.5400,5.5005,5.9651,3.4762,3.9846
141.6100,5.8734,5.9167,4.4802,4.6293
141.6800,5.7072,6.3747,4.5854,4.7260
141.7500,4.4049,6.5970,5.6029,4.7697
141.8200,4.6593,6.9236,5.5790,5.0225
141.8900,3.9290,7.0091,5.3403,3.9760
141.9600,4.2268,7.6947,4.5281,3.9362
142.0300,4.9536,7.0219,4.4682,3.9224
142.1000,5.0720,6.0559,4.2995,3.5346
142.1700,5.3248,5.4253,3.6393,3.8490
142.2400,5.7121,5.3283,4.1488,3.8565
142.3100,6.4064,5.7030,4.9075,4.2761
142.3800,6.5784,5.5397,5.3080,4.6808
142.4500,6.2727,6.4076,5.2433,4.9575
142.5200,6.4053,7.0451,5.4108,5.0797
142.5900,6.5742,7.1815,5.6076,4.8834
142.6600,7.3051,6.7952,5.0741,5.1861
142.7300,7.2798,6.0211,4.6499,5.0276
142.8000,6.9822,5.8862,5.0108,4.9381
142.8700,7.2200,6.1376,4.6849,5.1512
142.9400,8.0618,5.7223,5.3855,5.3791
143.0100,8.4549,5.9512,6.0104,5.6196
143.0800,8.0168,4.9501,5.9577,6.1008
143.1500,8.1774,4.4418,5.7529,5.7459
143.2200,8.3691,4.5708,5.2269,5.5271
143.2900,8.6856,4.2732,5.4436,5.4097
143.3600,8.5134,3.7567,5.4823,5.6693
143.4300,8.4440,4.0291,5.5439,6.8135
143.5000,7.8546,4.0589,5.2831,7.2174
143.5700,7.2608,4.2874,6.1290,7.3767
143.6400,6.4580,4.8132,6.0586,6.3950
143.7100,5.8569,4.5853,5.9223,5.3252
143.7800,4.8744,4.9879,5.4604,5.1668
143.8500,4.4371,5.3718,5.1627,4.7235
143.9200,5.0274,5.3390,4.4691,4.1393
143.9900,4.5653,5.1471,3.9493,4.1802
144.0600,4.4352,5.8013,4.4027,4.9000
144.1300,4.0820,6.3060,4.8058,5.6192
144.2000,3.8716,6.9168,5.4874,6.2971
144.2700,4.0650,6.7857,5.3949,5.6411
144.3400,3.9145,6.3083,5.5817,4.9723
144.4100,3.9637,6.4424,5.1639,5.2623
144.4800,4.7177,6.7059,6.2705,5.3378
144.5500,5.3161,7.3194,7.7533,5.1262
144.6200,5.5563,7.6279,8.3731,4.9400
144.6900,5.2187,7.0655,7.7986,4.8749
144.7600,5.3520,6.4855,7.8735,4.8102
144.8300,5.6956,6.2466,8.1448,4.9344
144.9000,6.5302,6.6720,8.2942,4.3141
144.9700,7.1370,6.4279,7.9389,4.0021
145.0400,7.3919,6.4737,8.2232,3.6647
145.1100,7.8383,6.2391,8.4070,3.7259
145.1800,8.3582,6.1528,8.0641,4.1303
145.2500,8.0970,5.4861,8.2102,5.1312
145.3200,7.6776,4.6115,8.5404,5.7083
145.3900,7.6462,4.5970,8.6428,5.5339
145.4600,7.2375,4.7632,8.6639,5.0631
145.5300,6.9540,4.3757,9.0050,4.7006
145.6000,6.0568,4.6193,8.9344,4.7954
145.6700,6.5291,4.5622,8.5710,4.6728
145.7400,6.0929,5.0493,7.4730,4.5274
145.8100,6.6667,5.4819,6.4043,4.7628
145.8800,6.1908,5.2614,6.4059,4.4500
145.9500,6.1117,5.4312,6.6085,4.4627
146.0200,6.4612,5.3491,7.0612,5.2611
146.0900,6.5993,4.7929,7.0180,5.6120
146.1600,6.7833,5.3171,6.7558,5.6513
146.2300,7.4420,5.4852,5.6665,6.1136
146.3000,7.2263,6.0294,4.5631,6.7916
146.3700,6.1887,6.0191,4.3226,7.1354
146.4400,5.3523,6.2090,4.9437,7.3442
146.5100,5.6862,7.1900,5.8077,7.1958
146.5800,7.0984,7.2910,6.3707,6.2529
146.6500,6.8555,7.7538,6.5174,5.8198
146.7200,6.6892,8.4692,6.2017,5.6564
146.7900,6.7625,8.7921,6.2144,5.7164
146.8600,7.2456,8.4623,6.1822,5.8004
146.9300,7.0406,7.5475,6.2730,6.0191
147.0000,6.8987,6.2318,5.6952,6.2337
147.0700,7.1659,5.5517,5.1929,6.5991
147.1400,6.5224,4.3199,4.7844,6.0402
147.2100,5.8377,3.6572,4.3855,5.5689
147.2800,5.4133,3.5962,4.3796,5.4414
147.3500,5.5046,3.9378,4.7706,5.4625
147.4200,5.4941,3.9052,4.6326,5.2691
147.4900,5.3859,3.7866,4.9637,6.1749
147.5600,5.0429,4.1020,4.8264,6.6684
147.6300,4.9063,4.2577,5.3009,7.3321
147.7000,4.9515,4.3657,5.3106,6.9567
147.7700,4.9118,4.7372,4.8563,6.7254
147.8400,4.6003,5.4679,4.5779,7.1357
147.9100,3.7867,6.3249,4.4190,6.3093
147.9800,4.0300,6.6872,4.4015,5.7439
148.0500,4.8804,6.3677,4.5559,6.0662
148.1200,5.7115,6.4440,4.2005,5.9927
148.1900,5.6786,5.6952,4.2292,5.5053
148.2600,5.6384,4.8791,4.3001,5.0433
148.3300,5.5728,4.1115,3.7598,5.1584
148.4000,5.2784,4.0791,3.9765,5.1826
148.4700,5.4345,3.6599,4.5929,4.6492
148.5400,5.1002,3.6743,4.5464,4.5332
148.6100,5.2266,4.0664,4.8080,5.0250
148.6800,4.6433,4.4201,5.7334,5.0878
148.7500,4.2595,5.1025,6.0440,4.9387
148.8200,4.2231,5.5605,6.1142,4.6368
148.8900,4.0436,5.9161,6.2656,3.9973
148.9600,4.2703,6.5330,6.0359,4.5672
149.0300,4.5861,6.2552,5.6697,5.4791
149.1000,4.4758,5.9641,5.7110,6.5082
149.1700,5.2619,6.5025,5.9370,6.4707
149.2400,5.3894,6.3500,5.8038,6.2086
149.3100,5.6185,6.5634,5.3805,6.0674
149.3800,5.2374,6.0893,3.8600,5.2860
149.4500,4.7257,5.2096,3.7734,4.6619
149.5200,4.6411,4.4834,4.2562,4.8475
149.5900,4.9253,4.3404,4.6948,5.3927
149.6600,4.6181,4.4495,4.5494,6.1843
149.7300,5.1021,4.3886,4.9054,6.7592
149.8000,5.6572,4.6676,5.3035,6.9582
149.8700,6.0435,4.0774,4.6435,6.6995
149.9400,6.2630,4.1802,4.1198,6.5459
150.0100,6.1549,4.2781,3.8593,7.2404
150.0800,5.6259,4.1290,4.2268,7.3898
150.1500,5.0278,4.1178,5.2803,7.6416
150.2200,4.3116,5.0038,4.6340,7.5891
150.2900,3.5266,4.6368,4.5922,7.1914
150.3600,3.2451,4.0056,4.8743,6.7756
150.4300,3.8025,3.1895,5.4251,6.4311
150.5000,4.0131,3.5036,4.7606,6.8826
150.5700,4.2089,4.3705,5.2544,7.1140
150.6400,4.4590,5.6067,5.5436,7.1873
150.7100,4.2305,5.3177,5.3543,6.1487
150.7800,3.8248,5.0363,4.7389,5.7592
150.8500,4.1515,5.3070,4.4823,5.4561
150.9200,4.1486,4.9749,5.1421,4.7080
150.9900,4.5916,4.9861,5.3752,5.2219
151.0600,5.1173,5.1500,5.1381,6.0114
151.1300,5.6017,5.7174,5.5100,6.2062
151.2000,6.1654,5.2814,5.5006,6.0499
151.2700,6.9336,4.5499,4.9613,5.2986
151.3400,7.4328,4.8698,4.5632,4.7918
151.4100,7.8832,4.5996,4.7394,5.0376
151.4800,7.8905,4.1098,4.2085,4.5992
151.5500,7.6667,3.7566,3.7523,4.9051
151.6200,6.4961,4.5615,4.4711,4.5546
151.6900,5.0111,5.4959,4.1755,3.7417
151.7600,4.4915,5.8160,3.8151,3.7236
151.8300,3.8404,5.5890,3.8079,3.7332
151.9000,4.1993,5.2766,3.7720,3.4970
151.9700,4.6575,5.4888,4.2063,3.0238
152.0400,4.5603,5.4998,4.1783,3.5453
152.1100,4.6437,6.4890,4.2329,3.8629
152.1800,4.5149,6.6792,3.8972,4.4955
152.2500,4.1868,6.5404,4.1685,4.6275
152.3200,3.4643,6.8483,3.8679,4.4572
152.3900,3.6198,6.9853,3.9458,4.2275
152.4600,3.5321,7.2225,4.2931,3.8221
152.5300,4.1223,7.4218,5.0945,3.8798
152.6000,4.1636,7.4326,6.3830,4.1371
152.6700,4.3262,8.3611,6.2003,4.3336
152.7400,4.8780,9.0170,5.6700,4.0713
152.8100,5.6241,7.9864,4.9148,4.4809
152.8800,5.4009,7.1384,4.7632,4.8358
152.9500,4.7422,7.3353,5.3129,4.6466
153.0200,4.3652,8.0793,4.9547,3.4302
153.0900,4.1097,8.0998,4.0542,3.4431
153.1600,4.0085,7.4950,3.3299,3.4461
153.2300,3.7219,6.5527,3.4597,3.8001
153.3000,3.8871,5.1957,3.8105,4.4945
153.3700,4.0332,4.6377,4.2590,5.0445
153.4400,4.3399,4.0358,4.5390,5.3127
153.5100,4.8493,4.4634,5.4374,5.3461
153.5800,5.0330,4.6223,5.7352,5.1315
153.6500,4.7171,4.6168,4.7734,5.2553
153.7200,4.6265,4.4141,3.8413,5.5040
153.7900,4.5068,4.2408,4.5331,5.6606
153.8600,4.1553,4.1000,4.2726,5.7334
153.9300,3.5336,3.7958,4.4054,6.1326
154.0000,3.5957,4.5085,4.0343,6.1590
154.0700,4.2533,4.4144,3.9239,6.2963
154.1400,5.1932,5.1512,4.1891,5.8372
154.2100,5.2491,5.3411,4.8085,5.5560
154.2800,5.6223,5.5958,4.6798,5.4229
154.3500,5.7273,5.7105,5.8311,5.0401
154.4200,5.7589,5.5951,6.5090,5.4280
154.4900,6.0038,6.0293,6.9890,5.7975
154.5600,7.0111,6.3169,7.4690,6.1251
154.6300,7.1034,6.1176,6.9528,6.1084
154.7000,7.3078,5.5303,6.5316,6.0749
154.7700,7.1162,4.6614,6.2056,5.8921
154.8400,6.3002,3.8658,5.6186,5.7703
154.9100,6.3377,3.5042,6.2043,5.8685
154.9800,6.5178,4.2096,6.7073,5.7045
155.0500,6.3464,5.1885,6.4898,5.9931
155.1200,5.5377,5.0619,6.2725,6.3393
155.1900,5.5592,4.7374,6.5749,6.9803
155.2600,5.2000,4.8552,6.4585,6.1008
155.3300,5.1137,3.6587,7.0922,5.8587
155.4000,5.1219,3.2992,6.9572,5.8634
155.4700,5.5400,3.5989,5.8710,5.2720
155.5400,5.1028,4.1030,5.0705,4.6883
155.6100,5.0319,4.8332,5.5407,5.2106
155.6800,4.9611,5.1885,6.2846,5.3814
155.7500,4.8584,6.3282,6.2356,5.6033
155.8200,5.5407,6.8938,5.3255,5.9448
155.8900,6.4360,6.5543,5.2346,6.2679
155.9600,6.6006,6.4778,4.9856,5.5477
156.0300,5.8782,5.9574,4.6118,5.6676
156.1000,4.5266,4.9648,4.1658,6.1218
156.1700,4.3518,4.4577,4.0134,6.2153
156.2400,4.7830,4.1353,3.8551,5.8826
156.3100,5.3042,3.8967,3.7479,5.0222
156.3800,5.2889,3.7750,3.5301,5.1556
156.4500,4.1892,4.0689,4.3487,5.2550
156.5200,3.9192,4.5164,4.8292,5.8532
156.5900,4.2577,4.2970,4.8716,6.2840
156.6600,3.9432,4.5501,4.6625,6.3964
156.7300,3.5866,4.5177,4.8233,5.8791
156.8000,3.8647,5.0368,5.7035,6.5608
156.8700,3.7879,5.2767,6.0961,5.9209
156.9400,4.1394,5.1195,6.8282,5.8372
157.0100,4.6841,5.6155,7.5756,5.9046
157.0800,5.2573,6.1076,8.0039,5.5780
157.1500,5.4686,7.4819,8.3660,5.3945
157.2200,6.5719,8.1236,8.2628,5.9152
157.2900,6.5030,7.9401,7.3449,5.9925
157.3600,6.0523,7.2063,6.7122,6.0395
157.4300,5.1968,5.9935,6.4643,6.1716
157.5000,4.7647,5.5479,6.2627,6.3654
157.5700,5.0592,5.4975,6.2246,6.6794
157.6400,5.9999,5.8754,5.9780,6.7373
157.7100,5.8477,6.2681,5.4021,6.7486
157.7800,5.0394,6.1222,5.3856,6.6452
157.8500,4.7065,6.3988,5.6952,5.5345
157.9200,3.9903,6.7680,5.2006,5.1994
157.9900,4.6238,6.7928,4.2926,4.7137
158.0600,4.5082,7.0609,4.5690,4.1327
158.1300,4.8765,6.8613,5.2643,4.3823
158.2000,4.1878,6.2144,5.3784,5.2132
158.2700,4.0003,5.2346,5.2471,5.2357
158.3400,3.7193,4.9848,5.8235,5.1720
158.4100,4.2704,4.2878,5.2724,5.2100
158.4800,4.0277,4.5070,5.1665,5.7953
158.5500,4.0316,5.3436,4.5102,6.1077
158.6200,4.4048,6.1842,4.7728,5.9018
158.6900,4.2173,6.5241,4.1748,6.3051
158.7600,4.9067,6.1143,4.0909,6.2743
158.8300,5.2962,5.8472,5.0667,6.4887
158.9000,5.7507,5.5484,5.2238,6.9460
158.9700,5.9547,6.2584,5.2105,6.8697
159.0400,5.5146,6.6842,4.8444,6.0018
159.1100,4.8236,7.1927,4.9683,5.6636
159.1800,4.9295,7.6516,5.4357,5.7538
159.2500,4.8766,8.2618,4.8669,5.6497
159.3200,4.9869,8.4399,5.4128,5.3342
159.3900,4.7800,8.2728,6.1642,5.8216
159.4600,4.7800,7.4922,6.4829,5.8572
159.5300,4.1473,6.8984,6.8967,5.6824
159.6000,4.1034,6.6396,7.1203,4.9608
159.6700,4.6947,6.4983,8.3453,5.9745
159.7400,5.8184,6.0252,8.6756,6.4401
159.8100,7.0761,4.9586,8.3686,6.2581
159.8800,7.7671,4.7296,7.8890,5.9353
159.9500,7.2272,5.6802,8.3184,5.3212
160.0200,6.8812,6.2514,8.5177,4.9855
160.0900,6.9848,7.1435,7.8735,5.6796
160.1600,7.6991,7.6990,7.1098,5.9812
160.2300,8.4075,7.2678,6.0409,6.4774
160.3000,8.4380,6.7037,5.3990,6.4357
160.3700,7.8026,6.9774,6.1006,5.4022
160.4400,7.0845,7.1553,6.8687,4.5452
160.5100,5.4844,6.8150,7.1510,3.8796
160.5800,4.6947,6.2911,7.1066,3.9912
160.6500,3.8541,5.8736,7.5358,4.3412
160.7200,3.2330,5.4335,7.1899,4.6246
160.7900,3.4594,5.7501,7.2073,5.0750
160.8600,3.9281,6.0313,7.0129,5.0515
160.9300,4.2751,5.7379,5.9936,4.9041
161.0000,4.9764,5.5676,4.8513,4.9666
161.0700,5.5805,5.9614,4.9458,4.9397
161.1400,5.5914,5.4285,5.4445,4.9445
161.2100,6.0204,5.8688,5.5940,4.8384
161.2800,6.2736,5.9112,5.9786,4.7075
161.3500,6.0916,5.4505,6.2753,4.6103
161.4200,6.2568,4.6955,5.9130,4.7263
161.4900,6.5459,5.1200,6.0676,4.8897
161.5600,6.7953,5.2834,5.8477,5.5238
161.6300,6.4948,4.9642,5.4971,5.9391
161.7000,6.8205,4.2893,5.9653,5.8098
161.7700,7.4970,3.6804,6.2347,5.4129
161.8400,7.5294,3.3752,5.7356,5.1191
161.9100,7.6348,3.3743,6.3957,5.0094
161.9800,7.0714,3.5930,5.9285,4.8632
162.0500,6.6357,3.9300,5.3081,4.8198
162.1200,6.3710,4.7486,6.2969,4.7103
162.1900,6.3641,6.2418,6.9455,4.4399
162.2600,5.9259,6.4917,7.4161,4.4172
162.3300,6.7466,7.0420,8.0785,4.6889
162.4000,6.5919,7.5539,8.4822,4.7399
162.4700,6.3507,6.7715,7.9519,4.8065
162.5400,6.8505,6.0401,6.8788,5.3758
162.6100,7.3838,6.0231,6.0276,6.5090
162.6800,7.9442,5.2993,5.4625,7.2442
162.7500,7.6092,5.0691,5.0242,6.9413
162.8200,6.9213,5.3814,5.3302,7.3280
162.8900,6.2205,4.8108,5.1209,7.2591
162.9600,4.6460,4.3309,4.2177,7.5569
163.0300,4.2791,5.0018,3.3485,7.6018
163.1000,4.5119,5.8045,3.5593,7.8214
163.1700,5.8340,6.5196,3.8326,7.3812
163.2400,5.7237,7.2176,4.3554,6.2636
163.3100,5.9478,6.7550,4.7287,6.4683
163.3800,5.8227,6.1192,4.9256,7.2411
163.4500,6.0106,5.8330,5.1090,7.2340
163.5200,6.0608,5.8496,4.8675,6.6171
163.5900,6.1048,5.4295,4.2110,6.2668
163.6600,5.6685,4.9639,4.0741,6.2038
163.7300,6.3680,4.8285,4.4689,5.3486
163.8000,6.2944,4.6953,5.5037,4.7419
163.8700,6.3876,4.4822,5.9194,4.4871
163.9400,6.6706,4.6042,6.1853,5.0612
164.0100,6.5756,4.9452,6.6988,5.6001
164.0800,6.5555,5.7317,7.1566,5.8989
164.1500,5.9844,6.1346,7.2542,5.9036
164.2200,5.4697,6.2835,5.5637,4.9547
164.2900,5.1526,6.3039,4.8252,4.4931
164.3600,5.6074,6.6680,4.5479,4.7602
164.4300,6.2401,6.6298,5.0430,5.4179
164.5000,5.8288,5.8414,5.1912,4.9674
164.5700,5.4142,5.5549,5.5013,4.8215
164.6400,4.8929,5.1032,5.5649,4.2454
164.7100,5.0075,4.8770,5.2045,3.8950
164.7800,5.1606,4.9425,5.0520,4.1406
164.8500,5.0850,4.9331,4.7998,3.7139
164.9200,5.4182,4.6339,4.4963,3.6213
164.9900,5.7135,4.0842,4.6475,4.6299
165.0600,6.0794,4.6274,4.4765,4.5012
165.1300,6.2320,4.8931,4.2303,4.4244
165.2000,6.2732,5.0909,4.1505,4.5732
165.2700,6.1948,5.6476,4.1735,4.2016
165.3400,4.9506,5.6658,4.7250,4.4099
165.4100,4.3266,4.9760,5.2443,5.0662
165.4800,4.3476,4.1962,5.2303,4.7404
165.5500,4.1636,3.9072,4.6954,4.9612
165.6200,4.7828,3.2038,4.6095,4.0239
165.6900,4.6447,3.8051,4.6372,3.8362
165.7600,4.4041,4.4594,5.0730,3.3467
165.8300,3.9670,4.7898,5.9852,3.5945
165.9000,3.5376,4.4310,6.1625,3.9206
165.9700,4.2337,4.6890,5.9523,3.8520
166.0400,4.1942,4.5729,4.9452,4.4561
166.1100,3.8599,4.7474,4.5082,5.2049
166.1800,4.1432,4.5731,4.8008,5.1574
166.2500,4.0915,4.7551,4.4732,5.0857
166.3200,3.9563,5.3347,4.2137,5.1564
166.3900,4.8680,5.5521,4.4713,4.1840
166.4600,5.4014,5.6615,5.2488,4.1256
166.5300,5.4638,5.8159,5.0593,3.8361
166.6000,4.9103,5.3940,5.0284,4.2271
166.6700,4.8479,5.0026,4.6729,4.6573
166.7400,4.0824,4.9693,4.8513,4.8320
166.8100,4.4220,5.1258,4.7240,4.4134
166.8800,4.5075,4.9994,4.4768,4.4289
166.9500,4.1964,5.5041,3.8476,4.2339
167.0200,4.0613,6.2107,4.4041,3.3966
167.0900,3.9040,5.9322,4.2676,3.6168
167.1600,4.1912,5.5197,4.9173,4.4926
167.2300,3.8353,5.1366,5.2716,4.4645
167.3000,3.3671,4.6456,5.5893,4.7258
167.3700,4.0549,4.0671,5.9937,5.1106
167.4400,4.8115,3.7491,6.0318,5.9593
167.5100,5.3039,4.3861,6.3688,6.0831
167.5800,5.4418,4.2559,6.3235,5.9681
167.6500,5.5970,3.8920,5.2423,6.7120
167.7200,5.7645,3.8086,4.9435,7.2607
167.7900,6.7264,4.2338,4.3880,7.2060
167.8600,6.0426,4.2245,4.4497,7.1942
167.9300,5.0481,4.5252,4.6460,7.0856
168.0000,4.9604,4.1663,4.0448,6.1155
168.0700,4.4607,4.4745,4.1061,5.0212
168.1400,4.3169,4.7715,3.9766,5.6097
168.2100,4.1756,4.6418,3.2093,6.9517
168.2800,3.6246,4.4086,3.4826,7.8698
168.3500,3.5571,4.7005,4.0065,7.7042
168.4200,3.3147,4.7079,4.1582,6.6298
168.4900,3.8773,4.5004,4.7322,5.3112
168.5600,3.9650,3.9951,5.2437,4.5770
168.6300,3.3884,3.8278,5.6816,4.6390
168.7000,4.0886,4.0974,5.8723,5.4196
168.7700,4.7460,4.0806,5.7276,5.4073
168.8400,5.2178,4.5034,5.2576,5.7478
168.9100,4.5152,4.3032,5.7585,6.4258
168.9800,4.9751,4.1835,5.5647,6.0734
169.0500,4.8880,4.6149,5.9811,6.1322
169.1200,4.8500,4.7486,7.0146,5.5140
169.1900,4.8706,5.0456,7.5645,4.7753
169.2600,3.8123,5.3313,7.9565,4.5135
169.3300,4.0325,5.5489,8.2187,5.9946
169.4000,3.8547,6.5939,7.9315,6.6044
169.4700,3.6515,7.2933,6.7801,7.2448
169.5400,4.1358,7.3224,5.5477,6.8909
169.6100,4.9101,5.9946,5.2124,6.1766
169.6800,5.2085,4.8177,4.5926,5.6587
169.7500,5.0197,4.3312,4.3450,5.4942
169.8200,5.1950,4.2770,4.0630,5.0382
169.8900,5.2988,4.7575,3.9699,5.5433
169.9600,5.7614,4.9564,3.8556,5.2632
170.0300,5.4877,4.9156,4.4953,4.9084
170.1000,5.6199,4.5933,4.8315,5.4965
170.1700,4.8952,4.5356,4.4559,5.8557
170.2400,4.9659,5.2477,4.8242,5.6418
170.3100,4.6623,5.6429,5.4652,5.2726
170.3800,4.6835,5.3718,5.5732,5.0309
170.4500,5.8787,4.7760,5.2638,3.9942
170.5200,6.5236,4.4406,5.2055,4.2575
170.5900,7.0087,4.7814,4.5920,4.4166
170.6600,6.6958,4.2508,4.4800,4.3366
170.7300,6.4829,4.6788,4.7502,4.7032
170.8000,6.3232,5.4819,4.6796,5.0492
170.8700,5.8706,5.9698,4.1453,6.3839
170.9400,5.7504,5.6267,4.2002,6.3549
171.0100,5.8448,5.7939,5.0632,6.7736
171.0800,5.3665,6.5348,5.6956,6.8884
171.1500,4.8416,6.5313,6.1992,6.5587
171.2200,5.0558,6.2875,6.5787,6.4628
171.2900,5.6980,6.5726,6.4977,6.3886
171.3600,5.9775,6.2523,6.2013,5.9507
171.4300,5.1448,5.8841,5.3947,5.0434
171.5000,4.6185,5.8108,4.2438,4.7674
171.5700,5.3548,5.9799,3.9156,5.0235
171.6400,5.4202,6.4218,4.4444,4.8990
171.7100,5.0945,5.5223,4.8232,4.9608
171.7800,5.4521,4.3682,4.7867,5.2349
171.8500,6.0883,3.7931,5.2665,5.0550
171.9200,6.8841,3.7893,6.0885,5.1565
171.9900,6.7815,3.8531,6.9464,5.1260
172.0600,5.2910,3.7691,6.9341,4.5168
172.1300,4.9089,3.4687,6.3671,4.3856
172.2000,4.9960,3.6721,6.0142,4.6669
172.2700,4.6947,4.3757,6.4952,4.5910
172.3400,4.7491,4.9815,6.2964,5.3724
172.4100,4.4371,5.5313,5.9148,5.8629
172.4800,4.4078,5.7079,6.2730,5.4499
172.5500,3.7639,5.7151,7.0380,4.5384
172.6200,3.3269,5.4709,6.9172,4.5182
172.6900,3.1384,5.1265,7.2725,5.0945
172.7600,2.9998,5.2738,7.1166,5.4791
172.8300,3.3103,5.1418,7.3419,5.2693
172.9000,3.5379,5.0964,7.3836,4.6572
172.9700,3.8401,5.3943,6.5771,4.6920
173.0400,4.2841,5.7062,6.0369,4.1798
173.1100,4.7157,5.6305,5.6987,4.0553
173.1800,4.5175,5.0051,5.7971,4.1639
173.2500,3.9250,5.4702,6.1369,3.8789
173.3200,3.9205,5.6977,5.8626,5.2392
173.3900,5.1454,5.9385,5.2478,5.6062
173.4600,5.8396,6.0400,5.4619,5.3165
173.5300,5.5891,5.8155,4.5040,5.0791
173.6000,5.5346,6.0142,4.3302,4.2563
173.6700,5.6103,6.3378,4.6136,4.4447
173.7400,6.7035,6.6243,4.5844,4.3060
173.8100,7.6702,6.3697,4.8423,4.0655
173.8800,8.2479,6.0711,4.9010,4.7149
173.9500,8.2583,5.8427,5.3660,5.1796
174.0200,7.5157,5.2616,6.5216,5.9556
174.0900,7.3105,4.4178,7.3160,5.8727
174.1600,7.2501,4.0888,7.3912,5.6054
174.2300,7.5179,3.9922,7.9102,5.7380
174.3000,7.9202,4.3557,7.7892,6.1671
174.3700,7.5926,4.1825,7.3746,5.8599
174.4400,7.1388,4.4660,7.1930,5.4619
174.5100,7.1019,4.6704,7.5552,5.6360
174.5800,6.2482,5.6840,7.5670,6.0214
174.6500,6.0905,6.0121,7.6838,7.4426
174.7200,6.1428,5.2223,8.1619,6.9140
174.7900,6.5505,4.5754,7.9080,5.8101
174.8600,6.7409,5.0473,6.8776,5.4790
174.9300,7.4124,5.8770,5.8362,5.9506
175.0000,7.7392,5.7791,5.6395,5.5284
175.0700,7.5139,5.2216,5.5830,4.6944
175.1400,7.4382,5.0171,5.1156,4.4039
175.2100,7.6042,4.8667,5.6899,4.7207
175.2800,7.7327,4.7237,6.0184,4.4507
175.3500,7.3752,4.9887,6.6592,4.4082
175.4200,7.5341,5.4163,6.1741,5.0066
175.4900,7.1299,5.6587,5.0724,5.1246
175.5600,6.9070,5.4842,4.4703,5.5238
175.6300,5.8670,5.4456,4.3120,6.3867
175.7000,5.7077,5.8116,4.0752,5.9107
175.7700,5.6604,6.0678,4.4544,4.9788
175.8400,5.8744,6.3592,4.8054,4.8680
175.9100,5.9685,6.1266,4.7354,4.1912
175.9800,6.2125,5.5010,4.7806,4.0398
176.0500,6.2879,4.8667,4.0651,4.2349
176.1200,6.0866,4.0068,5.4036,4.6214
176.1900,5.7022,3.8659,5.4532,4.6628
176.2600,5.7309,4.4157,4.8622,4.8470
176.3300,6.1333,4.3624,4.6702,5.6251
176.4000,6.6023,4.1730,5.5867,5.9256
176.4700,6.2656,3.7212,5.4032,5.9512
176.5400,6.7329,3.8317,5.4838,5.5425
176.6100,6.5364,4.3326,5.5809,4.8723
176.6800,5.5958,5.1166,5.3246,4.6800
176.7500,5.1396,6.0645,5.2866,5.0115
176.8200,5.1202,6.7243,5.4515,5.4944
176.8900,5.2851,6.9351,5.8235,5.9753
176.9600,5.3947,7.0009,6.0611,5.5042
177.0300,5.4210,6.4468,5.6803,5.4312
177.1000,6.0457,6.0850,4.9043,5.1808
177.1700,6.6629,6.3883,4.4661,5.0783
177.2400,7.1747,6.4304,4.8166,4.9869
177.3100,6.4482,6.4543,5.3638,5.1079
177.3800,6.0326,6.1313,5.9349,5.7753
177.4500,5.7458,5.9007,5.8825,5.7593
177.5200,5.8000,5.8281,6.4608,6.2511
177.5900,5.8224,6.1190,6.4444,6.8061
177.6600,5.7880,6.3153,6.6132,7.4001
177.7300,5.5387,6.5603,6.1540,6.7682
177.8000,5.9444,6.5176,5.2227,6.6246
177.8700,6.2220,6.3556,4.9485,6.6256
177.9400,5.6869,6.1374,5.1837,7.0155
178.0100,5.0517,6.6190,5.5215,7.5205
178.0800,4.6916,6.5851,5.8742,7.0493
178.1500,3.7110,7.3689,5.6942,6.2700
178.2200,3.8732,8.5363,5.4422,5.6177
178.2900,4.2408,8.3648,4.8125,4.7665
178.3600,4.4484,8.2457,4.1378,4.0860
178.4300,4.9342,8.6075,3.9855,3.8893
178.5000,5.4586,9.4595,3.8594,3.6529
178.5700,5.3855,9.7494,4.3651,3.7900
178.6400,5.3469,9.2611,4.5700,4.5334
178.7100,4.4584,9.6293,4.3081,4.6228
178.7800,3.8609,9.6666,3.7963,4.9809
178.8500,3.4213,9.6564,4.1422,5.4008
178.9200,3.0261,9.6739,4.6462,4.9742
178.9900,3.5030,8.7847,4.7636,5.1583
179.0600,4.2967,8.1075,4.8369,6.0996
179.1300,5.3178,7.7805,5.1530,6.7494
179.2000,4.6277,7.7682,5.2989,7.1240
179.2700,4.5507,8.2946,4.9852,7.1706
179.3400,4.5933,7.8566,4.6361,7.2215
179.4100,4.2105,6.8920,4.3378,7.8288
179.4800,3.5747,6.0974,4.2497,8.3144
179.5500,3.7420,5.4356,4.5331,9.1497
179.6200,4.7945,5.0439,5.1067,9.4938
179.6900,5.2204,4.5683,5.0739,9.0522
179.7600,4.9540,4.7297,5.1166,8.0924
179.8300,4.6774,5.6443,6.0528,7.0904
179.9000,4.5943,6.1097,6.6368,6.2977
179.9700,4.1222,6.1867,6.9520,5.0008
180.0400,4.2933,6.1656,7.5148,5.2627
180.1100,4.0142,5.6857,7.3690,5.0564
180.1800,3.4725,5.9362,6.5116,4.8873
180.2500,3.9823,5.2562,5.9934,5.3862
180.3200,4.8882,4.6847,6.2176,6.6581
180.3900,5.2134,4.7909,6.9044,6.5515
180.4600,6.0319,4.7232,6.3344,6.0216
180.5300,6.0863,4.7904,6.3492,6.3725
180.6000,5.2143,4.6727,7.1568,6.2043
180.6700,4.7193,4.3557,6.9074,5.6727
180.7400,5.0210,4.0501,6.9075,5.1581
180.8100,4.4648,4.0585,6.5470,5.2997
180.8800,3.6237,3.9521,6.4909,5.5926
180.9500,3.6948,4.1891,5.6988,5.2891
181.0200,3.9271,5.0940,6.0597,5.0707
181.0900,4.7743,5.7702,5.9656,4.2674
181.1600,5.5826,5.6729,6.3735,4.0843
181.2300,5.4233,5.6285,7.2624,4.2695
181.3000,4.5565,5.5601,7.5702,4.2138
181.3700,4.5035,5.4453,6.9152,4.1594
181.4400,3.9969,5.1970,6.6962,4.2869
181.5100,3.9860,5.3256,7.1514,4.4897
181.5800,4.3251,5.8806,7.6676,4.5371
181.6500,4.2419,6.0528,7.6129,4.4295
181.7200,3.4648,5.9837,6.9570,4.7069
181.7900,3.5414,6.5532,6.5853,4.8626
181.8600,3.4886,6.1368,6.6578,4.6408
181.9300,3.5239,5.9402,6.7496,4.2074
182.0000,4.1102,6.1668,6.5952,5.2175
182.0700,3.9313,6.3327,6.5525,6.3798
182.1400,3.3373,6.2723,6.6318,6.3489
182.2100,3.2722,5.5332,6.2317,5.7625
182.2800,3.0648,5.5277,6.5207,5.0055
182.3500,3.3951,6.6076,6.3754,4.6583
182.4200,3.5435,6.8300,6.4346,4.9769
182.4900,4.2737,6.8767,6.2641,5.0585
182.5600,4.7475,6.8703,5.6964,5.8510
182.6300,4.8399,7.0147,5.4557,6.4155
182.7000,4.8995,7.5080,5.6124,6.7810
182.7700,4.9410,7.5020,5.6318,6.4197
182.8400,5.0181,6.9451,5.3915,6.2647
182.9100,5.7065,7.3929,5.4792,6.0278
182.9800,6.1324,8.2993,5.4216,6.0789
183.0500,5.9966,9.7924,4.9690,6.0045
183.1200,6.0042,9.8092,4.7100,6.1246
183.1900,5.9260,8.2499,5.1151,6.4117
183.2600,5.5098,7.8074,5.3295,6.9481
183.3300,5.3914,7.4760,5.7971,7.3743
183.4000,4.9156,7.8165,5.9265,6.8237
183.4700,4.7121,7.6651,5.4636,6.0260
183.5400,5.2088,7.7186,4.9667,5.6592
183.6100,4.7832,6.5497,4.8493,6.1360
183.6800,5.3538,5.7911,4.5602,5.8862
183.7500,5.8190,6.4306,4.8527,5.2686
183.8200,5.3390,6.6493,5.3238,4.5014
183.8900,5.2902,7.0141,5.7475,3.8074
183.9600,4.8431,6.4625,6.6005,4.0043
184.0300,5.1923,6.7317,7.2004,4.7485
184.1000,6.0852,7.2355,7.1509,4.7204
184.1700,6.5876,7.7895,6.1086,4.5684
184.2400,6.2777,8.0564,5.6688,4.9001
184.3100,5.5113,7.8224,6.0398,5.5456
184.3800,5.2183,7.2361,6.3750,6.3675
184.4500,5.4146,7.6479,6.8986,6.8082
184.5200,5.5783,7.7383,7.0342,7.2254
184.5900,5.6743,6.8600,6.3240,7.0019
184.6600,6.1095,5.7249,6.3531,7.2278
184.7300,6.2174,4.8424,6.2656,7.5067
184.8000,5.6398,5.3010,5.8017,7.3470
184.8700,4.7746,5.4328,5.4959,7.0463
184.9400,4.7503,4.8744,5.4069,6.5159
185.0100,5.4164,4.2799,5.7602,6.0004
185.0800,6.0081,4.5414,5.1163,5.3163
185.1500,6.1298,4.4042,4.7069,4.5076
185.2200,5.9650,4.2702,4.5760,4.3668
185.2900,6.5409,4.8852,4.5892,4.1280
185.3600,6.8954,4.6832,4.6446,4.6111
185.4300,6.9824,4.7264,4.6544,4.9983
185.5000,6.6549,4.6371,4.6223,4.7114
185.5700,6.0410,4.7923,4.2807,4.6807
185.6400,5.5298,4.9047,5.4479,4.9117
185.7100,5.5577,4.7807,6.5649,5.4903
185.7800,6.2583,4.3893,6.8901,5.5329
185.8500,6.7376,4.0151,6.2486,5.9843
185.9200,6.4277,3.9302,5.2765,6.1190
185.9900,6.3931,3.7578,4.6144,6.0202
186.0600,5.9050,3.6837,4.8453,6.0099
186.1300,5.9497,4.0646,4.6929,5.1867
186.2000,6.4302,4.4439,4.3894,4.5175
186.2700,6.4485,4.7246,4.0222,4.9008
186.3400,6.4688,4.2171,4.8015,5.1771
186.4100,6.1684,3.5590,4.5777,5.3546
186.4800,5.8512,3.7581,5.3352,4.8977
186.5500,4.9497,4.2801,5.7796,4.8160
186.6200,5.1844,4.1714,5.0400,4.4720
186.6900,5.3017,4.8209,4.7779,4.0811
186.7600,5.2379,5.7983,5.2478,4.2909
186.8300,5.2603,5.5576,5.5783,4.9140
186.9000,5.2010,4.6052,6.1419,4.5872
186.9700,5.5193,4.0809,5.9020,4.6320
187.0400,6.0665,3.5080,6.0552,4.6790
187.1100,6.1576,4.1320,6.0810,4.3930
187.1800,5.8976,3.9229,5.8691,4.1443
187.2500,5.7677,3.4791,6.0889,4.0533
187.3200,5.9968,4.1334,7.0121,4.5659
187.3900,6.1694,4.6714,6.5043,4.5715
187.4600,6.3096,5.3182,6.5690,4.5178
187.5300,6.7142,5.8586,6.4281,5.4634
187.6000,7.2073,5.9390,6.3996,6.2894
187.6700,7.4403,6.1762,6.3125,7.1460
187.7400,9.0110,6.1565,6.0332,6.7603
187.8100,10.2538,6.0442,5.6856,5.4584
187.8800,10.0374,5.8729,5.5748,4.7916
187.9500,9.6457,5.7760,5.8946,3.6923
188.0200,8.9514,6.1562,5.1014,3.5583
188.0900,8.4756,7.1916,4.9291,3.5045
188.1600,8.1508,7.7770,4.9422,3.6970
188.2300,7.8069,7.7696,4.0810,3.7628
188.3000,7.2466,7.5817,4.5285,3.9836
188.3700,6.8811,7.0847,5.6971,4.6862
188.4400,7.0734,6.4781,6.0885,5.5472
188.5100,6.9288,6.1669,6.6801,5.7255
188.5800,6.6957,5.9652,6.5846,4.8514
188.6500,6.2864,6.1345,5.6203,4.3863
188.7200,6.0272,6.2794,5.7992,3.5048
188.7900,5.5992,5.7850,5.0299,4.3041
188.8600,5.5530,4.9066,4.8511,3.6155
188.9300,5.3275,4.7917,4.6023,3.8679
189.0000,5.5316,5.5315,5.6934,4.6021
189.0700,5.3844,5.7338,6.3440,4.1944
189.1400,5.0799,5.7757,6.4667,3.9090
189.2100,4.9867,4.9618,5.6118,3.8203
189.2800,4.4099,4.2486,4.6824,3.4995
189.3500,5.4235,3.3711,4.4913,3.7385
189.4200,6.3974,3.0960,4.3145,4.4606
189.4900,7.0182,4.7358,4.3445,5.1482
189.5600,6.6796,5.0750,4.2723,5.9153
189.6300,6.1479,4.6589,3.9740,5.2763
189.7000,6.9746,4.6954,3.2204,4.9459
189.7700,8.0723,5.0056,3.8999,4.5349
189.8400,8.1054,4.9486,4.3533,4.4760
189.9100,8.0500,4.5441,4.8900,4.9263
189.9800,7.8718,3.8156,6.0897,5.1695
190.0500,7.6324,3.7828,6.1002,5.4410
190.1200,7.4543,4.3088,5.4785,5.6588
190.1900,7.8656,4.6614,4.7656,6.3160
190.2600,7.9492,4.6054,4.5223,6.2863
190.3300,7.8827,5.2266,4.9881,6.5135
190.4000,7.9809,5.0477,5.4374,6.4299
190.4700,7.4339,5.1587,5.6663,6.1481
190.5400,6.4378,4.3858,5.4074,6.6040
190.6100,7.0679,4.0444,5.3273,7.0198
190.6800,7.9320,4.1685,4.9500,7.2200
190.7500,8.2266,4.5587,5.0643,7.6083
190.8200,8.3146,5.2162,5.0446,7.7965
190.8900,8.1272,5.1267,6.0450,7.8789
190.9600,7.4596,4.5284,6.7548,7.8441
191.0300,6.3230,4.2777,6.3357,7.6988
191.1000,5.7808,3.5786,6.0663,7.2343
191.1700,5.9843,3.8335,5.3068,6.4892
191.2400,6.8528,4.1753,4.9881,6.2387
191.3100,7.8195,4.4029,4.8732,5.8322
191.3800,8.8055,5.1937,4.6757,5.4590
191.4500,8.5012,4.9603,4.4341,5.4849
191.5200,8.2288,5.3093,4.1299,5.3737
191.5900,7.2880,5.7981,4.2628,4.8226
191.6600,6.5329,5.7202,5.1708,4.1967
191.7300,5.9876,5.0368,5.9183,4.6755
191.8000,5.6799,4.9578,5.6771,5.5167
191.8700,5.3506,5.2706,5.9640,6.0050
191.9400,4.9018,4.7949,6.0954,6.2512
192.0100,4.7170,4.5767,5.5353,5.7498
192.0800,4.4138,4.3492,5.4796,5.3631
192.1500,4.2689,4.6952,5.6513,4.8625
192.2200,4.7044,4.2976,5.2370,5.0561
192.2900,5.2885,4.2719,4.9853,5.3329
192.3600,5.1151,3.6639,5.6546,5.1658
192.4300,5.0956,3.2576,5.5911,4.4523
192.5000,5.4754,3.8937,5.1921,4.0818
192.5700,5.6876,3.8862,4.8392,4.8644
192.6400,5.4141,4.6162,4.7191,5.8289
192.7100,4.5900,5.2270,5.5653,6.0784
192.7800,4.4950,5.9282,6.0772,7.3189
192.8500,4.5746,5.9012,6.7676,7.7195
192.9200,5.0540,5.1328,6.6281,7.5362
192.9900,5.5076,5.6272,5.9679,7.1833
193.0600,5.5157,5.2717,5.8630,6.0803
193.1300,5.0893,5.6444,6.1199,5.0757
193.2000,4.1723,6.2252,5.7797,4.4065
193.2700,3.6723,6.8449,5.6838,4.2906
193.3400,4.4588,7.8655,5.8200,4.3709
193.4100,4.3677,8.3120,5.3859,4.5375
193.4800,4.3098,7.8969,5.1626,4.9414
193.5500,5.2920,6.9266,5.6495,5.1741
193.6200,5.6407,5.9899,5.7435,5.2287
193.6900,5.9773,5.6058,5.8548,4.6124
193.7600,5.5617,5.7899,6.2933,4.9491
193.8300,4.9647,6.1951,7.1303,5.0441
193.9000,5.3509,6.8860,7.5522,5.1273
193.9700,4.6760,7.1646,8.0716,5.5144
194.0400,4.7196,7.1683,7.4774,5.1841
194.1100,5.0834,7.5375,6.6907,5.0941
194.1800,5.0996,8.3345,6.1750,5.2056
194.2500,5.0821,9.2826,5.0192,6.0054
194.3200,4.4791,8.5691,4.8742,5.6802
194.3900,4.4417,7.8408,5.2568,5.7854
194.4600,4.2912,8.6057,4.9684,5.8208
194.5300,4.9378,8.2227,5.2021,5.0463
194.6000,5.4175,7.4927,5.7354,4.7135
194.6700,6.2815,6.4415,6.5068,5.2148
194.7400,7.0933,5.5837,6.1250,5.6450
194.8100,7.3434,5.1339,6.7924,6.0992
194.8800,7.5163,5.1743,5.9478,5.5688
194.9500,7.5861,4.7820,5.5049,5.2529
195.0200,7.8209,5.4756,5.4992,5.6468
195.0900,8.4440,5.8722,5.7816,5.8265
195.1600,8.6817,5.9083,6.4171,5.8370
195.2300,8.5248,6.2277,6.6897,5.9830
195.3000,8.7084,6.0318,6.2913,6.3214
195.3700,8.8743,5.5703,5.7394,6.5754
195.4400,8.7578,5.8808,4.6280,6.0358
195.5100,8.8002,6.1169,4.4482,6.0321
195.5800,8.7985,6.1551,4.9747,6.3665
195.6500,8.9003,6.5191,4.8250,5.9477
195.7200,8.4628,6.7135,5.0403,6.0034
195.7900,7.6886,5.9463,4.8294,5.8280
195.8600,7.8429,5.5224,4.0753,5.6886
195.9300,8.6524,5.3938,3.8227,5.2138
196.0000,8.7544,5.0523,4.4185,5.1146
196.0700,7.9690,5.1078,4.1644,5.7049
196.1400,7.3030,4.9706,4.2325,5.7995
196.2100,6.9686,4.3509,4.1256,6.3444
196.2800,6.2676,3.9189,4.3279,6.7827
196.3500,5.4280,3.8220,4.2245,7.4586
196.4200,4.6857,4.0522,5.2434,7.9462
196.4900,5.1747,4.2195,6.5155,7.7503
196.5600,5.6364,5.0280,6.7224,7.9111
196.6300,6.2279,5.0802,6.8536,7.6632
196.7000,6.5590,4.9920,5.6601,7.7596
196.7700,6.7053,4.4777,4.9148,7.8018
196.8400,6.2193,4.3212,4.9225,7.5459
196.9100,5.5786,4.7614,4.5573,6.5469
196.9800,5.5731,4.5679,4.0556,5.8600
197.0500,5.6358,4.6110,4.1114,5.0605
197.1200,4.9682,4.1278,4.6168,4.4582
197.1900,5.7411,3.0192,5.0913,4.5288
197.2600,6.2567,3.3041,5.0018,4.2928
197.3300,6.0758,3.9991,4.2870,4.3716
197.4000,5.6702,4.0926,4.1117,4.9047
197.4700,5.8103,3.9533,4.5103,4.8717
197.5400,6.4238,4.0264,4.8506,4.8274
197.6100,6.9012,4.6666,5.6347,4.5087
197.6800,7.4963,5.0247,5.6609,3.9339
197.7500,8.5645,4.5922,5.2030,3.4767
197.8200,8.9527,4.1891,5.0247,3.4880
197.8900,8.4508,5.1552,4.7966,3.5776
197.9600,7.7888,5.0566,4.7352,3.8998
198.0300,7.1204,4.5497,5.3330,4.3190
198.1000,6.5582,4.8473,5.6525,3.6677
198.1700,5.6448,4.8236,6.5501,4.4406
198.2400,4.4150,4.4696,7.1179,4.9233
198.3100,4.4442,3.7306,7.0827,5.2596
198.3800,4.9283,3.6742,7.0089,5.6025
198.4500,5.4125,3.5927,6.8787,5.7554
198.5200,5.3190,3.8644,7.1365,5.7708
198.5900,5.5587,4.3639,7.6386,6.0033
198.6600,4.5914,4.8575,8.1425,6.1986
198.7300,4.3711,4.8786,8.4463,6.0388
198.8000,4.6229,4.6052,8.0991,5.6564
198.8700,5.2155,4.8029,7.6610,5.8111
198.9400,5.2100,4.7068,6.7390,5.6970
199.0100,4.7087,3.9967,5.3590,5.6160
199.0800,4.9810,4.3799,4.8488,5.3954
199.1500,5.6300,4.8902,4.5045,5.4384
199.2200,6.0982,5.6805,4.3362,6.0882
199.2900,6.0403,5.9706,4.3033,5.8859
199.3600,5.9170,5.0957,4.4786,5.6040
199.4300,5.4490,4.6176,5.1465,5.3695
199.5000,4.8586,4.7534,5.6071,4.7261
199.5700,5.1346,4.7796,6.5743,5.4363
199.6400,5.0369,5.1900,6.6870,5.8658
199.7100,5.1014,5.3692,6.3594,5.8941
199.7800,5.1527,4.7806,5.5012,5.9407
199.8500,4.8749,4.8926,5.0815,5.4572
199.9200,4.4945,5.2878,4.7676,5.8366
199.9900,4.2801,5.5874,4.6341,6.1290
200.0600,4.6562,5.4872,4.8686,6.5319
200.1300,4.1515,5.0899,4.9666,6.8034
200.2000,4.3315,5.0152,4.8315,6.1751
200.2700,3.9600,5.1008,4.1462,6.2794
200.3400,3.4860,5.4703,4.6979,6.3408
200.4100,3.5733,5.9284,5.5303,5.8240
200.4800,4.1163,5.8072,5.9084,5.1362
200.5500,4.0813,5.2286,5.8327,5.1376
200.6200,4.2665,4.9891,5.4882,4.9489
200.6900,4.6580,5.2062,5.4511,5.3811
200.7600,4.7250,5.6302,5.5752,5.5749
200.8300,4.2098,5.2200,5.8687,6.0177
200.9000,4.5150,4.3554,6.2852,6.7911
200.9700,4.8415,3.9806,5.9498,6.9313
201.0400,5.1234,4.8406,6.3330,6.1490
201.1100,6.1338,5.3291,5.8508,6.0639
201.1800,6.8629,5.4148,5.3526,5.0553
201.2500,6.4296,5.4212,5.0146,5.7868
201.3200,5.7324,4.8904,5.0714,7.0950
201.3900,5.1264,5.0446,4.2979,7.4639
201.4600,4.7551,5.3389,4.3819,7.3840
201.5300,4.3465,5.6190,4.8873,8.2579
201.6000,3.9775,5.5617,4.1113,8.1663
201.6700,3.3480,5.7382,3.3859,8.3581
201.7400,3.1773,5.3160,4.0274,8.2160
201.8100,3.4462,4.3162,5.1131,7.9217
201.8800,3.3854,4.1248,6.2033,7.9759
201.9500,4.7588,5.0042,6.9250,7.7820
202.0200,4.9267,5.1731,6.8908,7.5401
202.0900,5.0034,5.4551,6.7294,7.8870
202.1600,5.8020,4.6566,6.8822,8.2868
202.2300,5.6734,3.5798,6.3394,8.5224
202.3000,5.5574,3.5272,6.4451,8.5638
202.3700,5.8048,4.1283,6.8851,7.9034
202.4400,6.0649,4.6938,7.1786,7.1411
202.5100,5.4426,5.0428,7.1040,6.3886
202.5800,5.5793,5.5547,6.5036,6.1571
202.6500,5.9359,5.7020,6.0445,6.2157
202.7200,5.9374,5.7802,5.3289,6.4286
202.7900,5.8346,4.9389,4.6070,6.7815
202.8600,5.8600,3.6021,4.4902,7.5049
202.9300,6.3101,3.2809,5.6695,7.8026
203.0000,6.7016,3.5033,6.2180,6.8695
203.0700,7.2179,2.8302,5.7818,6.2461
203.1400,7.5843,3.2786,5.1973,6.2251
203.2100,6.9094,3.5109,5.6261,5.9426
203.2800,5.9667,3.4750,5.9715,6.0880
203.3500,5.7230,3.7258,5.5860,6.0420
203.4200,5.3053,3.7858,5.6201,5.5990
203.4900,5.4670,3.5791,5.4711,5.1591
203.5600,5.5769,3.5051,5.6087,4.6035
203.6300,5.8171,3.3003,5.4701,4.5720
203.7000,6.2780,3.7964,5.5005,3.9410
203.7700,7.1616,4.5007,6.1669,3.6475
203.8400,7.7207,4.4395,6.4094,4.5209
203.9100,7.7210,4.6426,6.6710,5.0465
203.9800,7.4055,4.5079,6.3528,4.9736
204.0500,7.2566,4.5343,6.5641,4.9219
204.1200,7.3728,4.5787,6.4974,4.7152
204.1900,7.6495,4.5852,5.6935,3.9361
204.2600,7.7301,5.1095,6.2768,3.3880
204.3300,7.8974,5.2052,7.5260,4.2822
204.4000,8.0381,4.6875,8.0409,4.7703
204.4700,7.5515,4.7480,8.3113,4.8169
204.5400,7.5453,5.5166,8.3353,4.7627
204.6100,6.7060,5.9493,7.9630,4.8647
204.6800,5.9316,6.1917,7.7379,4.8530
204.7500,5.7763,5.0002,8.0426,4.8154
204.8200,5.8736,4.9920,7.4788,5.0741
204.8900,5.9290,4.4029,7.0878,5.1097
204.9600,5.8247,4.4580,7.1489,5.5398
205.0300,4.9489,4.7259,7.1056,5.5353
205.1000,4.4259,5.9540,6.2827,5.0887
205.1700,4.2318,6.0110,5.9259,4.6784
205.2400,4.1254,5.6675,5.5831,4.8595
205.3100,4.1983,5.9070,6.2981,4.8246
205.3800,4.4789,5.2616,7.6115,4.5223
205.4500,4.9079,4.0858,7.3295,4.7954
205.5200,5.3571,4.1820,6.2586,5.3199
205.5900,5.1944,4.2444,5.8448,5.3760
205.6600,4.7624,4.5322,5.6370,5.2028
205.7300,5.1737,4.1241,5.2145,5.5908
205.8000,6.7346,3.9024,5.2217,5.5046
205.8700,8.1564,4.3508,5.2058,5.2774
205.9400,9.0998,3.5987,5.0666,5.9273
206.0100,8.3087,3.7463,4.4307,6.2983
206.0800,7.3222,4.6744,4.3960,5.9571
206.1500,6.8811,4.8075,4.5811,5.9132
206.2200,7.0922,5.6936,3.4288,5.1098
206.2900,7.1425,5.7931,3.6006,4.1975
206.3600,6.3585,6.3674,3.9627,3.4766
206.4300,6.2910,6.4954,3.6638,3.6712
206.5000,6.3437,6.5237,3.3679,4.2592
206.5700,5.8917,6.3368,4.1042,4.8490
206.6400,5.9955,5.3084,4.4303,4.8182
206.7100,6.4461,5.6847,4.0714,4.8738
206.7800,6.6195,6.0684,4.2160,5.6780
206.8500,6.7072,5.3180,4.7119,5.6252
206.9200,6.2702,4.8207,5.3025,5.7463
206.9900,6.3379,4.6136,5.4337,6.5744
207.0600,5.8004,4.4283,5.4309,7.2470
207.1300,5.0306,4.2337,5.6932,7.1684
207.2000,4.7139,3.7654,6.0977,6.8029
207.2700,4.8075,3.9026,5.5574,6.0175
207.3400,4.7267,3.9411,5.4519,6.0942
207.4100,4.3233,3.9446,5.1206,6.1969
207.4800,4.5794,3.7189,4.8959,6.1793
207.5500,3.7154,3.2757,4.8126,5.7217
207.6200,4.2137,3.6026,4.5016,5.7693
207.6900,4.3937,3.9400,5.0822,6.6184
207.7600,5.3191,4.3557,5.4275,7.4130
207.8300,6.2262,4.7367,6.1239,7.0181
207.9000,6.9218,5.2126,6.0556,6.5189
207.9700,7.0066,4.8992,5.5181,6.3048
208.0400,6.6297,5.3762,4.8388,6.2317
208.1100,6.0294,6.7571,4.1310,6.7055
208.1800,5.2924,8.4296,4.9606,6.7121
208.2500,4.8358,9.1953,5.5486,5.8778
208.3200,4.4123,9.3880,5.9460,5.3910
208.3900,5.0599,9.7598,5.7191,5.4027
208.4600,5.5764,10.0811,4.8430,4.3209
208.5300,6.4605,9.9415,4.6778,3.5929
208.6000,6.8001,9.2558,4.7904,3.6940
208.6700,6.9687,8.7885,4.1081,3.8408
208.7400,6.8707,8.3932,3.3858,4.3057
208.8100,7.5966,7.8982,4.1895,4.4093
208.8800,7.6106,7.6426,4.2925,4.5899
208.9500,7.9775,7.4271,3.9234,5.2148
209.0200,8.3695,7.0652,3.3515,5.9270
209.0900,7.8329,6.9455,3.8021,6.4706
209.1600,6.9007,6.5182,3.2649,5.9097
209.2300,5.8051,6.7963,3.9004,4.5969
209.3000,5.5189,7.0467,3.9082,4.5779
209.3700,5.3579,6.1866,4.4296,4.8025
209.4400,4.8913,5.6124,5.0327,5.0259
209.5100,4.7555,5.2709,5.8183,4.6743
209.5800,4.8053,6.2539,6.4198,3.9995
209.6500,4.3858,5.8685,7.0363,4.1818
209.7200,3.6756,5.4412,7.2653,4.9720
209.7900,3.7828,5.1992,6.8937,5.4944
209.8600,4.7370,5.1980,5.7309,5.8557
209.9300,5.0870,4.7094,5.1898,6.2779
210.0000,4.9798,4.7296,6.0567,5.6944
210.0700,3.9600,6.0653,6.8513,5.4708
210.1400,4.2224,7.2004,7.4277,5.8025
210.2100,4.3666,7.2092,7.9799,5.2641
210.2800,4.0114,6.8890,7.8451,5.1297
210.3500,5.1199,6.5250,7.5554,4.1748
210.4200,5.8527,6.3752,6.8823,3.6956
210.4900,6.0075,6.7291,6.6868,3.6187
210.5600,5.8880,6.0544,7.0554,4.1718
210.6300,5.6671,4.6375,7.0510,4.8609
210.7000,4.8558,3.7864,6.6467,4.1075
210.7700,4.0389,4.1633,5.8678,3.4766
210.8400,4.4531,4.3994,5.3135,3.8734
210.9100,5.0651,4.3190,4.2773,5.1236
210.9800,5.4726,3.5900,4.2449,5.4840
211.0500,6.2239,3.7500,4.9289,5.5122
211.1200,7.0719,4.6545,4.6530,5.3803
211.1900,6.8473,5.0707,4.4371,4.5214
211.2600,5.4957,4.6444,4.4115,4.0175
211.3300,5.2678,4.7000,4.4065,4.2182
211.4000,5.0678,4.5028,4.6863,4.2585
211.4700,4.4541,4.9396,4.8272,4.7064
211.5400,4.8041,4.6846,5.1206,4.8702
211.6100,4.8802,4.3029,5.3485,4.6800
211.6800,5.4334,5.3887,5.8568,4.6511
211.7500,5.6178,6.4697,6.3628,4.2758
211.8200,5.6831,6.7035,7.1155,4.2718
211.8900,5.5400,6.8570,6.6962,4.5434
211.9600,5.5788,6.3990,5.8739,4.4706
212.0300,4.5803,5.9390,5.4554,4.0006
212.1000,4.3956,5.2665,6.0085,3.7707
212.1700,4.7238,5.0228,6.2904,3.7545
212.2400,4.0508,5.0274,6.6125,4.2191
212.3100,3.4671,4.3229,6.6926,4.5790
212.3800,3.8550,4.0790,6.5348,5.2640
212.4500,4.5908,4.5623,6.7620,5.3663
212.5200,5.3059,5.4558,6.8505,5.2579
212.5900,6.8825,5.6221,6.3285,5.0383
212.6600,7.0232,5.7366,6.3353,5.2882
212.7300,5.6859,5.3246,6.6407,4.3269
212.8000,6.1846,4.7773,6.0844,4.0808
212.8700,6.3596,4.6453,5.2463,3.8565
212.9400,5.6284,4.4265,4.3664,4.4118
213.0100,5.2640,4.7781,4.3378,5.0117
213.0800,5.2604,4.6675,4.3443,5.1591
213.1500,5.0261,5.1609,4.3915,5.2570
213.2200,3.9445,5.2324,4.4797,4.4149
213.2900,4.3823,4.7939,4.5102,3.9501
213.3600,4.3680,4.4694,4.7392,3.9597
213.4300,3.5810,3.7321,5.1691,4.1560
213.5000,3.5577,3.2059,4.7643,4.2554
213.5700,3.6976,3.9898,3.9756,4.7302
213.6400,3.7811,3.5135,4.2102,5.1538
213.7100,3.1468,3.9958,4.5468,4.6982
213.7800,3.2723,4.6740,4.8270,4.9151
213.8500,3.4619,4.4799,4.7309,4.9853
213.9200,4.3417,3.6067,4.8876,5.2411
213.9900,5.0150,4.3019,5.2032,5.6526
214.0600,4.9896,4.1636,5.6945,5.9094
214.1300,4.9172,4.1415,5.8540,5.9686
214.2000,4.4708,4.3706,6.9145,6.4346
214.2700,4.2914,3.7540,7.3131,7.6811
214.3400,4.5706,4.0218,6.9226,8.4257
214.4100,4.9582,4.1726,7.2457,9.2187
214.4800,4.5676,3.7116,7.0352,8.9416
214.5500,4.7913,4.2272,7.2557,8.5444
214.6200,4.5105,5.2474,7.0692,8.4484
214.6900,3.9149,6.3366,6.5254,8.4357
214.7600,4.2725,6.8244,5.1321,8.8226
214.8300,4.5983,6.3337,3.7446,8.3537
214.9000,3.9304,6.3151,3.5961,8.5852
214.9700,4.5588,5.6627,4.0109,8.6254
215.0400,5.5997,5.8467,3.5657,8.8118
215.1100,6.7974,6.3694,4.8284,8.8848
215.1800,6.9850,5.5912,5.2586,8.1767
215.2500,7.3748,5.4093,5.1174,6.7104
215.3200,7.6726,4.9313,4.7927,5.1039
215.3900,7.0254,4.1856,4.1860,4.2030
215.4600,6.8871,3.4694,4.4815,3.9991
215.5300,7.3990,4.2086,5.1689,4.3032
215.6000,7.2595,4.1916,5.3834,4.4960
215.6700,6.9481,3.8083,5.5767,4.6668
215.7400,6.6042,4.0570,5.6090,4.6071
215.8100,7.1375,3.9169,5.2381,4.4722
215.8800,6.1411,4.2698,4.9432,3.9659
215.9500,5.6651,4.5405,5.2982,4.6095
216.0200,5.4820,5.1418,5.0094,5.5429
216.0900,4.8015,5.5549,4.6709,5.8374
216.1600,4.6821,5.2522,4.2515,6.1052
216.2300,5.0548,4.9227,4.4826,7.0390
216.3000,5.0444,4.7227,4.2604,6.8839
216.3700,5.0083,4.1724,3.6044,7.0441
216.4400,5.3724,4.2611,3.7728,6.9222
216.5100,3.9769,3.8022,4.0581,5.6594
216.5800,3.5555,3.8041,3.8461,5.1939
216.6500,4.1622,3.7208,4.3751,4.4504
216.7200,4.7205,3.8104,4.9868,3.9528
216.7900,4.8068,4.1947,4.5753,3.6227
216.8600,4.1889,4.7244,4.6132,4.9411
216.9300,4.6333,5.5533,4.4274,5.4738
217.0000,4.5138,6.2514,4.4329,5.2801
217.0700,4.7888,5.9109,4.5922,6.2172
217.1400,5.2307,6.2251,4.9663,6.0960
217.2100,5.6571,6.8222,4.9865,6.1159
217.2800,5.2450,7.2058,5.2483,6.8324
217.3500,5.6356,7.0944,5.4893,7.1172
217.4200,6.1982,7.1371,5.7336,6.8178
217.4900,6.4485,6.9570,5.8969,6.5855
217.5600,6.3799,7.3857,4.8966,6.4153
217.6300,5.8129,8.4251,3.5977,6.2143
217.7000,5.6130,8.3884,3.1574,5.7425
217.7700,5.6522,8.5027,3.7426,5.3270
217.8400,5.9628,7.3643,4.0736,4.9741
217.9100,6.1785,6.8394,4.2760,5.1289
217.9800,5.7550,6.6008,4.2237,4.3339
218.0500,5.0415,6.4580,4.4077,3.8908
218.1200,4.6527,6.6571,3.8706,3.7480
218.1900,4.8188,6.7371,3.7748,5.3682
218.2600,5.0274,6.0387,3.9861,6.5744
218.3300,5.2886,4.5152,4.3884,6.5713
218.4000,5.5736,3.9132,4.7913,6.2993
218.4700,5.7653,4.4076,4.2361,5.7637
218.5400,5.6706,5.2504,4.3651,5.9210
218.6100,5.0364,5.8659,4.1665,6.1802
218.6800,5.1392,5.7759,4.5777,6.2644
218.7500,5.1570,6.1774,5.0698,5.1649
218.8200,5.4253,6.3814,4.4318,4.9319
218.8900,5.8790,5.8123,3.9954,4.8063
218.9600,5.9147,5.7602,4.2675,4.3735
219.0300,5.6737,5.8371,4.5302,4.8476
219.1000,5.5624,6.6208,5.2330,4.7024
219.1700,5.4190,6.9785,6.2018,4.4432
219.2400,5.4307,6.1698,5.9197,4.3666
219.3100,5.3468,6.1982,5.4935,4.6681
219.3800,5.1346,6.1849,5.6267,4.9552
219.4500,5.2211,6.2264,5.2652,5.3781
219.5200,4.8872,6.4771,5.3261,5.0417
219.5900,4.6166,6.4778,5.1692,5.4067
219.6600,4.4149,5.8197,5.0501,5.5952
219.7300,4.1288,5.0320,4.6720,5.6521
219.8000,4.2903,5.2476,4.5723,4.9730
219.8700,3.6148,6.0621,4.5633,4.6588
219.9400,4.5283,6.5184,4.7272,4.5499
220.0100,4.9082,6.6737,5.1786,4.5296
220.0800,5.1676,6.3940,5.1163,4.7439
220.1500,5.4483,6.0492,5.1387,5.2884
220.2200,5.8877,5.1011,5.2768,5.3085
220.2900,6.1792,5.2364,5.4673,5.5561
220.3600,6.0645,5.0127,5.2718,6.5338
220.4300,6.4037,4.6139,5.1162,7.5132
220.5000,6.1913,4.3989,4.7112,7.7933
220.5700,5.9949,4.4697,4.7155,7.4746
220.6400,5.3185,4.1252,4.7906,7.6120
220.7100,5.1303,4.1163,4.6327,7.5647
220.7800,4.7101,4.1615,4.7992,7.3413
220.8500,4.0816,3.9766,4.7140,7.1729
220.9200,4.6669,4.0236,5.5670,6.5211
220.9900,5.7996,4.6569,6.1894,5.9781
221.0600,6.8041,4.2352,6.1088,5.2688
221.1300,6.9729,4.3838,6.5546,5.1332
221.2000,6.6337,4.3073,6.1993,4.5587
221.2700,6.1048,4.8531,5.8969,4.1397
221.3400,5.8883,4.5520,5.3858,3.9944
221.4100,5.2173,5.1254,4.7644,3.7561
221.4800,4.6720,5.7602,4.0334,4.1052
221.5500,4.2838,6.9132,4.1957,4.2644
221.6200,3.5630,6.9862,4.5669,3.9651
221.6900,3.4200,6.8845,4.2752,4.4466
221.7600,2.9642,6.5262,4.9020,4.4008
221.8300,3.3434,5.9458,4.1295,3.9669
221.9000,3.7999,5.9833,3.6658,3.7733
221.9700,4.0796,6.0948,4.1320,3.2035
222.0400,5.1324,5.9473,4.9846,3.4508
222.1100,5.9099,6.2400,5.3268,3.6237
222.1800,6.1258,5.4781,5.9377,3.0934
222.2500,5.9572,5.0966,5.9490,3.1975
222.3200,5.1270,4.8496,4.9936,3.2293
222.3900,4.6135,5.1146,3.8913,3.6386
222.4600,4.9132,5.5595,4.3353,3.6442
222.5300,5.4393,5.8477,5.3483,3.5564
222.6000,5.1848,5.9952,5.6462,3.7654
222.6700,4.8910,5.2746,5.4504,3.4731
222.7400,4.4945,4.6755,5.3588,3.2691
222.8100,4.3576,4.8322,5.4399,3.4750
222.8800,3.8587,5.4226,5.3643,3.6816
222.9500,3.9163,5.7804,5.6017,3.6195
223.0200,4.7881,6.3179,5.3551,3.9541
223.0900,5.8866,6.0563,5.7116,3.0827
223.1600,7.2524,6.5473,5.7882,3.5739
223.2300,7.8898,6.7868,6.0589,3.6555
223.3000,7.2664,7.0511,6.9928,3.3282
223.3700,6.8886,7.5654,7.7492,3.4325
223.4400,6.7498,7.1509,8.0153,3.5037
223.5100,6.8291,7.1468,7.4139,3.9391
223.5800,6.0455,6.4614,7.7803,3.8341
223.6500,5.4473,5.3788,7.7098,3.9922
223.7200,5.2107,4.8933,7.3520,3.7889
223.7900,5.5131,4.6308,6.5408,4.1114
223.8600,6.3532,4.8795,5.3836,4.5908
223.9300,7.5162,5.0860,4.7464,4.5566
224.0000,8.2739,4.5271,3.9104,4.3783
224.0700,8.2344,4.4983,3.8732,3.7487
224.1400,8.0154,4.6254,3.9488,4.6075
224.2100,7.4045,4.8146,5.6863,4.9860
224.2800,6.9600,4.8405,6.2114,6.0338
224.3500,6.9060,5.1048,5.9838,5.9871
224.4200,6.7541,4.6619,5.7922,5.2153
224.4900,6.0920,5.3254,6.2946,4.7196
224.5600,4.8272,5.5731,6.0502,4.5870
224.6300,4.5971,5.9398,5.3475,4.0258
224.7000,4.3307,5.4406,5.2438,4.7703
224.7700,4.0803,5.6031,5.2460,5.0479
224.8400,4.5182,6.0441,5.6639,4.7536
224.9100,4.0628,6.9299,5.6457,5.2540
224.9800,3.7055,7.2955,5.9476,5.5299
225.0500,3.7922,7.8349,5.3702,5.5197
225.1200,4.2432,8.2615,4.7328,5.7821
225.1900,4.6149,7.4227,4.7580,6.5059
225.2600,4.4140,6.0053,4.4663,6.8234
225.3300,3.8919,5.0628,4.5896,7.0093
225.4000,4.1756,4.5181,4.6755,6.8761
225.4700,5.3113,4.3265,5.2511,7.1708
225.5400,5.4278,4.3079,5.0893,7.0719
225.6100,6.0639,4.6399,5.0162,7.1359
225.6800,6.1670,5.0246,4.8969,7.3089
225.7500,5.3930,5.3810,5.3550,6.6019
225.8200,4.8967,6.0677,5.8403,6.0895
225.8900,4.5330,5.6231,6.3943,6.3190
225.9600,4.1804,5.2232,6.4496,6.4957
226.0300,4.3953,5.8120,6.4460,6.0149
226.1000,4.3350,5.8222,7.0405,5.3908
226.1700,4.5047,5.9861,7.7936,4.9982
226.2400,4.6672,5.2292,7.7750,5.8933
226.3100,5.3208,4.9915,7.4569,6.3461
226.3800,5.2865,5.2845,6.9183,5.6114
226.4500,4.9869,4.4729,6.3104,4.9297
226.5200,4.1943,4.2785,5.5176,4.7086
226.5900,3.9440,4.3181,4.5686,4.7250
226.6600,4.4812,3.8562,4.3939,4.5836
226.7300,4.7023,3.6642,4.4948,4.4385
226.8000,5.1821,4.1194,4.9537,4.3378
226.8700,4.8333,4.1406,5.3712,4.5286
226.9400,4.2538,3.5602,4.9260,4.7838
227.0100,4.7477,3.3955,5.0743,4.9661
227.0800,5.2714,3.9539,4.8916,4.8996
227.1500,5.1794,4.3905,4.2143,4.9736
227.2200,5.7327,4.9468,4.4613,5.4672
227.2900,4.9611,5.3422,4.4903,5.8685
227.3600,5.0825,4.9385,5.4420,5.6177
227.4300,5.2917,4.7902,6.1146,5.5764
227.5000,5.6664,4.3317,6.9697,4.8414
227.5700,5.6166,4.7454,7.5175,4.4735
227.6400,5.8903,4.7453,8.8400,4.0890
227.7100,5.5704,4.4234,9.7060,3.8843
227.7800,5.7844,4.5015,9.5774,3.5747
227.8500,5.7220,5.4717,9.6988,3.5900
227.9200,5.5588,5.1870,9.7109,3.5032
227.9900,5.7078,5.4525,9.3159,3.4395
228.0600,5.7770,4.5801,8.7578,3.6177
228.1300,6.1119,4.5333,8.4095,4.3364
228.2000,6.7015,5.0394,7.7710,4.8777
228.2700,6.1543,5.8404,6.9726,4.5343
228.3400,5.4607,5.5771,6.9319,4.3911
228.4100,5.6740,5.2114,7.3689,3.7021
228.4800,5.6751,5.7104,7.0452,3.4032
228.5500,6.0306,5.9515,6.4945,4.8500
228.6200,6.2483,5.5935,6.0679,5.3330
228.6900,5.9974,5.1568,5.3445,4.8516
228.7600,6.5374,5.2368,5.0006,4.4154
228.8300,6.1364,5.3221,5.9528,3.7533
228.9000,5.9932,5.4521,7.0145,3.8282
228.9700,5.2856,4.9902,7.0591,4.1264
229.0400,4.8832,4.7381,6.6697,4.6353
229.1100,4.8493,4.5917,6.1160,5.2110
229.1800,5.2476,4.4774,5.6201,4.9923
229.2500,5.0586,4.3006,4.8160,4.9146
229.3200,5.6584,5.0931,4.8076,4.8015
229.3900,6.5109,5.9884,3.9470,4.6953
229.4600,6.8604,6.3235,3.6710,5.2889
229.5300,7.9987,6.5256,4.1049,5.7702
229.6000,8.3104,6.8657,3.7113,6.7571
229.6700,8.1529,7.2587,3.4114,7.7611
229.7400,8.0824,7.2872,3.7752,7.8223
229.8100,7.6982,6.5315,4.7249,7.4361
229.8800,7.7718,6.0755,5.0231,6.7304
229.9500,6.6580,6.0926,4.5313,6.3551
230.0200,6.2016,6.3621,4.8847,6.8449
230.0900,5.5276,6.6874,4.8928,7.1368
230.1600,5.0816,7.3450,5.1028,6.7367
230.2300,5.3348,7.5243,5.1872,6.7088
230.3000,5.4414,7.8352,4.8993,6.7835
230.3700,5.3249,8.4057,5.4068,6.9354
230.4400,4.2827,8.1808,5.4142,7.0775
230.5100,3.8121,7.7080,5.0704,6.8291
230.5800,3.8903,7.1435,4.6056,6.5106
230.6500,3.9050,6.4628,4.4441,5.9634
230.7200,3.9396,6.4085,5.2623,5.5565
230.7900,4.8508,6.2411,5.8108,5.6692
230.8600,4.8649,5.6359,6.2753,5.1525
230.9300,5.0133,5.5251,5.6019,4.8952
231.0000,4.1598,5.7444,5.0053,4.6690
231.0700,3.3752,5.5088,5.3844,4.2929
231.1400,3.9293,5.3576,5.5408,3.7540
231.2100,4.3252,5.3798,6.1173,4.3049
231.2800,4.6706,4.7300,6.4027,4.5580
231.3500,5.9822,4.5144,5.6423,4.3678
231.4200,5.8617,4.5456,4.7284,4.3322
231.4900,5.6210,4.2567,5.0969,5.0495
231.5600,5.4934,3.8359,5.1668,5.3515
231.6300,5.0723,4.5063,5.5188,5.4078
231.7000,4.1763,5.6448,6.0806,5.6362
231.7700,3.8183,5.9185,5.9413,6.2640
231.8400,4.5106,5.7041,6.2834,5.8286
231.9100,5.1705,5.1109,6.2396,5.0927
231.9800,5.6024,5.3337,6.8744,4.8080
232.0500,5.8334,6.0599,6.7278,5.2956
232.1200,5.3141,6.4413,7.3365,4.7968
232.1900,5.0844,6.5673,7.1988,4.4170
232.2600,5.0543,6.5894,7.6527,4.3093
232.3300,5.3590,6.0542,7.1177,4.0872
232.4000,5.0326,5.7814,5.7573,3.8615
232.4700,4.8998,5.3742,5.2035,4.1433
232.5400,5.5777,5.6246,4.7578,4.4532
232.6100,6.1566,5.4525,4.0295,4.5818
232.6800,6.7828,6.2674,3.6960,4.4183
232.7500,7.3305,6.8239,3.7399,4.3791
232.8200,6.9375,7.3654,3.4184,4.5150
232.8900,6.5824,7.1435,3.2687,5.0825
232.9600,5.9884,6.6084,3.3376,5.4099
233.0300,4.8065,6.5855,3.4522,5.5342
233.1000,4.9280,5.8734,3.9258,5.3101
233.1700,4.6797,4.5801,3.9447,5.5310
233.2400,4.4632,3.9519,3.7185,4.7054
233.3100,4.7188,3.8268,3.9510,4.0857
233.3800,4.5002,5.1935,4.4331,4.2563
233.4500,3.7859,5.5506,4.9998,4.6499
233.5200,3.9666,5.5485,5.0772,4.8036
233.5900,4.5972,5.1059,4.6348,5.3564
233.6600,4.0589,4.4888,4.4794,5.0368
233.7300,4.4172,3.5759,3.7322,4.5627
233.8000,5.1594,3.6620,3.2093,4.8644
233.8700,4.5613,4.0892,3.7806,4.1932
233.9400,3.7034,5.1525,3.9056,3.6250
234.0100,3.9228,6.5219,3.6650,4.0688
234.0800,4.3970,6.8556,3.5958,4.5426
234.1500,5.5206,6.5095,3.5621,4.0414
234.2200,5.7227,5.2648,3.5336,5.0347
234.2900,5.5565,5.4442,3.8963,4.8569
234.3600,5.5022,5.3831,4.0672,5.8566
234.4300,4.7038,4.9907,3.8981,6.6591
234.5000,4.3557,5.8773,3.4088,6.5163
234.5700,4.2401,6.6457,3.2697,6.7733
234.6400,4.1713,6.8295,4.1544,6.0327
234.7100,4.1231,6.5536,4.2416,5.9994
234.7800,4.1521,6.5987,4.4796,6.2622
234.8500,3.9625,6.1005,3.5701,6.0956
234.9200,3.6674,5.6116,4.1930,6.2506
234.9900,3.8333,5.3358,4.1330,5.8762
235.0600,3.8502,4.8246,4.6870,5.3258
235.1300,4.1783,4.8773,5.0997,5.6891
235.2000,4.1897,4.2698,5.0311,5.6566
235.2700,4.1078,4.1541,5.3174,5.8401
235.3400,4.6883,4.1144,5.6763,5.8277
235.4100,4.8422,4.3603,5.6892,5.8045
235.4800,5.4093,5.5379,6.1970,5.8321
235.5500,5.0725,6.2326,6.0392,6.8823
235.6200,4.5474,6.0952,5.8522,7.3349
235.6900,4.5542,5.9014,6.7966,7.2949
235.7600,4.9012,5.6749,7.4411,7.6265
235.8300,5.7197,6.2140,7.5092,7.0890
235.9000,5.9722,6.1213,7.3593,6.1175
235.9700,6.0433,5.0652,6.5504,6.2954
236.0400,6.1712,4.6591,5.8476,6.7529
236.1100,6.5330,4.8099,5.5423,6.8046
236.1800,6.2536,5.1405,5.7832,6.8264
236.2500,6.2462,5.1118,5.9552,5.7021
236.3200,6.4036,4.3544,5.9839,4.8959
236.3900,6.6184,4.2113,6.6128,4.5897
236.4600,6.4556,4.1539,6.7154,4.3922
236.5300,6.2002,4.3470,6.4812,4.1706
236.6000,5.6758,5.2505,6.1307,4.1286
236.6700,4.9193,5.0724,5.7829,3.4846
236.7400,4.5355,4.7714,5.7502,4.3265
236.8100,4.6051,4.9527,6.0566,3.6839
236.8800,4.5541,4.8752,5.5667,2.7870
236.9500,3.9041,4.4089,5.1671,3.3104
237.0200,4.5511,3.6942,5.4600,3.7269
237.0900,4.6405,4.0357,4.9441,3.9886
237.1600,4.5698,5.0984,4.3176,4.4728
237.2300,4.7921,5.2355,4.2013,4.5222
237.3000,5.1280,5.4018,4.0227,4.0124
237.3700,5.4813,4.8722,3.9876,3.6062
237.4400,5.8872,4.3893,3.6539,3.4322
237.5100,5.5711,4.0941,3.9387,3.5125
237.5800,5.8839,4.1413,4.5149,3.5741
237.6500,6.0686,5.0344,5.2895,3.5931
237.7200,5.4627,6.1593,6.8668,3.8574
237.7900,4.8853,5.9078,7.0845,4.1149
237.8600,4.5540,5.2539,5.9717,4.0429
237.9300,4.4476,4.9523,5.0540,3.4958
238.0000,4.5717,5.5078,4.0707,3.5506
238.0700,5.3865,5.9538,3.6477,3.2517
238.1400,5.4313,6.4144,3.8710,3.5484
238.2100,5.6539,6.5236,3.8264,3.4505
238.2800,5.6458,6.9039,4.4311,3.5426
238.3500,5.7127,7.5681,5.2613,3.9420
238.4200,6.2426,7.3133,6.0159,3.9134
238.4900,6.3397,7.7818,6.0905,3.5513
238.5600,6.1486,7.8084,5.0827,3.3902
238.6300,5.3025,6.7264,4.2352,3.7998
238.7000,4.5391,5.9631,4.6925,3.8613
238.7700,4.6851,5.8639,4.7150,3.7965
238.8400,5.2293,5.5024,4.4753,3.8593
238.9100,5.2856,5.7250,4.5354,4.7819
238.9800,6.0033,5.5249,4.4233,4.7758
239.0500,5.4156,4.9858,3.7977,4.8751
239.1200,5.4855,5.2228,4.5308,4.6553
239.1900,5.8785,5.0522,4.8396,4.3336
239.2600,6.2629,4.6700,4.5548,4.4308
239.3300,6.7235,4.5284,5.0274,4.5659
239.4000,7.7734,4.0805,5.2941,4.8200
239.4700,8.9899,4.3741,5.8451,4.3859
239.5400,8.7633,4.2645,6.6031,4.5551
239.6100,7.7148,4.3853,6.3382,4.6034
239.6800,7.3938,4.6784,5.8465,5.3567
239.7500,7.1271,4.6361,5.8771,5.6496
239.8200,6.8043,5.2966,5.6340,6.4380
239.8900,6.4842,5.0029,5.5647,6.5295
239.9600,5.7488,4.3175,5.3451,5.9979
240.0300,5.5556,4.2322,5.1664,6.2154
240.1000,5.5618,3.8666,5.1520,6.6578
240.1700,4.7983,3.5113,5.0986,6.3503
240.2400,4.5487,3.6177,5.1572,6.4358
240.3100,4.8328,3.8537,4.6249,7.2058
240.3800,5.5119,3.8665,4.3330,6.7723
240.4500,5.5802,4.1609,4.1259,6.4017
240.5200,5.4746,4.3266,4.7403,6.0811
240.5900,6.3081,3.6951,5.1025,4.9222
240.6600,7.0759,3.7160,5.7575,4.2433
240.7300,7.9831,3.8203,6.2475,5.3122
240.8000,8.2930,3.5899,6.4588,4.7988
240.8700,8.0349,4.1531,6.4935,4.1958
240.9400,7.8075,4.3113,6.5511,3.9076
241.0100,7.8449,4.2729,6.1490,3.3534
241.0800,7.7478,4.0450,6.2279,3.1304
241.1500,7.7938,4.4538,6.8336,4.0563
241.2200,6.9985,4.3616,6.8229,4.2468
241.2900,5.6438,3.9740,6.8408,4.5865
241.3600,4.3664,4.4509,6.5485,4.0369
241.4300,4.0595,4.5916,6.4315,4.3276
241.5000,3.9693,5.0793,6.0239,4.7586
241.5700,4.0914,5.4557,5.9287,4.4039
241.6400,4.2210,5.0315,6.4629,4.4420
241.7100,3.9724,5.3805,7.1545,4.1420
241.7800,4.0144,5.5619,7.0594,4.5652
241.8500,4.9039,5.6818,6.6919,4.8281
241.9200,5.4025,5.8922,6.1013,4.7129
241.9900,6.3447,5.7652,6.3885,4.3405
242.0600,7.6462,5.4743,7.0128,4.2333
242.1300,8.1548,5.2477,6.8301,4.2260
242.2000,7.6629,4.8047,6.3669,3.9056
242.2700,7.0410,4.2755,6.2924,3.2054
242.3400,6.6767,3.8063,6.4817,4.2550
242.4100,6.9910,3.5815,7.2098,4.8954
242.4800,6.3715,3.8240,7.2723,4.3019
242.5500,6.1685,3.8233,7.0270,4.3690
242.6200,6.1822,3.6850,6.8615,5.4197
242.6900,5.4251,3.6427,6.4114,6.4231
242.7600,5.1808,3.8975,6.5470,7.5731
242.8300,4.2342,3.7779,6.2374,7.7494
242.9000,4.1975,4.2294,6.2808,8.0127
242.9700,4.7458,4.7711,6.0448,7.2913
243.0400,4.8383,4.6399,6.0090,7.2759
243.1100,4.9438,4.5794,6.3031,6.8893
243.1800,4.5406,4.5679,5.9016,6.8099
243.2500,4.5773,5.0835,6.1264,7.3173
243.3200,4.5480,5.4475,6.0645,8.1245
243.3900,4.6573,5.3250,5.7156,7.9377
243.4600,5.0445,5.7810,5.3886,6.9313
243.5300,5.0775,5.6584,5.7017,6.2634
243.6000,5.4439,5.2956,5.2996,4.9605
243.6700,4.9388,5.0842,4.5660,4.4981
243.7400,4.5755,5.7383,3.8870,4.2836
243.8100,4.9634,5.4170,3.5701,3.9503
243.8800,4.7864,5.3052,3.1963,3.7653
243.9500,4.6093,5.5382,4.0303,4.3501
244.0200,4.5889,5.1814,4.7657,4.3083
244.0900,4.1122,5.0884,5.3930,4.8385
244.1600,3.9628,4.5796,5.4531,4.9461
244.2300,4.2363,4.9795,5.2843,4.7588
244.3000,4.8279,4.5902,4.4718,4.7629
244.3700,4.9761,4.7104,3.5961,5.2947
244.4400,5.3281,4.2309,3.7851,5.0241
244.5100,4.1960,3.9506,3.9122,4.1205
244.5800,3.7889,4.4940,4.4697,3.7761
244.6500,4.1433,4.9198,4.3742,4.1101
244.7200,4.6522,4.5947,4.4433,3.6223
244.7900,4.8648,4.8040,3.8668,3.4308
244.8600,4.8263,4.1886,4.8427,3.7698
244.9300,5.7499,4.1384,6.2570,4.0608
245.0000,5.8046,4.3540,7.0351,4.9606
245.0700,5.4646,5.0475,7.5677,5.6700
245.1400,4.9295,4.7881,7.7099,5.6924
245.2100,4.9279,4.7876,7.4881,5.8361
245.2800,4.5737,5.1290,6.8416,5.6918
245.3500,4.2429,5.2635,6.3425,5.5935
245.4200,4.4806,5.2138,6.2661,5.8788
245.4900,5.3263,4.5195,5.7525,5.3326
245.5600,5.7073,4.1884,4.9188,5.1784
245.6300,5.7722,4.6512,5.5124,5.2325
245.7000,5.5415,5.5862,5.3734,5.5127
245.7700,5.3563,6.2082,5.0315,5.5230
245.8400,5.3707,6.4809,6.2557,5.5803
245.9100,5.5078,6.2173,6.4870,5.3629
245.9800,5.4462,6.2344,6.1195,5.5040
246.0500,4.9058,6.2518,4.9767,5.4083
246.1200,5.2276,6.4454,5.1059,5.3549
246.1900,5.7047,5.9944,5.9591,5.5875
246.2600,4.9234,6.0713,5.8066,6.2534
246.3300,4.0225,6.4247,5.4853,6.3065
246.4000,3.9211,6.7378,5.1890,6.2202
246.4700,4.1869,6.6036,4.4745,5.7244
246.5400,4.1302,6.8881,4.7341,5.5867
246.6100,4.0346,7.1495,5.0886,5.1092
246.6800,3.9227,7.1020,5.2360,5.2464
246.7500,3.7394,6.6550,5.2683,4.9786
246.8200,3.7421,7.5141,5.1273,4.5444
246.8900,3.8319,7.2086,4.6283,3.9596
246.9600,5.0599,6.4026,4.7080,4.0331
247.0300,4.5032,5.1633,4.0869,4.1665
247.1000,4.2989,4.2126,3.8269,3.8264
247.1700,3.5933,4.7448,4.2146,4.5487
247.2400,3.2526,5.5532,4.8239,4.2011
247.3100,3.6035,5.8800,5.5183,4.3579
247.3800,3.6689,5.9151,6.0355,5.2887
247.4500,4.5024,5.7076,6.1280,4.8330
247.5200,5.3866,5.8349,6.0323,5.3288
247.5900,5.7432,6.1187,5.7839,5.9689
247.6600,6.7064,5.9574,5.8675,6.1912
247.7300,7.2920,5.4637,5.8532,5.2579
247.8000,7.1113,4.9346,5.3919,4.6529
247.8700,6.7800,4.2938,4.8975,4.3766
247.9400,7.4578,4.0996,4.9027,3.9754
248.0100,7.9290,4.3993,5.1666,3.8770
248.0800,7.9501,4.6406,5.1723,3.2112
248.1500,7.6616,5.2144,4.9857,3.7951
248.2200,8.1108,5.2544,4.8851,4.0593
248.2900,7.8394,5.5068,3.8487,4.7460
248.3600,7.6484,5.2298,3.8536,4.7943
248.4300,8.0767,4.4914,4.7857,5.4920
248.5000,8.3676,4.1194,5.2604,5.6030
248.5700,7.9028,4.7945,4.4490,5.9413
248.6400,6.8862,5.0057,4.3668,6.0476
248.7100,6.1824,5.2988,4.5868,5.6096
248.7800,5.3877,5.3526,5.2015,4.7830
248.8500,5.1926,5.7037,5.5901,4.2479
248.9200,5.4984,6.3257,5.5920,4.5000
248.9900,5.8873,6.6084,5.3978,4.9656
249.0600,6.0837,6.5909,5.8431,5.0871
249.1300,5.9658,7.1122,6.1360,4.9114
249.2000,5.5529,7.0369,6.4365,4.8361
249.2700,5.2618,6.6031,6.0060,5.0152
249.3400,4.8098,6.1945,5.4582,5.2538
249.4100,5.0192,4.8129,5.0767,5.4623
249.4800,5.1714,4.3950,4.3911,5.7989
249.5500,5.5945,5.5512,4.3195,5.7659
249.6200,6.2138,5.5730,4.2832,5.4437
249.6900,6.4182,5.2421,4.9729,5.3957
249.7600,7.1151,5.3143,4.6790,4.9691
249.8300,7.1584,5.8399,4.3754,4.7773
249.9000,7.1016,6.9071,4.0649,4.3440
249.9700,7.8571,7.6872,4.7176,3.5325
250.0400,8.1873,7.7386,4.3084,4.5331
250.1100,8.1160,7.1256,4.8655,5.0265
250.1800,7.9457,6.0880,5.3881,4.8168
250.2500,8.0658,5.2366,5.6158,4.2899
250.3200,8.5419,4.6502,5.9721,4.6881
250.3900,8.3561,4.3811,5.8625,5.5742
250.4600,8.6743,4.3708,6.9743,6.5593
250.5300,8.7047,4.2666,7.0800,6.0851
250.6000,7.6678,4.9398,7.2497,5.0502
250.6700,6.3405,6.1424,7.6649,4.5230
250.7400,5.1646,6.4458,7.7262,5.2063
250.8100,5.4208,7.0219,6.6218,6.1936
250.8800,5.8578,6.3335,6.4792,6.9991
250.9500,6.1137,6.0130,6.5042,7.7929
251.0200,5.9558,5.8965,5.6627,7.7794
251.0900,6.2083,5.9986,4.7302,7.6466
251.1600,5.8259,6.3964,4.1875,7.3944
251.2300,4.7787,7.1616,3.8993,6.6060
251.3000,5.1100,7.0087,3.5290,5.8967
251.3700,5.6235,7.0386,3.1588,5.4015
251.4400,5.5181,7.4958,4.1323,4.4944
251.5100,5.7205,7.3209,4.2668,3.5457
251.5800,5.3547,6.5447,4.8269,3.0190
251.6500,5.3244,6.0432,5.5353,3.8084
251.7200,5.3000,5.3448,5.5850,3.7240
251.7900,6.1740,5.5928,4.9487,3.9668
251.8600,6.9410,5.7456,4.9617,3.6121
251.9300,7.2254,5.4736,4.0079,3.5631
252.0000,7.5887,4.3900,3.8759,3.4882
252.0700,7.2031,3.8507,3.7901,3.4276
252.1400,6.9068,2.8955,4.0614,3.8799
252.2100,7.1634,3.3207,4.7151,4.0318
252.2800,6.8694,4.5755,5.0278,3.4120
252.3500,6.3545,5.4114,5.1554,3.7883
252.4200,6.6882,5.7053,5.1867,3.7151
252.4900,6.4753,5.5206,5.5370,3.9698
252.5600,6.3863,5.8318,5.1528,3.4811
252.6300,5.6675,6.6350,4.5769,3.9148
252.7000,5.2519,6.4877,3.8717,4.0580
252.7700,5.2979,6.8999,3.3503,4.7382
252.8400,5.0189,7.0195,3.8246,4.7935
252.9100,4.5487,6.6562,4.1593,4.4697
252.9800,4.7690,5.8034,3.8518,4.7986
253.0500,4.6500,4.8440,3.9188,4.8636
253.1200,5.1498,4.5457,4.7820,4.6141
253.1900,6.0394,4.3282,4.7817,4.3189
253.2600,6.5182,4.4180,4.6842,4.4410
253.3300,7.0194,4.0784,4.3163,5.3360
253.4000,7.8400,4.4742,4.3182,6.0063
253.4700,8.5070,4.8862,4.3663,6.4398
253.5400,8.1646,5.3413,4.7900,6.9618
253.6100,7.5904,5.9665,4.3581,7.1463
253.6800,7.4604,5.4648,4.0072,6.7887
253.7500,7.2587,4.7869,3.6233,6.9189
253.8200,6.9158,4.4541,3.9430,7.4484
253.8900,6.5661,4.0741,3.8761,8.5730
253.9600,6.5831,4.4732,5.1424,8.5595
254.0300,6.0821,4.5027,5.3605,8.8585
254.1000,4.8424,4.4247,5.5792,8.5227
254.1700,4.6144,4.0906,5.4639,7.5230
254.2400,4.7079,4.2757,4.3926,7.2247
254.3100,5.6229,4.6274,3.7990,6.9176
254.3800,6.2337,5.1008,3.6467,6.3652
254.4500,6.1348,5.4198,2.8833,5.9561
254.5200,5.4093,6.8727,3.6109,5.3528
254.5900,4.8973,7.2894,4.9423,5.8607
254.6600,4.1577,7.2179,5.6052,6.1315
254.7300,4.3488,7.3432,6.1581,5.9733
254.8000,4.4652,7.0251,5.4430,5.2780
254.8700,4.8754,6.6165,4.8223,4.9964
254.9400,4.9879,5.7373,4.8805,5.5261
255.0100,5.2051,4.4777,5.0985,5.8292
255.0800,5.2822,3.8650,4.9779,6.2595
255.1500,5.3986,3.8200,5.1225,6.5711
255.2200,5.9253,4.4106,5.7054,6.6133
255.2900,5.6306,4.6339,5.5028,5.9345
255.3600,6.0055,4.6340,4.4253,5.0684
255.4300,5.7186,4.2385,4.7016,5.0574
255.5000,5.0422,4.3644,4.5759,5.8029
255.5700,4.7168,4.5805,4.3375,5.8932
255.6400,4.7710,4.6675,3.4078,5.8261
255.7100,4.2074,4.7960,3.4865,5.4773
255.7800,4.2363,5.2380,3.7368,5.4210
255.8500,4.4988,5.4555,4.1337,5.2143
255.9200,4.6233,5.2579,4.0733,4.9930
255.9900,4.7722,5.1558,3.9730,4.2850
256.0600,4.7258,5.8463,3.3104,5.0329
256.1300,5.3246,5.8485,3.2681,5.4863
256.2000,5.3607,6.1812,4.8937,5.1278
256.2700,5.1656,6.9542,4.7260,4.3897
256.3400,4.5974,6.6749,5.8964,4.1488
256.4100,4.0272,6.1694,6.0433,4.1552
256.4800,4.6906,5.8319,5.3962,4.7407
256.5500,5.7752,5.4425,4.6334,4.6921
256.6200,6.0843,5.6073,3.6413,4.5854
256.6900,5.6558,5.5376,3.2921,4.2090
256.7600,4.8621,4.8554,3.3435,3.9763
256.8300,4.6457,4.8114,3.8262,4.0013
256.9000,5.0161,4.3006,3.8870,3.2385
256.9700,4.6373,4.0561,4.1763,3.5796
257.0400,4.4582,3.7938,4.6170,3.4667
257.1100,4.4577,4.0177,4.7362,4.3439
257.1800,3.8679,4.1608,4.1772,5.1767
257.2500,4.1283,4.8691,3.9716,5.4934
257.3200,4.3551,5.3239,4.4400,6.3811
257.3900,3.6252,5.8012,4.2865,6.1657
257.4600,3.4864,5.9595,4.7092,5.8030
257.5300,3.9389,5.9497,4.9034,6.0702
257.6000,4.2263,5.6711,4.9056,5.9648
257.6700,3.8572,4.7537,4.6556,5.4485
257.7400,4.0443,4.4298,5.4784,5.3692
257.8100,4.0841,3.9719,5.6417,5.2939
257.8800,4.3645,4.4325,5.5344,5.5187
257.9500,3.9651,4.8830,6.0093,6.3644
258.0200,3.4860,5.6363,5.7245,6.6645
258.0900,3.3951,5.8161,6.5153,6.9435
258.1600,3.7008,6.3637,6.9748,7.1207
258.2300,4.3229,6.8564,6.2714,7.5896
258.3000,4.5461,7.5396,6.2354,8.7263
258.3700,4.2998,7.5718,6.0031,9.0856
258.4400,4.2766,7.0717,5.9399,8.6634
258.5100,4.7463,7.5510,5.8251,8.4727
258.5800,4.6183,7.6346,5.4655,8.5086
258.6500,4.6623,6.7622,5.8084,8.5817
258.7200,4.9275,6.1157,6.0172,8.4350
258.7900,5.1535,6.7173,5.8293,8.1400
258.8600,5.1079,7.2853,6.0144,8.2180
258.9300,4.3623,7.0627,6.4633,7.5544
259.0000,4.0637,7.2465,6.5912,7.3612
259.0700,3.7241,7.0029,6.7321,6.9598
259.1400,3.6243,6.8604,6.7562,6.5256
259.2100,3.9608,6.4661,7.2490,5.9141
259.2800,4.2846,6.3631,7.5543,5.2000
259.3500,3.9211,5.5416,7.8874,4.8320
259.4200,3.7850,4.9476,8.2146,4.2768
259.4900,3.4603,4.3448,7.7939,3.8415
259.5600,3.6667,3.9499,7.5492,3.8906
259.6300,3.2688,3.7267,6.9369,4.5726
259.7000,3.5685,4.1354,6.7859,4.3704
259.7700,4.1482,4.1979,6.6542,4.1591
259.8400,4.1547,4.4341,6.6336,4.4251
259.9100,4.0203,3.9790,6.8636,4.2919
259.9800,4.2907,3.7718,5.9166,3.6057
260.0500,4.3796,3.9236,5.8795,3.1301
260.1200,5.1303,4.2026,6.0103,4.0090
260.1900,5.7784,4.8794,4.8408,4.3858
260.2600,5.2487,4.5917,3.8651,5.0054
260.3300,4.7712,4.6063,4.3730,5.3275
260.4000,4.4448,5.3019,4.1600,5.5969
260.4700,4.7850,6.1801,4.0652,5.4036
260.5400,4.4251,7.1922,4.2613,6.0606
260.6100,4.1862,7.9233,4.4239,5.7404
260.6800,4.2765,8.1055,4.6170,5.5515
260.7500,5.5232,8.1350,4.9135,5.8005
260.8200,6.6220,7.8184,5.6454,6.0842
260.8900,6.8838,7.2148,5.4653,5.6846
260.9600,6.7615,6.4411,5.6985,5.7289
261.0300,6.6577,5.6074,5.7779,6.3582
261.1000,6.7362,5.1516,5.8281,6.3645
261.1700,6.7515,4.7072,6.1514,6.1313
261.2400,6.8708,4.6496,5.6097,5.9996
261.3100,6.9605,5.5028,5.7455,5.0775
261.3800,6.9463,5.8439,5.0031,4.4150
261.4500,6.7242,5.9144,4.4895,3.9170
261.5200,6.0215,6.1376,5.3436,4.1016
261.5900,5.4315,5.8683,5.6792,3.9850
261.6600,5.9392,6.3758,6.0624,3.8087
261.7300,6.9379,6.9130,5.8580,4.7492
261.8000,7.4490,6.4275,5.0696,5.5165
261.8700,8.0825,6.1127,4.6006,5.8594
261.9400,7.5495,5.6566,5.1607,5.7350
262.0100,6.9725,5.2611,5.0609,6.0834
262.0800,6.2022,5.0986,4.9399,5.8550
262.1500,5.5452,5.4991,5.4911,6.0163
262.2200,6.1630,5.3226,6.0919,5.9304
262.2900,6.3959,5.0644,5.8785,5.6876
262.3600,6.8028,4.8062,5.9859,5.4662
262.4300,6.9469,4.6285,6.0209,5.4699
262.5000,6.9955,4.7448,5.7807,4.4461
262.5700,6.9790,5.4739,5.0598,4.3544
262.6400,6.9554,5.9527,5.1296,4.8215
262.7100,6.6237,5.9698,4.8340,4.7732
262.7800,6.6597,6.1515,4.7750,4.8138
262.8500,6.8809,6.7257,4.3803,4.4173
262.9200,7.4160,7.0125,5.0127,4.0073
262.9900,7.9782,7.1974,5.3469,4.2645
263.0600,8.5888,7.2815,4.8686,4.4272
263.1300,9.3722,7.0996,4.6912,5.1844
263.2000,8.9931,5.8350,4.3843,5.5465
263.2700,8.1072,5.0035,3.7468,6.0242
263.3400,7.7507,4.8147,4.2126,6.1145
263.4100,6.8559,5.1128,4.9022,5.1594
263.4800,5.7631,5.5119,5.8154,4.2973
263.5500,5.4997,5.7968,5.1052,4.2523
263.6200,4.2666,5.5901,4.9909,3.7722
263.6900,3.5080,5.5852,3.9528,4.0661
263.7600,3.8972,5.6771,3.6592,3.5931
263.8300,4.6112,4.8328,3.9131,3.8548
263.9000,4.6714,4.1652,3.8620,4.2429
263.9700,5.1309,3.8544,3.5743,4.0477
264.0400,4.4513,4.2029,3.1338,3.6275
264.1100,4.1577,4.5622,3.7536,3.6640
264.1800,4.2033,5.3358,4.8290,3.8714
264.2500,4.6983,6.1260,4.6872,4.4121
264.3200,5.4020,6.6597,4.0101,4.3846
264.3900,5.4708,6.6998,3.6065,4.4671
264.4600,5.5083,6.9751,3.4577,4.1124
264.5300,5.2543,6.2494,4.0676,4.1249
264.6000,4.7638,5.8977,4.0623,3.6368
264.6700,4.9284,5.7441,3.8782,3.5440
264.7400,5.2799,6.0780,4.0472,4.1097
264.8100,5.0247,6.1595,4.7233,4.6572
264.8800,4.8302,6.4155,4.3076,5.2284
264.9500,5.4815,6.8349,4.4832,5.2864
265.0200,5.5276,7.2467,4.5384,5.1154
265.0900,5.4229,7.4145,3.7687,4.7519
265.1600,5.9600,7.4597,4.0938,4.9097
265.2300,6.4757,7.2894,5.1008,5.0003
265.3000,6.4527,7.2472,5.6373,4.5760
265.3700,6.4633,6.5713,6.4314,4.5592
265.4400,5.9126,5.7059,6.7551,5.0572
265.5100,6.2294,4.6798,6.6895,5.5388
265.5800,5.8603,3.9664,6.0209,5.5609
265.6500,5.5385,4.3729,5.6499,5.6624
265.7200,5.7440,4.2060,4.9372,5.6952
265.7900,6.1161,4.4367,4.2191,5.4031
265.8600,5.8473,5.6210,3.8962,6.2650
265.9300,5.9135,6.1128,4.3307,7.3049
266.0000,6.1013,6.3218,3.8000,7.7660
266.0700,5.9851,6.6877,3.9423,7.6409
266.1400,5.8411,7.1670,4.3915,7.0259
266.2100,5.2150,7.1941,5.2908,6.1716
266.2800,5.0824,7.2000,5.4998,5.9328
266.3500,5.4237,6.8719,6.3766,5.9823
266.4200,5.4345,7.5325,6.7244,5.6538
266.4900,5.1996,7.1874,7.0876,5.6923
266.5600,5.3855,6.5286,6.9350,6.2363
266.6300,4.9535,5.4419,6.9574,6.0095
266.7000,4.6691,4.5511,7.0285,5.6831
266.7700,4.4837,3.2540,6.4198,6.2124
266.8400,5.1778,3.6931,5.8515,5.9217
266.9100,5.1609,3.7563,5.8909,4.8133
266.9800,5.3195,3.7233,5.8954,4.2139
267.0500,5.3375,3.9088,6.1624,3.9042
267.1200,5.0375,4.2084,6.4144,3.5089
267.1900,5.4242,4.3274,6.4468,3.6369
267.2600,5.6892,5.0553,6.6012,4.0302
267.3300,5.5740,5.3586,5.4326,4.7010
267.4000,4.7464,4.9517,4.8224,4.7123
267.4700,4.5445,5.0512,4.8936,4.3977
267.5400,4.5409,5.4205,5.9527,4.5863
267.6100,4.4566,6.0837,6.2599,5.7245
267.6800,4.5337,6.0678,5.9283,6.3544
267.7500,3.8377,6.0056,5.8436,6.5820
267.8200,4.1254,6.2386,6.4795,6.2370
267.8900,3.7934,5.8849,6.8216,6.2113
267.9600,3.9436,5.8186,7.1156,6.2437
268.0300,4.6114,6.1295,7.0342,6.0890
268.1000,4.6496,6.2817,7.0520,6.4376
268.1700,4.4328,6.0469,7.0974,6.1083
268.2400,4.4602,5.6833,7.2155,5.6752
268.3100,4.0333,5.1622,6.7908,5.8447
268.3800,4.5162,4.8402,6.1855,5.3584
268.4500,5.2614,4.8240,5.7688,5.6233
268.5200,5.4028,4.4748,5.0606,5.3253
268.5900,5.2836,4.1095,4.5440,5.2881
268.6600,5.1802,4.2467,4.7305,5.6732
268.7300,4.5166,4.1695,4.9941,6.0030
268.8000,3.6646,3.8725,5.1213,5.8738
268.8700,4.2980,3.8036,5.2735,6.5469
268.9400,4.7905,3.5838,5.9763,6.4441
269.0100,4.9173,4.4321,6.2345,6.2312
269.0800,5.6645,4.8028,6.3310,5.6094
269.1500,6.0049,4.8001,7.2438,5.3369
269.2200,6.1565,5.2165,7.5419,4.8454
269.2900,5.8492,5.4075,7.0199,4.8911
269.3600,5.6737,4.8720,6.8695,4.6806
269.4300,5.1612,4.2893,7.5633,4.5140
269.5000,5.0772,4.5276,7.4427,5.1897
269.5700,5.3217,4.1974,7.2574,5.3426
269.6400,5.5508,4.1068,6.6537,6.1803
269.7100,5.9201,4.1737,6.2967,6.8161
269.7800,5.7716,4.1131,6.7727,7.4545
269.8500,5.2336,3.9988,7.4136,8.4008
269.9200,5.0598,3.7204,8.5645,8.1479
269.9900,5.0086,3.4929,9.1624,7.4697
270.0600,4.9576,4.2233,9.0394,6.9794
270.1300,5.4991,4.5801,8.4703,6.3796
270.2000,6.1525,5.0889,7.8442,7.0050
270.2700,6.6630,4.5762,7.0272,6.7462
270.3400,6.3633,4.4304,5.0920,6.5414
270.4100,5.8420,4.5456,4.4637,6.3118
270.4800,5.3201,4.2539,4.5207,6.8461
270.5500,5.7826,4.2617,4.5831,6.9708
270.6200,5.9573,4.9525,4.0809,6.4126
270.6900,5.8310,5.7490,4.5102,5.9720
270.7600,5.9222,6.2094,5.0209,5.7616
270.8300,5.7907,5.6181,5.2389,5.2386
270.9000,5.4142,4.9163,5.2631,4.7774
270.9700,5.1881,4.1810,5.5942,4.9933
271.0400,5.1947,3.5888,6.0091,5.1830
271.1100,5.1759,3.9281,5.6802,5.0889
271.1800,5.2662,4.1244,5.5752,5.1809
271.2500,4.7567,4.5017,6.1174,4.7637
271.3200,3.8237,4.7613,6.3984,4.7787
271.3900,3.5235,5.2847,6.2050,4.3585
271.4600,3.1900,5.9914,6.0711,3.5421
271.5300,3.7157,6.4567,6.3792,4.3617
271.6000,3.2366,6.6708,5.9803,5.3129
271.6700,3.7356,6.3311,5.5259,4.9967
271.7400,3.6124,5.8971,5.8529,5.2345
271.8100,3.4709,5.3581,5.9142,5.3018
271.8800,3.3354,5.0408,6.5259,5.1852
271.9500,3.9267,4.3673,6.8423,5.3747
272.0200,4.5917,4.1847,6.1098,5.7744
272.0900,4.9632,4.6756,5.6835,6.1069
272.1600,4.0745,5.2763,5.7941,6.2936
272.2300,3.8043,5.2119,6.6742,6.5500
272.3000,4.2533,5.0294,6.6716,6.8949
272.3700,4.1299,4.7476,6.7067,7.3534
272.4400,4.1050,4.1990,6.5067,7.5457
272.5100,3.4701,3.9633,6.0532,6.5893
272.5800,3.5827,4.6267,5.8113,4.9261
272.6500,3.7908,4.7397,5.4569,3.7684
272.7200,4.5819,4.8998,5.5424,3.7517
272.7900,4.4873,5.4279,5.0260,4.5992
272.8600,4.1848,5.1010,4.2423,4.1583
272.9300,4.4994,5.2435,5.0498,5.1115
273.0000,4.5164,6.4860,5.1973,5.1857
273.0700,4.9248,7.5708,4.9866,4.8745
273.1400,4.9437,7.3623,4.4448,4.5488
273.2100,5.0154,6.7704,4.5974,4.7470
273.2800,4.9223,5.4873,5.0828,3.9590
273.3500,5.0791,5.1813,5.4657,4.4270
273.4200,5.3740,4.9773,4.8295,4.9573
273.4900,6.1864,4.8417,5.1559,6.0653
273.5600,5.9285,4.2785,5.6825,6.9310
273.6300,5.3803,4.2115,5.9807,6.9711
273.7000,5.1328,4.5241,6.0354,7.2871
273.7700,5.5684,5.2043,5.9821,6.6639
273.8400,5.7248,5.3894,6.2949,7.1741
273.9100,5.2350,4.6307,6.1878,8.1011
273.9800,3.8647,4.4520,5.4757,8.7724
274.0500,3.3541,4.0983,4.9772,8.7993
274.1200,3.6986,4.2559,4.5683,8.7762
274.1900,4.6430,4.6882,4.3179,9.1478
274.2600,4.8742,5.5382,4.1574,8.6014
274.3300,5.1273,6.0686,3.9985,8.0733
274.4000,4.8375,5.9931,3.9190,8.2868
274.4700,4.7644,5.4641,3.9605,8.4795
274.5400,4.3026,4.8665,5.1561,7.9971
274.6100,4.0605,4.8329,5.9393,7.3117
274.6800,4.3957,4.7849,6.3537,7.0259
274.7500,5.0348,5.0110,6.2047,7.7857
274.8200,4.9237,4.8061,6.5910,7.6780
274.8900,4.8974,4.4713,6.6613,7.6122
274.9600,4.2537,4.7470,6.8278,6.7877
275.0300,5.3583,4.8526,6.9841,6.1071
275.1000,5.6797,4.9155,6.7945,5.7021
275.1700,5.8036,5.0227,6.4849,5.4402
275.2400,4.6837,5.7120,6.4177,4.9459
275.3100,3.8417,6.2678,6.1702,5.4039
275.3800,3.7467,5.8077,5.7656,5.3256
275.4500,3.3222,5.1692,5.8530,4.4509
275.5200,3.7505,4.8898,5.7187,4.0619
275.5900,3.7349,4.9266,5.5307,3.4498
275.6600,4.2752,4.8985,5.5414,4.1117
275.7300,4.7555,4.1229,6.4161,4.7856
275.8000,4.5729,4.3654,6.8587,4.5482
275.8700,4.0602,3.9598,6.7946,4.9335
275.9400,3.8593,4.2334,6.2843,4.9917
276.0100,3.8233,4.3948,6.3954,4.4684
276.0800,3.6555,3.8499,6.0124,4.3080
276.1500,4.4693,3.8141,5.9445,4.0824
276.2200,5.5006,4.3519,5.9419,4.0944
276.2900,7.0875,4.2883,6.5941,4.0450
276.3600,8.2768,4.1648,6.4530,4.0591
276.4300,7.8453,4.0016,5.3895,4.3363
276.5000,7.8055,4.2998,4.8808,4.1052
276.5700,7.6724,3.8543,5.0009,4.1342
276.6400,7.3652,4.2496,4.9616,4.0905
276.7100,6.6133,4.0404,4.9856,4.0361
276.7800,6.6458,3.9707,5.3838,3.8210
276.8500,7.2915,4.1126,5.4076,3.7702
276.9200,7.6150,4.2639,6.2237,4.5371
276.9900,7.0156,4.4894,6.1903,5.1543
277.0600,6.3309,4.6245,5.6285,5.0032
277.1300,6.1537,4.7858,5.6926,5.0988
277.2000,6.7347,4.8590,4.9175,4.6278
277.2700,6.9845,4.2185,4.8910,4.6102
277.3400,7.1464,4.0788,5.2179,5.0163
277.4100,5.4393,3.9059,5.0104,5.3717
277.4800,4.7117,3.5775,4.5421,6.4664
277.5500,4.6838,3.9307,4.8230,6.8096
277.6200,5.3644,3.3461,5.7479,7.7610
277.6900,4.9263,3.4374,6.3861,7.6225
277.7600,5.1135,3.4621,6.8518,7.3550
277.8300,4.7061,3.8841,7.0201,6.3325
277.9000,4.9476,3.5727,6.7485,5.4331
277.9700,5.1912,3.7877,5.7277,4.7803
278.0400,5.0793,4.1631,4.5769,4.3138
278.1100,5.4099,4.8168,3.8503,4.0793
278.1800,5.9698,4.4799,4.2724,3.1095
278.2500,6.1822,4.6872,5.3694,3.4213
278.3200,5.6348,5.3300,6.4540,3.3952
278.3900,4.9728,5.6236,5.8548,3.3948
278.4600,4.4221,5.3657,4.6744,3.9410
278.5300,4.2640,5.8576,3.6857,4.0604
278.6000,3.9532,6.2131,3.8020,4.8206
278.6700,4.5360,6.9693,4.7442,5.5894
278.7400,4.8139,7.5037,5.9812,5.2823
278.8100,4.2699,7.4574,6.7638,5.0606
278.8800,4.2891,7.1124,6.7659,5.1343
278.9500,3.8445,5.9886,6.9496,4.9893
279.0200,4.1573,5.5256,7.1699,4.9003
279.0900,4.4961,5.6764,7.0234,4.6106
279.1600,4.3902,6.4345,7.2509,5.5463
279.2300,4.5180,6.4221,7.1005,6.0718
279.3000,4.7089,6.7490,6.8672,6.5895
279.3700,4.5302,5.9007,7.3052,6.6430
279.4400,4.6203,5.1668,7.1560,6.5169
279.5100,4.9751,4.9589,6.3582,5.9566
279.5800,5.5431,4.3640,6.0846,5.5365
279.6500,5.5432,5.1352,5.5970,5.3034
279.7200,5.3527,5.1535,5.5501,5.4055
279.7900,5.3381,4.7650,6.6292,5.3107
279.8600,5.6031,4.7874,7.0565,6.3166
279.9300,5.5288,5.5970,6.7753,7.1785
280.0000,5.7652,6.5290,5.8692,7.2275
280.0700,6.0828,7.2454,5.6539,7.8892
280.1400,5.9955,7.0030,5.3108,8.5310
280.2100,5.6116,6.0824,4.9033,8.6505
280.2800,4.8610,4.5663,4.8331,8.9105
280.3500,4.3539,4.2373,4.8216,7.7974
280.4200,3.9479,4.7860,4.5438,7.2385
280.4900,3.9493,6.0618,4.6283,6.7694
280.5600,3.5856,6.2061,4.6767,6.9965
280.6300,3.8116,5.6932,4.8986,7.5013
280.7000,4.0714,5.1257,4.8730,7.3826
280.7700,4.2509,5.0153,4.5027,7.1660
280.8400,4.9086,4.2587,4.2632,6.7957
280.9100,5.3371,4.3977,3.8307,6.8532
280.9800,5.7320,4.7292,3.3087,6.5979
281.0500,5.6772,4.7273,3.4857,5.1931
281.1200,6.4352,5.0014,4.0596,4.6556
281.1900,6.6133,5.4444,4.5495,4.7072
281.2600,6.6399,6.3451,4.2996,4.1650
281.3300,6.4602,6.5618,4.3089,4.2344
281.4000,6.1532,6.6867,3.7777,5.0330
281.4700,6.4461,6.2499,4.0219,5.0783
281.5400,6.3218,6.4159,4.5822,4.3755
281.6100,6.2999,5.6772,4.1069,4.5087
281.6800,6.8266,5.7181,4.0220,4.4232
281.7500,7.2733,6.0394,4.4643,4.5014
281.8200,7.4307,5.9052,4.2944,5.0506
281.8900,7.3403,5.9178,4.1631,5.7830
281.9600,7.4669,5.2818,3.9950,6.4588
282.0300,7.9446,5.4807,4.1217,6.5947
282.1000,8.5684,5.0985,4.7816,6.7854
282.1700,8.4087,4.1243,4.6777,7.4078
282.2400,7.9230,3.3667,4.0787,7.1551
282.3100,7.5760,3.4900,3.6047,7.0156
282.3800,6.9118,3.9450,3.3675,6.8936
282.4500,6.2903,4.0147,2.8865,7.4695
282.5200,5.4869,3.9779,3.7276,7.6901
282.5900,4.7399,3.9620,4.1867,7.4655
282.6600,4.7387,4.3348,3.6170,6.5312
282.7300,4.6848,3.9398,3.5474,6.2650
282.8000,4.8418,3.5380,3.5612,5.7963
282.8700,4.4076,3.7663,3.2563,5.3756
282.9400,4.2685,4.7000,2.9081,4.9725
283.0100,4.3965,4.5841,3.3388,5.4238
283.0800,4.6539,4.5928,4.6728,5.9036
283.1500,4.6561,4.8187,5.5564,6.4427
283.2200,4.3751,5.4530,5.1674,6.7568
283.2900,4.0312,6.3461,4.8476,6.9781
283.3600,4.3161,6.7872,4.8114,5.7834
283.4300,5.1137,7.0119,4.2490,5.6069
283.5000,6.5083,7.3451,4.2969,6.2976
283.5700,6.7576,7.2028,4.7425,6.6492
283.6400,6.4792,6.6074,4.5081,6.4704
283.7100,5.9936,6.3641,4.7898,6.5920
283.7800,6.1954,6.4543,5.1748,6.5661
283.8500,7.2148,6.3950,6.1314,5.9244
283.9200,7.7346,6.4726,6.7634,5.8088
283.9900,8.3801,6.2696,7.0839,6.0800
284.0600,8.7152,5.9442,6.8339,5.9934
284.1300,8.4014,5.7541,6.7325,5.7016
284.2000,7.9967,5.9475,6.4302,5.6590
284.2700,7.3241,6.8368,6.6500,5.6718
284.3400,6.2212,7.3606,6.7245,5.8402
284.4100,5.7223,7.4470,7.0434,5.6222
284.4800,5.6072,7.1846,7.1659,6.4048
284.5500,5.7374,6.3610,6.7260,6.3960
284.6200,5.5875,5.8074,6.3787,6.7999
284.6900,5.5573,6.1760,7.2136,7.0892
284.7600,5.6530,6.3158,6.8206,6.8115
284.8300,6.5896,5.8217,6.3110,6.1367
284.9000,7.2842,5.6975,6.1910,5.2092
284.9700,7.6687,5.1444,6.7242,5.2251
285.0400,7.5925,5.2264,8.1050,5.0931
285.1100,7.0030,5.5470,9.3316,5.5501
285.1800,6.3027,5.3831,9.4951,6.4340
285.2500,5.9589,5.5467,8.7373,7.5076
285.3200,5.3184,5.9720,7.9868,7.9886
285.3900,4.6862,6.8520,7.1730,8.2096
285.4600,4.4448,7.4914,6.5557,7.5910
285.5300,4.1968,7.7239,6.1173,6.9888
285.6000,5.2988,7.1399,6.1561,6.2131
285.6700,6.2266,6.5114,6.2392,6.2573
285.7400,6.8759,6.2226,6.0927,6.5613
285.8100,6.2853,5.3912,6.7092,6.9478
285.8800,6.0907,4.8667,7.0170,7.6026
285.9500,6.1943,5.0424,6.8891,7.2526
286.0200,6.8742,5.4175,6.3625,7.0957
286.0900,7.4573,5.7168,6.4168,6.4972
286.1600,8.2065,6.5069,6.0318,6.2198
286.2300,8.0770,7.0829,5.4173,6.9798
286.3000,7.8060,7.1773,4.9201,7.0885
286.3700,8.2074,6.6524,4.7954,6.6392
286.4400,7.9969,6.2668,5.2866,5.5756
286.5100,7.3830,6.2822,4.9624,4.6008
286.5800,6.9209,6.9173,4.4936,4.4573
286.6500,6.5358,7.5577,4.7977,4.1232
286.7200,5.7628,7.0362,4.7811,4.7965
286.7900,5.1643,6.8212,4.1405,4.5235
286.8600,5.5306,6.1107,3.9710,4.3916
286.9300,6.3656,5.4192,4.7662,4.6696
287.0000,6.6549,4.5214,5.1743,4.7715
287.0700,6.0960,3.6513,5.5667,4.2601
287.1400,5.6699,3.6346,6.3283,4.4686
287.2100,5.9910,3.7863,6.2802,4.4077
287.2800,5.6265,5.1259,5.9048,4.8383
287.3500,5.2985,4.9448,5.7848,4.3886
287.4200,5.1166,4.8552,5.7761,4.5505
287.4900,4.8933,4.5490,5.0165,5.4844
287.5600,4.6390,4.5323,4.6642,5.1754
287.6300,4.0471,4.5983,4.6684,4.8244
287.7000,4.0573,5.3745,4.9865,4.4145
287.7700,4.1396,6.1487,5.5830,4.1213
287.8400,4.6907,6.6289,6.3216,4.5530
287.9100,4.8532,6.8173,7.4773,4.6500
287.9800,5.2357,6.3574,7.7645,5.9752
288.0500,5.3976,5.9215,6.5915,7.3434
288.1200,5.1589,5.2967,6.0357,7.4245
288.1900,4.8959,5.2791,5.5767,7.4215
288.2600,4.2394,5.5206,5.3602,7.4264
288.3300,4.4714,6.2218,5.3672,6.7954
288.4000,4.4063,5.7396,5.3594,6.7134
288.4700,4.1136,5.3843,4.1926,6.6876
288.5400,4.1012,4.3714,4.1904,6.8776
288.6100,4.1128,3.9446,4.0327,6.7968
288.6800,4.7085,4.2350,4.5333,6.4676
288.7500,6.2671,4.3022,5.0623,6.7267
288.8200,6.2623,4.8355,5.0866,6.4684
288.8900,5.5961,5.2473,4.6357,6.7218
288.9600,4.7460,5.3489,5.2167,6.2827
289.0300,4.8857,5.2695,5.8084,5.9856
289.1000,5.3834,5.2394,5.6664,5.2459
289.1700,4.8067,5.1680,5.9276,5.2353
289.2400,5.3344,5.1133,5.4765,5.0715
289.3100,5.5790,5.2251,5.0138,4.3907
289.3800,5.7463,5.2870,4.5702,3.8577
289.4500,6.5020,4.7099,4.5484,3.8333
289.5200,6.6417,5.1113,4.4132,3.7237
289.5900,6.3464,5.1259,4.8326,4.2354
289.6600,5.5487,4.8291,5.4035,4.4229
289.7300,5.0539,4.8184,5.4772,4.7814
289.8000,4.7759,5.2582,6.3637,4.8779
289.8700,5.0586,4.7333,6.7004,4.7197
289.9400,5.0348,4.7488,6.2656,4.5572
290.0100,4.5391,5.1212,5.9681,4.3098
290.0800,4.1056,5.2917,5.7781,4.4206
290.1500,4.3084,5.0738,6.0326,4.4405
290.2200,5.2151,5.4102,6.7521,4.8972
290.2900,5.1552,6.2986,6.9275,5.2048
290.3600,5.0361,5.5100,6.8377,5.7591
290.4300,4.8518,4.9531,7.8147,5.5934
290.5000,4.2782,4.3567,6.8691,5.3349
290.5700,4.0113,4.7688,6.0104,5.1992
290.6400,3.9071,4.6301,5.5293,5.2165
290.7100,4.7087,4.3471,5.3116,5.0976
290.7800,5.5200,4.2692,4.9849,5.5036
290.8500,5.4836,3.9671,5.3348,5.8413
290.9200,4.7842,4.2637,5.5650,5.8327
290.9900,4.6464,4.2943,5.5564,5.4172
291.0600,4.2652,3.7187,6.1870,4.6863
291.1300,4.4070,3.7104,6.2133,4.0391
291.2000,4.7972,3.7535,5.4224,3.3936
291.2700,5.3465,4.6425,4.8028,3.6064
291.3400,6.1201,4.8196,4.9033,4.1486
291.4100,6.3161,5.4745,4.6056,4.5038
291.4800,5.9654,5.3933,4.7409,5.6153
291.5500,5.5347,5.2821,4.4067,5.9528
291.6200,5.5348,5.5262,4.2243,5.4058
291.6900,5.3723,5.6566,4.7360,4.9217
291.7600,5.9044,6.1231,5.5414,4.3079
291.8300,6.4409,6.1968,6.0993,3.3403
291.9000,7.4718,5.7118,5.9965,3.4811
291.9700,8.1495,5.2197,6.1464,4.2505
292.0400,8.1229,5.0582,5.9805,4.8459
292.1100,7.7384,5.1557,6.0964,5.1966
292.1800,7.3272,4.9323,5.9913,5.3904
292.2500,6.1762,4.6638,5.9988,5.5454
292.3200,5.3648,4.5394,5.5826,5.8088
292.3900,4.9361,5.1341,5.1342,4.8778
292.4600,4.9318,5.3801,4.9957,4.6819
292.5300,5.0455,5.7403,5.3332,4.9383
292.6000,4.4321,5.8386,5.6000,5.2364
292.6700,4.5928,4.6755,5.7731,6.0215
292.7400,5.1924,4.6421,5.5872,6.6332
292.8100,4.8381,4.6435,5.8135,7.0319
292.8800,4.5378,5.3487,6.4907,7.2344
292.9500,5.0505,5.2497,6.4576,6.7707
293.0200,4.8715,5.9845,5.9263,5.8752
293.0900,4.6575,5.4053,5.8135,5.7057
293.1600,4.4008,4.7978,4.7720,5.2611
293.2300,4.2186,5.8163,4.0815,5.3358
293.3000,4.3585,6.7846,4.3266,5.7888
293.3700,4.7851,7.5738,4.1266,5.5445
293.4400,5.2725,8.4949,4.5444,5.4259
293.5100,5.4570,8.5986,4.0172,5.3189
293.5800,5.0281,7.7436,4.6623,5.1040
293.6500,5.0862,6.6526,5.4039,4.2406
293.7200,5.5613,5.7041,6.0423,3.4452
293.7900,6.0164,4.6639,5.5774,3.0343
293.8600,7.2908,4.4475,5.7250,3.5076
293.9300,7.9179,3.7395,6.1222,4.2183
294.0000,8.3443,3.5081,6.3236,4.1293
294.0700,8.7665,3.5231,6.7485,3.2232
294.1400,9.0329,3.2407,7.1029,4.0103
294.2100,8.2309,3.6467,7.5348,4.2387
294.2800,8.0374,3.6965,8.4141,4.4105
294.3500,7.9263,4.3897,8.2328,5.0617
294.4200,7.7325,5.6958,7.5670,5.5359
294.4900,7.2197,4.9668,7.4124,6.0970
294.5600,6.9109,4.3669,7.5396,6.8073
294.6300,7.0053,4.3586,7.0698,7.6076
294.7000,7.6204,4.8806,6.1239,7.3242
294.7700,8.0180,5.3070,5.4305,6.9493
294.8400,8.3182,5.6895,5.3452,6.5029
294.9100,8.4566,6.3354,5.0433,6.5652
294.9800,8.3326,6.1217,5.0712,6.2660
295.0500,7.6834,5.7948,5.6400,5.4718
295.1200,7.0955,5.5968,6.5216,5.3251
295.1900,7.0431,5.5499,6.6568,5.3171
295.2600,6.0478,5.6275,6.3049,5.3785
295.3300,5.9027,5.8918,6.5021,5.7237
295.4000,6.4068,6.2712,6.2010,5.4047
295.4700,6.6494,6.3183,5.7093,5.1112
295.5400,6.9002,5.8787,5.9783,5.1685
295.6100,7.5299,5.1277,7.1783,5.1080
295.6800,7.6859,5.3067,7.7110,5.3590
295.7500,8.1894,4.7572,7.7767,4.9396
295.8200,7.8442,4.5380,7.0492,4.3907
295.8900,7.8294,4.9069,6.2757,4.7507
295.9600,7.8715,4.9734,6.2441,5.0962
296.0300,7.1666,5.3090,6.5267,5.1989
296.1000,6.8357,4.1509,6.1282,5.4737
296.1700,6.2365,3.8691,5.9052,5.1933
296.2400,6.7531,4.3126,5.9253,4.7673
296.3100,7.1488,5.0169,6.2855,4.8555
296.3800,6.9697,4.7967,5.9284,5.2617
296.4500,7.0556,4.5467,6.0284,5.2238
296.5200,7.1564,4.4968,6.5507,4.8307
296.5900,7.3537,4.4311,6.9387,4.2031
296.6600,7.2769,4.1190,7.0845,4.3124
296.7300,6.1541,4.3096,7.2236,4.9252
296.8000,6.0200,3.9950,6.7228,5.9228
296.8700,6.7973,3.7206,6.5140,7.1020
296.9400,7.3520,3.4234,6.1442,7.2296
297.0100,7.4888,3.9615,6.2808,6.9890
297.0800,6.5976,4.1585,5.8738,6.4293
297.1500,5.3998,4.6997,5.6673,5.1770
297.2200,4.6092,4.4363,5.1490,4.7249
297.2900,5.0504,4.4475,4.0947,4.8662
297.3600,5.2337,4.3242,3.5711,4.5760
297.4300,5.2812,3.9284,4.5094,5.3605
297.5000,4.9386,3.4894,4.9939,5.3035
297.5700,5.2187,3.8697,5.0614,5.8419
297.6400,4.9100,4.1786,5.1808,6.3706
297.7100,4.5788,4.6797,5.3979,6.4621
297.7800,3.7053,5.4805,5.1757,6.1349
297.8500,3.7458,5.3079,5.2024,5.2916
297.9200,3.3680,5.4664,5.3744,5.0593
297.9900,3.5209,5.6141,5.1445,5.0801
298.0600,3.6606,6.3208,4.6725,4.9892
298.1300,4.7930,6.2822,3.9553,4.4396
298.2000,5.2095,6.0105,3.8608,3.5046
298.2700,5.7520,5.2424,4.3594,4.4185
298.3400,4.9119,5.2782,4.4679,4.6449
298.4100,4.4768,4.6260,5.4520,4.7847
298.4800,4.6385,4.6703,5.6810,4.7051
298.5500,4.6122,4.7589,5.8860,4.9631
298.6200,4.0083,4.9032,5.5152,5.8837
298.6900,3.9094,5.1538,5.2526,6.4275
298.7600,4.0624,5.5653,5.4745,6.2970
298.8300,4.1727,5.2098,5.3964,5.7799
298.9000,4.4633,6.2386,5.0502,5.6890
298.9700,4.8711,7.6466,4.0543,5.9725
299.0400,4.6539,8.2100,4.1164,6.2612
299.1100,4.7992,7.8498,5.2711,6.5108
299.1800,4.6214,8.0076,6.0950,7.4182
299.2500,4.4511,7.8712,6.2043,8.3335
299.3200,4.8311,7.8164,5.6285,8.4468
299.3900,4.7592,7.6168,6.2206,8.6039
299.4600,4.5453,6.7908,7.0934,7.7730
299.5300,4.2221,5.9420,6.6573,7.1307
299.6000,4.1732,4.8163,6.5636,6.2467
299.6700,4.2705,4.2150,6.0219,5.2072
299.7400,4.1525,4.0544,5.0323,4.5433
299.8100,4.3561,4.6183,5.0153,4.5531
299.8800,4.6382,5.1371,4.9226,4.1310
299.9500,5.0644,5.1571,3.9616,4.1321
300.0200,4.7651,4.8469,3.8339,4.3595
300.0900,4.3210,4.7767,4.2960,5.2933
300.1600,5.2009,4.7249,4.4206,6.1779
300.2300,4.8214,5.1081,4.3250,6.7850
300.3000,4.4705,5.4524,3.9726,7.3362
300.3700,4.3922,5.3682,3.7280,8.1970
300.4400,4.1252,5.6294,4.1662,7.6718
300.5100,4.2595,5.3977,4.8580,6.4992
300.5800,4.9922,5.1026,5.4576,5.7055
300.6500,5.4968,4.5709,5.6361,5.2778
300.7200,5.0531,4.6156,5.6975,4.8134
300.7900,5.1629,4.4769,4.9556,4.8982
300.8600,5.5111,4.7910,5.3182,4.7678
300.9300,5.4639,4.7323,5.2397,5.1738
301.0000,4.4908,5.1671,5.8111,5.9081
301.0700,4.8509,4.7292,5.7640,6.3547
301.1400,5.1430,4.6655,5.6890,6.3639
301.2100,4.8852,5.3267,5.6963,5.9796
301.2800,5.1875,5.6587,5.9740,5.0845
301.3500,5.8433,5.8392,6.0430,4.7700
301.4200,6.6756,6.0115,5.2192,4.9332
301.4900,7.0694,5.8994,5.0920,5.2446
301.5600,7.2552,6.0921,5.1227,5.5035
301.6300,7.6503,5.7208,5.1236,5.6056
301.7000,8.0641,6.1827,4.9713,5.4229
301.7700,7.9739,5.7002,5.7133,5.5653
301.8400,6.8820,5.2697,5.7750,5.8371
301.9100,7.0422,5.5594,5.7190,6.5307
301.9800,6.3083,6.2966,5.7626,7.0979
302.0500,4.9602,6.9548,5.7623,7.3467
302.1200,4.6281,7.8770,6.3249,7.1380
302.1900,4.9693,7.6162,6.2754,7.6278
302.2600,4.6059,6.7291,6.5980,7.2293
302.3300,4.5164,5.9722,6.0997,6.1293
302.4000,4.7089,5.4808,5.8430,5.9772
302.4700,4.9517,4.9940,5.7520,5.3792
302.5400,5.4061,3.8514,5.3678,4.7372
302.6100,5.1188,3.4213,4.9864,4.8978
302.6800,4.4606,3.9803,4.5612,5.4624
302.7500,4.2739,3.8601,4.8983,5.4428
302.8200,4.6587,4.5347,5.5528,5.5180
302.8900,4.7839,4.9276,6.1409,4.9407
302.9600,4.8439,5.1310,6.2031,4.2261
303.0300,5.2071,5.0236,6.2428,4.0676
303.1000,5.6540,5.1359,5.9409,4.2117
303.1700,5.3699,5.2104,6.4854,4.1961
303.2400,5.3869,5.8215,7.2564,4.6550
303.3100,6.5543,6.2618,7.4928,4.6923
303.3800,7.7746,5.8216,8.0079,5.1773
303.4500,7.6460,6.0859,8.1261,5.4806
303.5200,7.2960,5.8634,8.2623,5.4193
303.5900,6.0596,5.1892,7.9113,6.6168
303.6600,5.1268,4.8802,6.9471,6.7345
303.7300,4.4304,4.5599,6.6200,5.7772
303.8000,4.2419,4.8975,6.3618,5.1725
303.8700,4.8745,5.0685,5.9124,4.6984
303.9400,5.6861,5.5306,5.3015,3.7510
304.0100,5.8114,5.5833,5.1896,4.3244
304.0800,5.8114,5.3973,4.7887,4.6503
304.1500,6.4025,6.0179,4.5087,4.0034
304.2200,7.1829,5.8871,4.1639,3.8627
304.2900,7.4471,5.7907,3.7107,4.9328
304.3600,6.6834,5.5681,3.2455,5.9730
304.4300,5.6916,5.1496,2.9861,6.2325
304.5000,5.5576,4.8170,3.2367,6.5027
304.5700,5.5043,4.5781,3.5520,7.2263
304.6400,5.0530,4.7119,4.0365,7.0621
304.7100,4.6197,4.8460,4.4418,6.2213
304.7800,4.7775,4.1941,4.4146,6.0272
304.8500,5.4783,4.5352,4.9256,5.4895
304.9200,5.8914,5.3341,5.2077,5.3239
304.9900,5.3070,4.5661,4.7970,5.2896
305.0600,4.9549,4.4453,4.3045,5.5521
305.1300,4.3559,4.3135,4.6039,5.6089
305.2000,4.8641,4.8720,4.8828,5.1440
305.2700,4.5572,4.8979,4.6315,4.8490
305.3400,4.5646,5.3208,4.7999,4.7804
305.4100,4.4807,6.4124,5.1493,4.8485
305.4800,4.0092,6.3726,5.1458,5.0291
305.5500,3.7505,6.3027,4.9130,5.0896
305.6200,3.6895,5.4146,4.6173,4.6308
305.6900,3.5957,5.7005,3.9277,3.9266
305.7600,3.9618,4.5936,4.1227,3.3089
305.8300,4.5103,3.4807,4.2645,2.8741
305.9000,5.0978,3.0951,5.0828,3.8706
305.9700,5.7942,3.9402,5.1756,4.7129
306.0400,5.9389,4.4450,4.7454,4.9149
306.1100,5.9401,5.5107,4.6422,4.0143
306.1800,6.3697,6.6171,4.1846,4.5548
306.2500,6.1600,5.9578,4.0820,4.1317
306.3200,5.7542,5.4944,3.4542,3.2515
306.3900,5.0239,5.7409,3.3833,3.3120
306.4600,5.1644,5.9598,4.2771,3.5870
306.5300,5.1877,5.9001,5.3608,3.9483
306.6000,4.4388,5.4128,5.7852,5.3944
306.6700,4.2313,4.8352,6.9070,6.3808
306.7400,4.9766,4.7485,7.5552,7.0089
306.8100,6.0507,5.0631,7.5068,7.3553
306.8800,5.6590,5.1735,7.1686,7.0715
306.9500,4.6599,5.5312,6.4315,6.6200
307.0200,4.1705,5.4756,5.2766,5.5198
307.0900,4.5723,5.6085,4.8975,4.9006
307.1600,4.8508,6.0350,4.9751,4.6021
307.2300,4.5562,6.6790,5.6804,5.1206
307.3000,4.6663,6.7915,6.6464,5.1205
307.3700,4.9668,6.0977,7.3458,5.8156
307.4400,4.6788,5.4588,7.8310,5.5877
307.5100,4.6542,5.2093,7.2578,5.6945
307.5800,3.7022,5.4916,6.7545,5.7706
307.6500,4.3016,5.2959,6.4783,5.2493
307.7200,4.6778,5.3841,5.8368,5.1472
307.7900,4.8171,5.7431,6.3472,4.8807
307.8600,5.1191,5.7854,6.9978,5.4059
307.9300,4.5963,5.3761,7.2552,5.4664
308.0000,4.3511,4.8574,6.3388,5.1519
308.0700,4.7446,4.6985,5.5230,5.7131
308.1400,4.9693,4.5620,5.6550,4.9535
308.2100,4.2432,4.5906,5.7377,4.4284
308.2800,3.8823,5.4765,5.5415,5.2276
308.3500,3.9490,5.7881,4.8987,5.8516
308.4200,3.7205,5.5232,4.8552,5.9833
308.4900,4.1548,5.3255,4.8347,5.5221
308.5600,4.7863,5.3708,5.4708,5.6636
308.6300,5.4016,5.0056,6.5433,5.6740
308.7000,5.7307,4.6023,7.6559,5.1725
308.7700,5.0447,5.1497,8.3204,4.8269
308.8400,4.3474,5.7060,8.0580,5.0771
308.9100,3.7438,6.1623,8.2979,4.9833
308.9800,3.3873,6.5681,7.8312,4.9276
309.0500,3.7449,6.3420,7.2646,4.9054
309.1200,4.6759,6.3153,7.1263,4.8154
309.1900,4.8269,5.4198,6.9942,4.5605
309.2600,4.8515,4.4904,6.4120,4.3828
309.3300,5.2071,4.5172,5.7022,4.4513
309.4000,5.5036,5.2011,4.8824,4.5300
309.4700,5.9310,5.0366,4.1456,4.9686
309.5400,6.9314,3.9212,4.6814,4.8943
309.6100,8.2500,4.0789,4.4346,4.3040
309.6800,8.5376,3.5120,3.9075,3.9922
309.7500,8.6235,3.5933,4.0385,3.7485
309.8200,8.2919,4.2414,4.3812,4.6979
309.8900,7.9866,4.5786,4.6899,3.8447
309.9600,7.8846,4.9938,4.3763,3.8404
310.0300,7.5385,5.3412,4.3153,4.3428
310.1000,7.0701,5.4906,4.2329,4.2495
310.1700,6.5764,6.0593,3.8738,4.1425
310.2400,6.4672,5.9483,4.7529,4.0641
310.3100,7.0264,5.5715,6.0067,4.5487
310.3800,7.2954,4.7021,5.9445,4.7641
310.4500,7.0804,4.3662,5.5561,5.1752
310.5200,7.7240,4.0746,5.2338,4.8573
310.5900,8.7911,4.0891,4.7823,4.4100
310.6600,9.3886,4.5547,4.0241,3.9104
310.7300,9.0592,4.4179,4.3943,3.3377
310.8000,8.8125,4.2080,5.0011,3.2058
310.8700,8.0914,4.9395,5.2949,4.1836
310.9400,7.8705,5.2085,5.9959,4.2447
311.0100,7.9439,5.0451,6.6545,3.3344
311.0800,7.7739,4.7912,6.9082,3.2210
311.1500,7.0941,4.6321,6.4166,4.0976
311.2200,6.7106,4.2767,5.4553,4.9816
311.2900,6.3450,4.5729,5.1745,5.1532
311.3600,5.7902,4.9943,4.6488,5.2128
311.4300,5.1424,5.4105,5.3298,4.9495
311.5000,5.6459,6.0098,5.9552,4.8807
311.5700,5.4883,6.4989,6.0965,5.3219
311.6400,5.1571,6.7021,6.4366,5.1883
311.7100,4.7064,6.5555,7.0558,5.3815
311.7800,5.1161,6.2234,7.0819,5.3986
311.8500,5.4553,6.2125,6.5499,5.6747
311.9200,5.7909,5.8616,6.3846,5.1903
311.9900,5.6727,5.3847,6.4748,5.0475
312.0600,5.2037,5.1274,6.7661,5.1369
312.1300,5.5606,5.2521,6.4375,5.7544
312.2000,5.4330,5.4494,5.9275,5.5423
312.2700,5.9947,6.2816,5.2875,4.8749
312.3400,6.4092,6.4934,5.2567,5.0140
312.4100,6.2222,6.5339,5.1352,4.5992
312.4800,5.9725,6.4450,5.0884,4.0518
312.5500,6.2987,5.3039,4.4122,4.9878
312.6200,6.2647,4.5027,4.7281,5.4298
312.6900,6.9753,4.1848,4.9127,5.3973
312.7600,7.5701,4.5221,4.7268,4.9425
312.8300,7.8510,3.8479,5.3979,4.2824
312.9000,8.1729,3.9947,5.4556,4.1821
312.9700,7.8257,4.4114,4.9998,4.8624
313.0400,8.2641,4.4746,5.2721,5.7349
313.1100,8.6874,4.6950,5.1359,6.4617
313.1800,8.5572,4.8061,4.9833,6.8055
313.2500,8.1357,4.5072,4.6852,6.6976
313.3200,7.4921,4.4070,4.7708,6.1753
313.3900,6.5487,4.6979,4.7460,5.4507
313.4600,5.9012,4.6881,4.8613,4.7466
313.5300,5.8966,4.9693,5.1708,5.0086
313.6000,5.5833,4.7312,5.2626,5.0244
313.6700,5.7747,4.9244,5.7557,5.4857
313.7400,6.1376,4.9710,6.3139,5.1855
313.8100,6.3119,5.3435,5.3965,5.4308
313.8800,6.8804,5.6592,5.1489,4.8343
313.9500,6.9782,6.3567,4.8404,4.5060
314.0200,6.7837,6.1864,4.2471,3.8775
314.0900,6.6885,6.3952,3.4417,4.6310
314.1600,6.4536,6.4616,3.9131,4.7106
314.2300,6.4226,5.9946,4.6539,5.0428
314.3000,6.7324,5.7666,4.8812,5.9967
314.3700,6.7591,5.9495,5.6328,6.1137
314.4400,6.3638,5.6572,5.7431,6.1997
314.5100,5.8550,5.0042,5.4357,5.9355
314.5800,5.6562,5.4182,5.3497,5.8108
314.6500,5.8185,6.1864,4.7799,5.1656
314.7200,5.5405,6.2195,5.2895,4.5183
314.7900,5.7016,6.1131,5.8228,3.8857
314.8600,5.4072,5.8865,6.0686,4.2662
314.9300,5.3061,5.0049,5.4731,4.7953
315.0000,4.3304,4.6403,5.3591,4.7274
315.0700,4.3221,4.6901,5.5814,4.8189
315.1400,4.5950,4.3439,5.1797,5.7404
315.2100,5.1933,3.8820,4.5398,6.1081
315.2800,5.6885,4.0564,3.8288,6.4924
315.3500,6.1473,4.5072,3.7271,6.4813
315.4200,7.3511,4.5929,3.2814,6.6035
315.4900,8.0786,4.5574,3.9685,6.9686
315.5600,8.0375,4.5063,4.7246,5.9404
315.6300,7.3708,4.9452,5.0789,5.2616
315.7000,6.9324,6.1195,5.9078,4.8482
315.7700,6.3980,7.1418,6.8305,4.2542
315.8400,5.0840,7.5408,6.8057,4.7527
315.9100,4.5761,6.7542,6.6439,5.4692
315.9800,3.9239,6.2146,7.4995,5.8227
316.0500,4.1517,6.2353,7.0127,6.0853
316.1200,4.1781,6.8759,5.7350,5.7073
316.1900,4.0485,7.0021,5.6143,5.4469
316.2600,4.3427,6.8805,6.2378,4.6475
316.3300,4.6251,6.0558,6.4296,4.5592
316.4000,4.1645,5.7829,5.9612,4.5200
316.4700,4.8004,5.2107,5.0878,4.4087
316.5400,4.5737,4.2697,4.6885,4.1703
316.6100,4.4225,4.5449,5.2652,4.5010
316.6800,4.2550,4.3539,5.2604,4.8520
316.7500,3.7449,5.1581,5.3947,5.9690
316.8200,3.3668,4.7785,5.5001,6.5091
316.8900,3.1886,5.1213,6.6804,6.2188
316.9600,3.4872,5.2842,6.6383,6.0029
317.0300,3.6775,5.2502,6.4888,6.0997
317.1000,3.6231,5.4330,6.0572,6.4187
317.1700,3.9829,5.2215,5.8947,6.6183
317.2400,4.2142,4.6733,5.6606,7.2035
317.3100,4.3250,4.2590,5.1211,6.9908
317.3800,4.2414,3.7357,5.0960,6.6626
317.4500,4.0699,3.9559,3.8400,6.2994
317.5200,4.1729,3.9718,3.1867,5.9352
317.5900,3.6809,4.6561,4.1164,5.4059
317.6600,4.1518,4.6596,4.7007,5.4172
317.7300,3.9810,4.2084,4.5068,5.6703
317.8000,4.2670,4.0788,3.9774,5.1164
317.8700,5.0884,4.7212,4.1185,4.9763
317.9400,4.9737,4.3020,4.5712,5.2590
318.0100,5.4251,3.8656,5.0732,5.2786
318.0800,5.3866,4.1651,5.8219,4.5473
318.1500,5.4993,4.3812,5.9483,3.6817
318.2200,5.5697,3.7513,4.9104,3.9130
318.2900,5.1532,3.5739,4.9871,3.5779
318.3600,5.0043,4.2061,4.6516,3.6799
318.4300,4.4767,4.0251,4.7306,4.5351
318.5000,4.7612,4.2733,4.8499,5.1371
318.5700,5.0457,4.1305,4.7213,5.5846
318.6400,5.1281,4.2754,3.8849,5.8467
318.7100,5.4287,3.9638,4.4715,6.3295
318.7800,5.6797,4.4618,4.8492,6.0415
318.8500,6.1835,4.6850,5.4572,5.2334
318.9200,7.1888,4.1997,6.4802,5.2168
318.9900,7.0751,4.3884,6.7315,5.3903
319.0600,6.8900,4.6784,6.6444,5.2950
319.1300,6.5722,4.7003,7.0626,5.7131
319.2000,7.3553,4.9583,7.0455,5.8850
319.2700,7.0991,5.3116,6.5103,6.0445
319.3400,6.5077,5.5284,6.5346,6.5071
319.4100,6.2721,5.4749,6.6575,6.3833
319.4800,6.6859,5.0828,6.6583,6.0325
319.5500,5.8244,4.6725,6.7274,5.0389
319.6200,5.8310,4.9244,7.0988,4.4234
319.6900,5.4332,4.9273,6.6130,4.2405
319.7600,4.9849,5.0215,7.1153,4.2378
319.8300,4.5747,5.1512,7.2137,4.0613
319.9000,4.9900,4.8875,7.0325,3.7332
319.9700,5.3208,4.5021,6.7513,3.1180
320.0400,5.8181,4.4474,6.6669,3.3943
320.1100,6.4193,4.1134,7.4003,3.8480
320.1800,5.8504,4.1308,7.3122,3.5015
320.2500,6.1560,4.3411,6.5352,4.1152
320.3200,6.2385,5.0471,6.3418,4.9616
320.3900,5.8212,5.3248,5.8606,5.2765
320.4600,5.5552,4.6249,5.8724,5.1229
320.5300,4.6121,4.3796,5.5107,5.4557
320.6000,4.5974,3.8159,5.0115,5.3070
320.6700,4.5003,4.3578,5.7765,4.6214
320.7400,4.3699,4.8474,4.9481,4.3718
320.8100,4.4933,4.9719,4.0329,3.3941
320.8800,4.5787,5.0936,4.0203,3.9110
320.9500,4.5141,5.0499,4.1424,4.8422
321.0200,4.2578,5.4292,4.7437,5.5743
321.0900,3.9343,5.7899,5.1335,6.1365
321.1600,3.7255,5.4750,4.6602,6.4804
321.2300,3.8112,5.8768,3.7395,5.8112
321.3000,4.1482,5.8106,3.5307,4.7271
321.3700,3.9877,5.2907,3.8903,3.9109
321.4400,4.4102,4.3650,4.0851,3.0285
321.5100,4.6689,4.7768,4.5393,3.9457
321.5800,5.6177,5.9120,4.4441,4.5382
321.6500,6.0629,6.1484,4.3616,4.4306
321.7200,5.9321,5.9205,4.3070,4.9395
321.7900,6.1569,5.5980,5.0528,5.2792
321.8600,6.7384,4.8535,5.5598,5.1748
321.9300,6.4724,4.7483,5.1104,5.1995
322.0000,6.4763,4.3945,4.8180,4.4689
322.0700,6.3500,5.0564,4.4627,4.0830
322.1400,5.7910,5.4873,3.4647,4.3591
322.2100,5.5563,5.2165,4.0071,4.1243
322.2800,5.4394,5.7309,5.2956,4.8150
322.3500,5.3352,6.2221,5.1581,5.0940
322.4200,5.0350,6.9369,4.6210,5.0904
322.4900,4.9479,7.3405,4.5450,4.7965
322.5600,4.7585,6.8386,3.7115,4.6065
322.6300,4.1823,6.2016,3.7763,4.6679
322.7000,4.6286,5.8736,3.9652,4.0202
322.7700,4.7402,5.5915,3.8385,3.4688
322.8400,4.0792,5.0846,4.5311,3.7219
322.9100,3.8512,4.8608,5.3020,3.3303
322.9800,4.1524,4.8920,6.0906,3.7706
323.0500,4.3079,5.6267,6.6594,4.1913
323.1200,4.0816,6.5924,6.8679,4.4074
323.1900,4.4134,6.9615,7.6528,4.1261
323.2600,4.5866,6.7748,7.5595,4.5000
323.3300,5.1982,6.2270,6.8951,4.0418
323.4000,5.3861,5.8527,7.2472,3.5691
323.4700,5.6430,5.8544,7.3789,4.0909
323.5400,4.9949,6.4034,6.8636,4.1529
323.6100,4.7053,6.9217,7.2738,4.3024
323.6800,5.1352,8.1099,7.5442,4.1021
323.7500,6.1750,9.0260,7.5055,4.9550
323.8200,6.2708,8.9769,7.3127,5.2192
323.8900,5.5491,8.1296,7.6090,5.6203
323.9600,5.4768,7.0182,7.3034,6.5577
324.0300,6.7868,5.9924,7.1750,7.2384
324.1000,7.3392,5.2213,6.7606,6.5193
324.1700,6.7118,5.0197,5.8986,5.5579
324.2400,6.3508,5.0496,5.2800,5.2808
324.3100,5.9276,5.0540,4.7187,4.9622
324.3800,5.6223,5.1494,5.1438,4.9441
324.4500,5.1708,4.7371,5.5383,5.2686
324.5200,5.0505,4.5416,4.8293,6.0210
324.5900,5.1124,4.8256,3.6919,5.9410
324.6600,5.5405,4.6838,4.0132,5.9346
324.7300,5.7515,4.4745,3.9203,5.9434
324.8000,5.0098,4.8941,4.7620,5.9579
324.8700,4.8269,5.2622,5.9583,5.7695
324.9400,4.8382,5.7616,6.5874,6.2571
325.0100,5.2475,6.0436,6.4590,6.8718
325.0800,5.4295,6.0933,5.0457,6.5625
325.1500,5.5303,6.0954,5.2169,5.9151
325.2200,5.3908,5.9026,5.3504,5.9034
325.2900,4.9680,5.6405,5.8448,6.1210
325.3600,4.9453,5.5163,6.2046,5.7987
325.4300,4.4969,5.5214,5.7349,5.9061
325.5000,4.4069,5.7533,5.4466,6.5916
325.5700,4.2082,5.5036,5.5068,6.1479
325.6400,4.6240,4.9164,5.4552,5.4798
325.7100,5.0988,4.3820,5.4129,6.0063
325.7800,5.6260,4.3470,5.0593,6.6027
325.8500,6.2838,4.4540,4.4842,6.6390
325.9200,6.3052,3.6087,4.6403,6.2872
325.9900,5.8585,4.5405,4.5955,5.0299
326.0600,5.5981,4.4680,4.8643,4.6101
326.1300,5.2599,4.7102,5.0665,4.5277
326.2000,5.5115,5.1033,4.3442,4.9829
326.2700,5.5734,4.8745,4.3170,5.4446
326.3400,5.1834,4.9800,4.7747,5.4063
326.4100,5.8014,4.7927,4.3565,6.0341
326.4800,5.8613,4.8242,3.9168,6.7713
326.5500,6.2187,4.8635,3.9148,7.5667
326.6200,6.9970,5.4179,3.4015,7.4150
326.6900,6.5578,5.9545,3.7783,6.1073
326.7600,5.8860,5.2030,4.3246,5.4436
326.8300,5.0739,3.9654,5.2315,5.6198
326.9000,5.2629,3.6800,5.3828,5.4307
326.9700,5.7742,4.1569,4.8445,5.3599
327.0400,5.2315,3.4099,4.4757,5.4581
327.1100,5.1840,3.4788,4.1734,5.1779
327.1800,4.9057,3.9254,4.4667,4.7270
327.2500,4.6436,4.0446,4.2755,4.7951
327.3200,4.2252,4.2637,4.0397,4.2844
327.3900,3.5648,4.7602,4.0787,3.6320
327.4600,3.7579,4.3350,4.6356,3.4598
327.5300,3.8676,4.2174,5.3094,3.9216
327.6000,4.2438,4.0248,6.0641,4.7002
327.6700,4.4712,4.0501,5.5061,5.3353
327.7400,5.5745,3.2292,4.8378,4.0767
327.8100,5.9260,3.2310,3.9195,4.2738
327.8800,5.8414,3.6909,3.7940,5.5041
327.9500,6.2115,4.4465,4.0542,5.8705
328.0200,6.4872,4.6342,4.8139,6.0361
328.0900,6.5156,5.1924,5.1523,6.3624
328.1600,6.1384,5.1719,5.1197,6.4221
328.2300,6.0614,4.7492,5.4752,6.6011
328.3000,5.8379,4.5765,5.8257,7.4626
328.3700,5.4830,4.1696,6.3124,7.4350
328.4400,5.2393,4.4669,6.6588,7.5767
328.5100,4.2899,4.3346,6.8256,7.0132
328.5800,3.8797,3.7101,6.9100,6.3753
328.6500,4.0057,3.7074,6.8947,5.1722
328.7200,5.2403,4.1407,7.5928,4.7862
328.7900,4.7545,4.8698,8.4341,5.0404
328.8600,4.3945,4.8425,8.7577,5.3467
328.9300,4.1060,5.8109,8.5035,4.8906
329.0000,4.2347,6.7051,8.1437,4.6684
329.0700,4.1576,6.8826,8.0765,4.8480
329.1400,3.8386,6.0536,7.6615,4.7901
329.2100,4.4779,5.3613,7.6161,4.1041
329.2800,5.0657,5.7852,6.8462,3.9026
329.3500,4.9410,6.1565,6.6459,4.0679
329.4200,4.6253,6.4370,7.1530,3.8545
329.4900,4.1078,6.6554,6.5434,4.2532
329.5600,4.7877,7.0676,6.0696,4.2373
329.6300,6.0258,7.9446,6.3664,4.3485
329.7000,7.2063,8.4541,7.0735,4.9962
329.7700,7.5406,8.2578,7.2206,5.4808
329.8400,7.0640,8.1867,6.9643,5.9960
329.9100,6.6003,7.4398,7.0561,6.1688
329.9800,6.5956,6.2711,7.5142,6.2464
330.0500,6.3982,5.8615,7.3235,6.1211
330.1200,6.2355,5.7455,7.8061,5.8117
330.1900,6.0548,5.4830,7.3555,5.6702
330.2600,5.9111,5.7631,6.6496,5.3048
330.3300,6.3458,5.4880,5.7598,5.6791
330.4000,6.4633,7.0610,5.6177,5.9267
330.4700,6.5491,8.2203,5.3338,6.0324
330.5400,6.3772,8.7231,4.8057,6.5281
330.6100,6.2090,9.1401,4.2122,6.8757
330.6800,5.5780,8.7782,3.8348,6.4369
330.7500,5.4613,8.3108,3.5729,6.0141
330.8200,6.2239,7.8915,4.2744,5.7002
330.8900,6.0989,7.2476,4.5379,5.4573
330.9600,6.5694,6.4211,4.7171,5.4272
331.0300,6.7224,5.1910,5.0746,4.5160
331.1000,6.7625,4.8883,4.6875,4.1486
331.1700,7.3548,4.8328,4.6724,4.1724
331.2400,8.1953,4.7740,4.1755,4.4263
331.3100,9.8428,4.9038,4.6851,4.7701
331.3800,10.3370,4.5148,4.9211,5.6973
331.4500,9.8632,4.0386,4.6190,5.6599
331.5200,9.1691,3.8493,4.5988,4.8543
331.5900,8.1070,4.1592,4.7951,5.5248
331.6600,7.2756,4.3954,4.9058,6.3160
331.7300,7.2960,4.1472,4.8049,5.6661
331.8000,7.1150,4.1227,4.5991,5.6182
331.8700,6.9469,4.6996,5.4103,5.6996
331.9400,6.8472,4.5540,6.1878,5.5357
332.0100,6.7926,4.1545,6.3617,5.1441
332.0800,6.5582,3.9781,6.5253,5.6384
332.1500,6.1428,4.5324,6.1252,5.6689
332.2200,5.3705,5.1599,5.5735,5.2431
332.2900,4.6697,4.9116,5.5547,5.5523
332.3600,4.3456,4.7281,5.5208,5.8323
332.4300,4.6528,3.9922,5.6934,6.6891
332.5000,5.6838,4.7226,6.5672,6.5867
332.5700,5.5838,5.2367,6.6416,6.1087
332.6400,4.9035,5.1953,6.0912,5.5070
332.7100,4.7203,5.1724,5.1558,4.9409
332.7800,5.3741,5.0983,5.1049,3.8803
332.8500,4.6947,5.5846,5.0785,3.9045
332.9200,4.7224,6.3006,5.3023,4.6709
332.9900,4.5260,6.7479,5.1377,4.4030
333.0600,4.6808,7.1476,5.7102,4.9547
333.1300,4.4604,7.0499,6.0986,5.3695
333.2000,3.8213,6.7991,5.7622,5.7463
333.2700,3.4145,6.5136,5.6141,5.5342
333.3400,3.6707,6.7198,5.4807,5.1427
333.4100,4.6244,6.8118,5.2163,5.4025
333.4800,4.6813,6.0359,4.8660,5.0375
333.5500,5.0167,5.8396,5.1576,5.0097
333.6200,6.0503,6.2368,5.5639,5.8558
333.6900,6.9363,6.3403,6.2936,5.7228
333.7600,6.7836,6.3607,7.0850,5.7873
333.8300,6.3025,6.8906,6.8054,5.4809
333.9000,5.5075,7.5704,6.1380,5.5879
333.9700,5.9103,7.4146,5.4817,5.2921
334.0400,6.5668,6.7273,5.5225,5.1606
334.1100,6.9498,6.4697,5.4225,5.4621
334.1800,6.3766,7.2499,3.9804,6.1011
334.2500,6.6430,7.6769,4.0386,6.0597
334.3200,6.3787,8.0935,4.2230,6.3990
334.3900,6.5667,7.9260,3.9437,6.5680
334.4600,6.7017,8.2183,3.9379,6.5914
334.5300,6.5499,8.2515,4.3253,6.0736
334.6000,6.2106,8.3987,4.6026,5.0629
334.6700,6.0599,9.0370,4.8342,4.2055
334.7400,4.9085,8.9852,4.7725,3.5637
334.8100,4.4249,8.9355,4.4805,3.1802
334.8800,4.8317,9.6072,4.1060,2.8697
334.9500,4.6548,9.6332,3.3042,3.2516
335.0200,5.0848,8.9241,4.5946,3.7873
335.0900,4.5537,8.7719,5.4536,5.0244
335.1600,4.4500,8.1915,4.7198,5.5092
335.2300,4.8340,6.9246,4.2096,5.3377
335.3000,5.3679,6.0550,4.2894,5.8424
335.3700,4.5899,6.0952,4.5835,5.7449
335.4400,4.2453,6.3893,4.9908,4.7286
335.5100,4.8691,5.8058,4.9398,4.5059
335.5800,4.9300,5.8389,4.5602,4.5839
335.6500,4.8260,5.6919,4.0339,4.2332
335.7200,4.3594,5.3105,4.0850,4.4247
335.7900,4.4862,4.9988,5.1137,4.0954
335.8600,5.1257,4.8310,5.7766,3.9581
335.9300,5.5621,4.5975,6.5699,3.4377
336.0000,5.4272,4.7483,5.7261,3.2215
336.0700,5.7260,4.4347,5.4907,3.2874
336.1400,6.1059,4.1483,5.8194,4.5174
336.2100,7.4047,3.7091,6.2763,6.0511
336.2800,8.3744,3.9668,7.0992,7.0587
336.3500,8.8168,4.6647,7.4805,7.1050
336.4200,8.1556,4.9669,7.6300,6.6679
336.4900,7.1844,4.7999,7.5797,6.3765
336.5600,6.3751,5.2654,7.0638,6.8956
336.6300,5.1939,5.2312,6.6633,7.6658
336.7000,4.4090,5.1959,6.4531,7.0761
336.7700,4.6000,5.2017,6.2539,6.8834
336.8400,4.5559,5.8773,5.4679,6.1110
336.9100,4.1080,6.5103,5.3222,4.9591
336.9800,5.0267,6.2702,5.5705,3.9750
337.0500,5.4654,6.0191,5.4700,3.9343
337.1200,5.5951,5.7819,4.6423,4.5675
337.1900,5.0248,5.6179,4.7341,5.4384
337.2600,4.8512,5.3269,4.6327,5.9764
337.3300,5.2908,5.9770,5.1499,6.1209
337.4000,5.5712,6.3783,5.2633,6.3851
337.4700,5.9433,6.6433,5.7941,6.2330
337.5400,5.5476,7.1812,5.9037,6.5087
337.6100,5.3330,7.1941,5.3542,6.4661
337.6800,5.4027,6.7453,4.6945,5.6116
337.7500,5.3422,5.6202,4.6960,5.5794
337.8200,5.7808,5.1873,4.8871,5.6252
337.8900,4.3830,5.0623,4.9036,5.5036
337.9600,3.8307,4.8217,4.6163,5.2179
338.0300,3.9461,4.3585,4.2308,5.4416
338.1000,4.4969,4.5446,4.5244,6.2762
338.1700,4.7268,5.0140,4.9568,6.6437
338.2400,4.5755,4.8657,4.4409,6.2095
338.3100,4.1497,4.9260,4.5807,6.3630
338.3800,3.8746,5.1477,4.7554,6.5993
338.4500,3.5928,4.9432,4.7993,6.5334
338.5200,4.0339,4.4701,5.2459,6.3132
338.5900,3.8506,4.2534,5.7133,5.2681
338.6600,3.7432,3.8928,5.8264,5.1569
338.7300,4.0807,4.4056,5.2302,5.3004
338.8000,4.0233,4.4434,4.8274,5.4944
338.8700,3.9132,4.3861,4.6529,6.1345
338.9400,3.9840,4.3250,5.4221,7.2217
339.0100,4.2163,4.6273,5.6713,7.0429
339.0800,4.8817,4.4904,5.5740,6.6267
339.1500,5.2833,4.2772,5.6085,6.5328
339.2200,5.3922,4.3679,5.6322,6.4355
339.2900,5.8863,4.0762,5.8850,6.4938
339.3600,5.2787,4.0421,5.9563,6.3691
339.4300,4.7730,4.2459,5.2908,6.1553
339.5000,4.1548,4.4376,4.3930,6.0739
339.5700,4.3275,5.1146,4.4201,6.2327
339.6400,3.8668,5.4837,4.4639,5.6730
339.7100,3.8218,5.2858,5.1197,5.0273
339.7800,4.1339,4.7395,5.2033,4.9548
339.8500,3.4928,4.8509,5.8194,5.0600
339.9200,3.1513,4.9288,5.8468,5.2613
339.9900,3.3539,4.4274,5.3416,5.6836
340.0600,3.4363,4.9124,4.7550,5.9732
340.1300,4.1294,5.6897,4.9654,6.8054
340.2000,3.9987,5.7928,5.6996,7.4290
340.2700,3.9228,4.7473,6.1050,7.3951
340.3400,4.3843,4.2768,6.0710,6.8315
340.4100,4.6356,4.0731,6.1490,6.4706
340.4800,4.1749,4.0999,6.6304,6.7065
340.5500,3.4830,4.4347,6.7242,6.2137
340.6200,3.7156,4.7825,6.4733,6.2309
340.6900,4.2552,4.9570,7.0432,5.9764
340.7600,4.7153,5.5989,6.7620,5.8404
340.8300,4.7762,5.6934,6.7264,5.9938
340.9000,4.7481,5.5441,6.1660,6.6631
340.9700,5.2861,5.4456,5.3873,6.6090
341.0400,4.9570,5.6042,5.4606,6.3077
341.1100,4.5760,5.6151,6.2252,6.1572
341.1800,4.5430,5.4319,6.4804,6.1107
341.2500,4.9224,4.7791,6.5132,5.8125
341.3200,5.1942,4.6069,5.6576,5.6243
341.3900,5.0562,4.9086,4.7938,5.5139
341.4600,4.9086,4.6405,4.8111,5.1903
341.5300,5.0860,4.8203,5.2819,5.4705
341.6000,5.1790,4.6218,4.7342,6.0415
341.6700,5.7056,4.3134,4.2700,5.8276
341.7400,6.3382,4.8843,4.6119,5.5509
341.8100,5.8550,5.6175,4.2635,6.1180
341.8800,4.6399,6.5535,4.5561,6.0804
341.9500,4.9025,6.4029,4.9926,5.8916
342.0200,5.5901,5.4017,4.6339,6.0069
342.0900,6.4247,4.3318,4.9821,5.5726
342.1600,6.4074,3.9114,5.5293,5.0787
342.2300,6.9590,4.2276,5.5428,5.3393
342.3000,6.9670,4.3579,5.2285,5.3698
342.3700,6.5142,4.1095,4.8655,4.4383
342.4400,6.8209,4.5895,4.8211,4.4555
342.5100,6.5342,4.5490,4.6925,4.3066
342.5800,5.7379,4.2269,4.7369,3.7228
342.6500,5.5702,4.0942,4.3459,3.7983
342.7200,5.6956,4.2241,4.2673,3.6142
342.7900,4.9695,4.1579,4.8432,3.7398
342.8600,5.1061,4.5278,5.5111,4.4401
342.9300,5.5920,5.1339,4.9995,5.3538
343.0000,5.0858,5.2132,4.4412,6.2281
343.0700,4.8169,5.1501,4.7234,6.3821
343.1400,4.6849,5.8187,4.5846,6.2151
343.2100,4.7272,6.7125,4.7801,5.8431
343.2800,4.3244,7.5096,4.7579,5.2714
343.3500,3.9068,7.7813,5.1083,5.3669
343.4200,3.8170,7.2048,5.6725,5.4386
343.4900,3.9051,7.1323,5.6478,5.5807
343.5600,3.8769,6.9598,5.6829,5.0828
343.6300,3.7804,6.8747,5.7167,4.6912
343.7000,3.8875,6.4455,5.7501,4.2058
343.7700,3.6408,5.9515,5.3667,4.0241
343.8400,4.1860,5.5862,4.5788,3.6711
343.9100,4.5921,5.9297,4.2812,3.7987
343.9800,4.6255,5.7299,4.2812,3.4876
344.0500,4.9976,6.1673,4.7889,3.5811
344.1200,4.9806,6.5573,5.0299,4.3341
344.1900,5.0841,7.0797,5.0012,5.8286
344.2600,5.3963,7.4763,5.6689,6.2994
344.3300,5.6921,7.5928,6.5226,6.0862
344.4000,6.2666,7.3405,6.4340,5.8780
344.4700,6.8693,6.9228,6.9652,5.8636
344.5400,8.2263,6.0876,6.8557,5.6276
344.6100,9.3441,5.4516,6.4630,5.3490
344.6800,10.2504,5.7093,6.4293,4.6394
344.7500,10.4067,5.9332,7.0447,4.4726
344.8200,10.2426,6.1495,6.8856,4.8678
344.8900,8.7617,5.6974,6.8528,5.0952
344.9600,7.5252,5.5353,7.3131,6.4662
345.0300,6.4566,5.3230,7.1100,6.8904
345.1000,6.5739,5.5470,6.6159,6.7044
345.1700,6.5357,5.5296,6.4309,6.3629
345.2400,6.4335,5.3303,5.6232,6.2508
345.3100,6.3532,5.7000,4.5769,6.0923
345.3800,5.6117,6.2749,4.3964,5.7131
345.4500,4.9094,6.2109,5.0298,5.8573
345.5200,4.5992,5.5022,5.6589,6.2935
345.5900,4.5085,5.0089,6.8615,6.6900
345.6600,4.9658,4.6456,7.6075,6.5648
345.7300,5.0581,4.1702,8.4609,5.0956
345.8000,5.5686,4.3020,8.2301,4.1292
345.8700,4.9302,4.8827,7.2478,4.5051
345.9400,4.2867,5.3465,6.1400,5.4878
346.0100,4.6926,5.3511,5.1235,6.4000
346.0800,5.1823,5.0633,5.6292,6.8498
346.1500,4.7300,5.1759,6.1416,6.3587
346.2200,4.6655,4.9486,5.9743,6.0388
346.2900,4.4477,4.5995,6.1278,5.8288
346.3600,4.0189,4.3843,6.5423,5.5613
346.4300,3.6763,4.5048,6.8351,5.1750
346.5000,4.4037,5.0808,6.5906,4.8981
346.5700,4.6463,5.0468,6.7468,5.3246
346.6400,4.3352,5.0782,7.0102,5.4050
346.7100,4.8293,5.3282,6.4986,4.9606
346.7800,4.9190,5.2292,6.3160,4.5630
346.8500,4.5359,4.7884,6.3749,4.4601
346.9200,4.0009,5.0876,7.1062,4.4302
346.9900,3.7238,4.9396,6.7314,4.6289
347.0600,4.2062,5.2432,6.2681,4.6043
347.1300,4.6449,6.5682,6.2096,4.5358
347.2000,5.4484,6.7099,5.7114,4.5241
347.2700,6.2534,6.1923,4.7873,5.1651
347.3400,6.5689,5.5665,5.0335,5.2330
347.4100,6.4677,5.5194,4.7211,5.3654
347.4800,6.7102,5.6697,4.5604,4.6152
347.5500,6.0237,4.5038,4.5711,4.1380
347.6200,5.7971,3.6188,4.3505,5.4104
347.6900,5.3432,4.2247,4.3734,5.9904
347.7600,4.9732,4.4334,4.3541,6.0775
347.8300,5.4068,5.3517,4.3418,5.9881
347.9000,5.1870,6.7678,4.5705,5.3048
347.9700,4.1660,6.9707,4.2105,5.3403
348.0400,3.7195,6.9057,4.2887,5.6077
348.1100,3.8002,6.2111,4.1875,5.0923
348.1800,4.3139,5.9438,4.5365,4.7290
348.2500,4.5012,6.0652,4.4773,4.2262
348.3200,4.3909,5.9846,4.9907,4.2853
348.3900,4.4983,5.9121,5.5699,3.9940
348.4600,4.7266,5.4103,5.7687,4.1099
348.5300,5.3505,5.2978,6.0381,4.7607
348.6000,5.7447,5.3005,5.8854,6.0714
348.6700,5.4244,4.9007,6.3494,6.7659
348.7400,5.0544,4.7758,6.0241,6.6811
348.8100,5.1228,5.4731,5.5993,5.7223
348.8800,5.5476,5.3488,4.6272,5.3943
348.9500,5.5438,5.3862,4.6599,4.9182
349.0200,5.0140,5.4048,4.2278,4.4102
349.0900,4.3913,4.8537,3.9699,4.0130
349.1600,4.2159,4.8776,3.8125,3.7266
349.2300,3.8023,5.6760,4.0234,3.9481
349.3000,4.0352,5.8972,3.6004,4.2039
349.3700,4.5421,5.8227,4.0611,5.0982
349.4400,3.5647,6.0535,4.6082,5.6653
349.5100,4.3264,6.0917,4.4418,6.2475
349.5800,4.8412,6.0778,5.1033,6.4774
349.6500,4.4249,5.9852,5.4806,5.8308
349.7200,4.2737,6.2454,4.7741,5.1574
349.7900,4.7566,6.6402,4.2716,4.8528
349.8600,5.6944,6.6899,4.2389,4.7532
349.9300,6.2723,7.1027,4.7107,5.5041
350.0000,6.9278,7.6482,5.4322,5.4705
350.0700,6.1630,7.4347,5.3810,5.1399
350.1400,5.4794,7.5386,5.6556,5.0375
350.2100,5.3632,6.9765,5.3560,5.2800
350.2800,5.2070,6.7217,4.9008,5.9479
350.3500,5.7724,6.9458,5.0728,6.3580
350.4200,6.4786,7.2937,5.6296,6.1494
350.4900,7.2720,6.5436,5.0448,6.1791
350.5600,7.4980,5.4612,4.7688,6.1398
350.6300,7.3998,5.3307,5.0981,6.6243
350.7000,6.9848,5.4051,4.9134,6.0543
350.7700,7.6285,5.5418,5.3692,5.2869
350.8400,7.8908,5.0879,5.6721,4.8674
350.9100,7.5148,4.9523,5.7331,4.7822
350.9800,7.3323,5.2625,5.5969,4.4609
351.0500,7.8226,5.1058,4.5431,3.9515
351.1200,8.4791,5.0718,4.1973,3.8318
351.1900,8.3664,5.7209,4.5502,3.4914
351.2600,8.2451,6.1548,4.7104,3.0175
351.3300,7.7184,6.2447,5.1213,4.0551
351.4000,7.9670,5.3172,4.6344,4.1115
351.4700,7.9560,4.6297,3.5596,4.2627
351.5400,7.9136,4.3632,3.5092,4.3661
351.6100,7.4348,4.5018,4.0397,4.4492
351.6800,6.5166,4.2704,5.0375,4.6239
351.7500,6.0673,5.1879,5.7543,5.4877
351.8200,5.9180,5.7317,6.0433,5.8199
351.8900,5.8110,5.6754,5.6674,5.5117
351.9600,5.3859,6.0316,5.5811,4.6054
352.0300,5.5689,5.8952,5.8719,4.3597
352.1000,5.7934,6.0912,6.0021,4.7024
352.1700,6.0193,6.8799,5.1481,4.6852
352.2400,6.8485,6.4355,4.1948,4.4014
352.3100,6.3149,5.4046,3.7187,4.0297
352.3800,5.0796,4.6646,4.1334,4.0349
352.4500,4.5522,3.9288,3.9915,5.0320
352.5200,4.1602,3.9297,4.1725,5.6689
352.5900,4.5044,4.9155,4.2529,6.6134
352.6600,4.2112,5.0758,4.2712,6.8485
352.7300,4.8347,5.4762,3.6741,6.5911
352.8000,4.8600,5.6086,4.1446,6.4899
352.8700,4.8463,6.2546,4.0310,6.2839
352.9400,4.5776,6.0563,4.6281,6.1346
353.0100,4.7312,5.6613,5.1471,6.1573
353.0800,4.6783,5.3947,6.3033,5.6349
353.1500,4.6371,5.0388,6.7197,5.8934
353.2200,4.0599,5.1522,6.4597,6.0496
353.2900,4.3742,5.2078,6.3151,5.7254
353.3600,4.8569,5.4257,6.3005,5.5396
353.4300,5.0566,5.3890,5.9751,5.7723
353.5000,4.2834,5.2113,5.4114,5.7694
353.5700,3.5654,5.1203,5.1077,4.5906
353.6400,3.5410,4.9019,4.9974,4.8252
353.7100,3.8585,4.4615,4.8573,4.5453
353.7800,4.4836,3.9872,5.5348,4.2236
353.8500,4.5588,4.0638,6.3067,3.8329
353.9200,4.8652,4.2688,7.1261,3.3425
353.9900,5.3562,4.6345,6.9490,3.3922
354.0600,4.9734,4.9814,6.9005,4.7534
354.1300,5.1868,5.6166,6.5972,5.2713
354.2000,5.1095,6.0346,6.1717,5.5073
354.2700,4.5347,5.5509,5.8727,5.0872
354.3400,4.0539,5.5382,5.0804,4.4117
354.4100,4.0778,5.6139,4.5369,4.0428
354.4800,4.0770,5.2907,4.8992,3.4583
354.5500,3.6479,5.6661,5.5292,3.7513
354.6200,3.9993,5.2609,6.7010,4.2094
354.6900,3.7639,5.5485,7.2138,4.4630
354.7600,4.5864,5.4612,7.6684,4.3246
354.8300,5.9239,5.7372,7.9566,4.4243
354.9000,6.5776,6.5235,7.9070,4.4172
354.9700,6.9629,7.8126,7.3768,4.1889
355.0400,7.2061,8.6145,6.7136,4.5852
355.1100,7.1306,8.3137,5.7019,4.7013
355.1800,6.9749,7.6525,5.1834,5.2077
355.2500,6.8966,6.9557,5.4509,6.0770
355.3200,6.9345,6.1911,5.3897,5.5411
355.3900,7.2290,6.0240,5.7186,5.2933
355.4600,7.0592,5.5510,6.2923,5.2037
355.5300,5.9564,6.0371,5.7015,5.0808
355.6000,4.7759,6.3988,4.7028,5.2075
355.6700,3.6902,6.3793,4.8027,5.1711
355.7400,3.5573,5.5914,5.1801,3.9313
355.8100,3.2706,5.7920,6.2519,3.8828
355.8800,3.6074,6.1201,7.0404,4.0911
355.9500,3.9660,6.5292,6.9816,4.6898
356.0200,4.0545,6.1458,7.6498,4.9902
356.0900,4.3091,5.8963,7.2868,5.4261
356.1600,4.2420,5.9703,7.3235,5.7718
356.2300,4.6633,6.3134,6.6572,5.7253
356.3000,4.6713,6.2559,5.6799,5.9409
356.3700,4.3170,6.6080,4.9409,6.3853
356.4400,4.6786,7.4086,5.3153,6.2201
356.5100,4.8805,7.4411,5.9946,5.7617
356.5800,5.3331,6.1700,6.3570,5.5275
356.6500,5.4541,5.4070,6.3373,5.5024
356.7200,5.5143,4.9625,6.1184,5.5197
356.7900,5.4881,5.4241,5.7755,5.0064
356.8600,5.2077,5.5714,5.9903,4.6032
356.9300,5.7364,5.0140,5.6876,4.9424
357.0000,5.9615,4.8991,4.9475,5.1767
357.0700,6.4914,4.8259,4.2606,5.1362
357.1400,7.1307,3.9919,4.1498,4.9217
357.2100,7.4790,4.7855,3.2603,5.1149
357.2800,6.8602,5.4293,3.9413,5.6910
357.3500,5.9703,5.5583,4.0214,5.4342
357.4200,4.9079,5.5716,4.4145,5.1988
357.4900,4.3015,5.7366,4.8963,5.3985
357.5600,3.9686,6.0169,5.1545,6.6577
357.6300,3.9111,5.7991,3.8635,7.5081
357.7000,4.6813,5.8498,3.0256,7.7250
357.7700,5.6301,5.9985,3.4720,8.1390
357.8400,6.2950,5.8606,3.5037,7.5947
357.9100,5.9492,5.5029,4.0452,6.9775
357.9800,6.2665,4.7692,4.5015,6.7989
358.0500,6.0830,5.1123,4.9189,6.8686
358.1200,6.4471,5.0807,5.6477,7.4213
358.1900,6.6942,5.8187,5.6395,7.2918
358.2600,6.4525,6.1124,5.8336,6.3461
358.3300,5.9617,5.8391,6.1947,5.2567
358.4000,5.8475,5.4654,6.0671,4.0925
358.4700,5.7355,5.6717,5.4749,3.3734
358.5400,5.5287,5.8008,5.7985,3.6289
358.6100,6.0520,5.4144,5.8444,4.4578
358.6800,6.7555,5.8426,5.9892,5.7697
358.7500,6.9462,6.3408,5.4436,7.0839
358.8200,6.7469,6.9275,5.0489,7.9900
358.8900,5.9523,7.1030,5.0063,8.3008
358.9600,5.9987,6.5789,5.3684,8.6363
359.0300,5.9025,6.0636,6.1334,8.4820
359.1000,5.4927,5.4904,5.8885,7.9328
359.1700,4.9834,5.2990,5.6900,7.0914
359.2400,4.9454,4.6099,6.5769,7.1957
359.3100,4.7101,4.1658,6.2142,7.9518
359.3800,4.5626,3.8314,5.7235,8.3641
359.4500,3.9693,3.5172,5.5186,8.5532
359.5200,4.0618,3.8811,5.8196,8.2214
359.5900,4.8680,4.1110,6.8178,8.1811
359.6600,5.1723,4.2954,6.9848,7.2999
359.7300,5.5688,5.2082,7.4061,6.5414
359.8000,5.6329,5.6534,7.3830,5.8609
359.8700,5.2213,6.2961,7.0951,5.4255
359.9400,5.2138,6.5509,6.6220,5.2614
360.0100,5.0496,7.0259,6.6199,5.2507
360.0800,5.3850,7.7093,6.8552,5.2714
360.1500,4.8411,7.7437,7.7527,5.6344
360.2200,4.3419,7.9902,7.2804,6.6715
360.2900,4.2256,8.5185,7.1338,7.2361
360.3600,3.6053,8.0290,7.6565,7.0457
360.4300,3.4611,7.5691,7.7532,7.3248
360.5000,4.0225,6.9375,6.8522,7.1962
360.5700,4.2983,6.5800,5.9496,6.9476
360.6400,3.8172,6.0345,5.7878,6.3758
360.7100,3.7892,5.6392,4.8832,6.4463
360.7800,3.8740,5.5940,4.6194,5.6338
360.8500,4.2249,5.7885,4.4405,5.2086
360.9200,4.0712,6.5838,4.4843,5.4351
360.9900,3.6316,6.8918,3.9557,6.1884
361.0600,3.9510,6.8849,3.9480,5.9243
361.1300,3.9186,7.5141,4.6486,6.1737
361.2000,4.2520,7.2627,4.6335,6.7310
361.2700,4.7537,6.9069,4.3866,7.4853
361.3400,4.5701,7.3817,3.8486,7.2070
361.4100,3.6576,7.4524,4.3917,7.2455
361.4800,4.1749,7.1259,4.6311,7.6903
361.5500,4.7380,6.9575,5.2654,7.4879
361.6200,5.5645,6.9478,5.0272,7.0925
361.6900,5.7547,7.0672,5.5713,6.8983
361.7600,5.9551,6.3238,5.4362,7.6218
361.8300,4.9198,5.7270,4.8186,7.6801
361.9000,4.3143,5.3109,4.7833,7.5422
361.9700,4.6363,5.3648,5.0616,7.7804
362.0400,4.1211,5.5074,5.1152,7.2975
362.1100,3.6381,4.6441,4.9997,6.5539
362.1800,3.3712,4.2459,5.2308,6.2297
362.2500,3.5285,5.3164,5.6049,5.9878
362.3200,3.9706,5.6015,5.5654,6.2021
362.3900,3.9601,5.7567,5.8650,5.9185
362.4600,3.5566,5.3284,6.5751,5.9970
362.5300,3.6061,5.5821,7.3998,6.0731
362.6000,3.4883,6.0425,7.0626,6.6271
362.6700,3.6845,6.2544,5.9764,6.9716
362.7400,4.0316,6.4888,5.4482,6.7461
362.8100,3.9383,6.4547,5.0665,6.1975
362.8800,3.6578,6.6454,4.4999,5.6754
362.9500,3.7577,6.1894,4.6611,4.9778
363.0200,3.6346,5.8685,4.6424,4.8795
363.0900,3.4549,5.6478,4.7208,4.5393
363.1600,2.7318,5.0791,5.5331,4.1115
363.2300,3.0214,4.6207,4.8246,4.2989
363.3000,3.9265,4.2405,3.6127,5.3431
363.3700,4.3516,3.8218,3.5893,5.9477
363.4400,4.2335,3.9072,3.6711,6.3036
363.5100,4.2289,4.8396,4.4427,6.0296
363.5800,4.4210,5.0242,5.6841,5.7571
363.6500,5.0189,5.5649,5.8915,6.2349
363.7200,5.0305,5.8932,4.9387,7.2421
363.7900,5.1178,5.4101,4.8433,7.6005
363.8600,5.1206,4.6420,6.4492,7.3377
363.9300,5.7373,4.7843,7.4311,7.0852
364.0000,6.3744,5.3819,7.6343,6.5921
364.0700,6.7949,5.8347,6.6496,6.8871
364.1400,6.6975,5.8743,5.5735,6.8185
364.2100,5.5751,5.2529,4.8712,7.1669
364.2800,4.6676,4.5201,4.0028,7.3313
364.3500,4.2503,4.0967,4.3082,6.3228
364.4200,4.6390,4.2775,4.4841,5.7455
364.4900,4.9871,4.4882,4.7543,5.2555
364.5600,4.6259,3.6923,4.6155,5.3576
364.6300,4.3291,3.7883,4.7210,5.8105
364.7000,4.5095,4.1165,5.0751,5.4552
364.7700,5.2915,4.2186,4.7904,4.6326
364.8400,5.5150,4.2432,4.8633,3.4223
364.9100,5.2179,5.0055,5.1542,3.3258
364.9800,5.5325,4.5609,5.7030,3.7075
365.0500,5.6288,4.4987,4.9037,4.1589
365.1200,5.7917,4.5855,4.2855,4.9394
365.1900,5.1122,4.1714,4.0410,5.3559
365.2600,4.7355,4.2854,4.0387,5.4174
365.3300,5.0296,3.8493,3.9921,4.8199
365.4000,4.9347,4.0382,3.9966,4.4658
365.4700,4.7146,4.2760,4.3960,4.3968
365.5400,4.8919,4.7215,5.8251,4.0680
365.6100,4.7918,5.1832,6.6193,4.2672
365.6800,4.1209,5.0335,6.7017,5.2049
365.7500,3.7352,4.6934,6.5563,5.1512
365.8200,3.8451,4.8923,6.6109,5.5871
365.8900,3.9727,5.4473,6.5180,5.4714
365.9600,3.8641,5.5270,5.9982,6.1311
366.0300,4.9553,5.2006,5.9829,7.1182
366.1000,4.7158,4.6522,6.0747,6.7390
366.1700,5.5086,4.8920,5.7010,5.6713
366.2400,7.2172,5.0588,5.1588,4.3577
366.3100,7.5690,5.0324,5.6755,3.7668
366.3800,7.3905,4.9881,6.1831,4.3897
366.4500,7.7257,4.6305,6.5603,4.8357
366.5200,6.4654,4.4163,6.5822,5.4052
366.5900,6.1497,3.9000,6.7426,5.4308
366.6600,5.7496,4.4021,6.8626,5.3896
366.7300,5.8491,4.8206,6.9261,5.3552
366.8000,6.1179,5.0368,6.6981,6.2109
366.8700,6.9584,5.4486,6.7489,7.0768
366.9400,8.0981,6.5653,7.3671,7.0270
367.0100,8.6015,7.3223,8.0758,6.6642
367.0800,8.3870,7.8714,7.8822,7.4502
367.1500,8.1427,7.7421,7.4018,7.8095
367.2200,8.2816,7.3684,7.1206,7.1837
367.2900,7.9855,6.1721,6.8888,6.8073
367.3600,7.6840,5.3401,6.9047,6.9015
367.4300,7.8040,5.4152,7.3127,7.0735
367.5000,8.1941,5.3384,7.3439,7.2392
367.5700,7.7696,5.0088,6.6237,7.0508
367.6400,7.0416,4.7804,6.3777,7.4034
367.7100,6.3969,5.0985,6.6066,6.8036
367.7800,5.9255,5.6889,6.3975,6.4756
367.8500,5.3602,5.4251,6.1672,6.4048
367.9200,5.5978,5.0001,5.5594,6.1231
367.9900,5.4475,4.4691,5.3207,5.8927
368.0600,4.9797,5.0736,4.9923,6.2971
368.1300,4.9258,5.5899,5.0007,6.9294
368.2000,5.2229,6.4049,5.1062,7.6352
368.2700,5.3599,7.2067,5.9883,8.0476
368.3400,5.9450,8.2598,5.8892,7.2316
368.4100,6.1666,8.4107,6.4989,6.7914
368.4800,6.1784,8.1912,6.9433,6.7295
368.5500,5.8180,8.1426,6.8488,6.6988
368.6200,5.2319,7.6493,6.4602,7.0438
368.6900,5.2736,7.6450,6.8005,6.4434
368.7600,4.5929,7.0964,6.5558,5.5214
368.8300,4.0643,6.7117,6.5562,5.5866
368.9000,3.9556,6.5752,6.0624,5.8893
368.9700,4.1893,6.5883,5.5080,7.4216
369.0400,4.6710,6.7844,5.2235,7.9266
369.1100,5.4243,6.6851,4.9361,7.7971
369.1800,5.7924,6.3554,4.7537,7.9014
369.2500,6.4760,6.5476,4.4839,7.6732
369.3200,6.3838,6.5867,4.2946,7.1929
369.3900,6.3719,6.5276,4.2262,6.8659
369.4600,6.0628,6.7906,4.1214,6.1461
369.5300,5.4727,6.5472,4.4797,6.0161
369.6000,6.2871,6.6285,4.5774,5.6949
369.6700,6.2115,6.7316,4.6148,5.8634
369.7400,5.8736,6.0715,4.9250,5.0436
369.8100,6.0330,6.0883,4.8362,4.4578
369.8800,5.9479,5.7607,4.4888,4.1933
369.9500,5.7289,5.2849,4.9776,4.6253
370.0200,5.8079,5.1193,4.9021,4.6252
370.0900,5.1759,5.2841,5.5600,4.3733
370.1600,4.1826,5.5160,5.7779,4.5781
370.2300,4.2315,5.2887,5.8960,4.5030
370.3000,4.6720,5.2120,6.3689,4.8039
370.3700,5.1833,5.2697,6.5453,4.9640
370.4400,5.8953,4.9865,6.3055,4.8082
370.5100,5.9238,5.7358,6.8857,5.1580
370.5800,6.1923,6.3980,7.7208,5.4987
370.6500,6.3509,6.6432,7.2327,5.6804
370.7200,6.3280,7.2427,7.1979,4.3444
370.7900,5.4946,7.8529,7.0544,3.7080
370.8600,4.8798,8.1781,6.1280,4.7867
370.9300,4.7155,7.6887,6.1432,6.1140
371.0000,4.0314,6.9556,5.7555,7.3342
371.0700,4.2347,6.2923,5.5771,7.9385
371.1400,4.6805,5.7480,5.7055,7.3474
371.2100,4.4962,5.8032,6.0416,7.0125
371.2800,4.1748,6.0758,6.4236,6.4503
371.3500,4.5672,6.1880,6.3540,7.0228
371.4200,4.7495,6.2545,6.4667,7.1438
371.4900,4.2639,6.3394,7.0060,6.3269
371.5600,4.4672,6.5100,6.9241,5.0526
371.6300,4.3344,6.4875,6.5466,4.3484
371.7000,3.9155,6.0555,6.1590,4.6342
371.7700,4.5983,4.8544,5.4422,5.5439
371.8400,4.5838,5.2758,5.7267,5.3788
371.9100,3.9704,4.9808,6.1466,4.9600
371.9800,3.8006,4.7547,6.4958,5.2176
372.0500,3.7962,4.1887,6.4391,5.7016
372.1200,4.3190,4.5396,6.7994,6.1392
372.1900,4.3390,5.4118,6.8731,5.4933
372.2600,4.9675,5.7095,7.2358,5.0834
372.3300,4.8962,5.8761,6.9296,4.9303
372.4000,3.3558,6.1665,6.5096,4.6431
372.4700,3.4898,6.2889,5.8526,4.5833
372.5400,3.6552,6.5977,5.8838,4.5012
372.6100,4.2058,6.8722,5.5471,4.7941
372.6800,3.9977,6.5023,5.2285,4.3315
372.7500,3.7909,6.9030,4.6288,4.0399
372.8200,4.2112,6.5122,3.8044,3.7435
372.8900,4.0063,6.7322,4.2974,3.8861
372.9600,4.4879,6.1875,4.2485,4.3327
373.0300,4.4540,6.1090,4.2262,4.1649
373.1000,4.6199,5.9004,4.8680,4.3567
373.1700,5.0561,5.9250,5.3229,4.1946
373.2400,5.1700,5.8035,4.7074,4.3486
373.3100,4.9960,6.3345,4.5995,4.0240
373.3800,5.1317,7.1658,4.1897,3.5228
373.4500,5.2795,7.8658,4.5115,3.6391
373.5200,6.0954,7.8157,4.9942,4.1482
373.5900,6.0432,7.4363,5.3454,3.8524
373.6600,5.0360,8.0116,5.3559,4.1222
373.7300,4.8619,7.9629,5.6455,4.2164
373.8000,5.2772,8.0259,5.8426,4.3185
373.8700,5.7828,8.2314,5.7264,3.5430
373.9400,5.9164,7.9046,6.0161,3.5925
374.0100,5.9049,7.5332,6.1646,3.5125
374.0800,6.0413,6.7089,5.2498,3.1211
374.1500,5.8822,6.5012,4.7353,3.6357
374.2200,6.1910,6.9468,4.2789,5.0749
374.2900,6.5755,7.1854,4.4444,5.8158
374.3600,5.7329,7.6820,5.1116,5.9285
374.4300,4.9062,7.5796,5.4056,5.9197
374.5000,5.0136,7.6739,4.3843,5.2356
374.5700,5.3016,7.2613,3.9211,5.3266
374.6400,5.2397,7.1870,3.8897,5.2770
374.7100,5.3536,6.2863,4.0816,5.0598
374.7800,5.6769,5.7470,3.8731,4.6066
374.8500,5.9168,5.6648,4.0893,4.9709
374.9200,5.4233,6.0396,3.5369,4.9694
374.9900,5.6599,5.4198,4.0671,5.1647
375.0600,6.2742,5.0794,4.2032,5.6222
375.1300,5.9114,4.9314,4.6605,5.9069
375.2000,6.2428,5.7431,4.8525,5.9272
375.2700,6.0589,5.8738,4.6446,6.1204
375.3400,5.4150,5.4854,5.3697,6.3480
375.4100,5.2720,4.9750,5.3227,6.5320
375.4800,5.2011,5.2668,5.0897,6.0192
375.5500,5.1608,5.6000,5.2827,5.6206
375.6200,5.0422,6.0694,4.5702,5.4250
375.6900,4.9371,5.6264,4.6655,6.0064
375.7600,4.5957,5.6786,5.5269,6.3030
375.8300,4.2689,5.6827,6.5514,6.4209
375.9000,3.7284,6.4376,6.8041,6.9562
375.9700,3.7509,6.9091,5.8467,6.8107
376.0400,3.9789,7.0825,5.4896,6.0031
376.1100,4.3919,6.6986,5.2194,5.3397
376.1800,4.7455,6.6539,4.5263,5.2671
376.2500,5.2564,7.4647,4.8976,5.5763
376.3200,5.0007,7.5774,5.9938,4.5710
376.3900,4.1518,6.8915,6.4665,4.0893
376.4600,4.3136,6.8884,5.9107,4.8613
376.5300,4.2944,6.2999,5.8988,5.6107
376.6000,3.7804,5.8844,6.2355,6.4880
376.6700,3.9731,5.7403,6.5321,7.0927
376.7400,3.4449,5.3876,5.9210,7.4236
376.8100,3.6452,4.4946,5.9729,7.3219
376.8800,3.8028,4.1421,6.4609,7.0098
376.9500,3.5165,4.5927,7.0684,6.6988
377.0200,3.7831,5.1600,6.7444,6.1072
377.0900,4.3976,4.7401,6.2472,5.2462
377.1600,4.6718,4.0767,5.7437,4.6470
377.2300,4.9844,3.7449,5.1291,4.6137
377.3000,5.1577,3.7986,4.4809,5.2205
377.3700,5.3990,5.2752,4.1612,5.5626
377.4400,5.4243,6.5867,4.1783,5.4059
377.5100,5.2728,6.9340,5.0515,4.8145
377.5800,5.3342,7.0612,5.1388,4.3885
377.6500,4.9155,6.5257,5.1643,4.1425
377.7200,4.8233,6.1842,5.4452,4.2058
377.7900,5.3142,6.3182,5.4524,3.9332
377.8600,5.7998,6.4344,5.5884,3.6353
377.9300,5.7784,6.2691,6.4002,3.5501
378.0000,6.1058,6.6696,6.9988,3.9778
378.0700,6.1833,6.4687,6.8103,4.4867
378.1400,5.4869,6.0943,5.9058,4.9573
378.2100,5.4257,6.6572,5.8239,5.2477
378.2800,6.0440,7.3111,5.5728,5.0715
378.3500,7.0186,7.0561,5.6418,4.4932
378.4200,7.4067,5.6950,6.0726,4.2466
378.4900,7.1653,4.9700,6.6751,3.9371
378.5600,7.1046,4.7777,7.5314,3.9452
378.6300,6.3858,4.2114,7.2875,3.9252
378.7000,6.4244,3.6502,6.4863,4.1366
378.7700,6.5494,4.1523,6.2728,4.0647
378.8400,6.1663,4.5446,6.1961,4.2548
378.9100,5.8775,4.2048,5.9005,4.6023
378.9800,5.5972,3.4649,5.8185,5.5670
379.0500,5.3530,3.3808,6.2114,6.3299
379.1200,4.9627,3.5521,7.2130,6.5856
379.1900,5.3576,3.9146,7.4851,6.4491
379.2600,5.1317,4.8746,7.4111,6.8575
379.3300,4.9738,4.5916,6.8585,8.4316
379.4000,4.9017,4.1876,6.9764,9.4441
379.4700,4.5736,4.4434,7.3136,9.4407
379.5400,4.6511,4.8794,6.7110,8.4107
379.6100,4.8002,5.0775,6.6173,7.6693
379.6800,4.4903,5.3327,5.8136,7.2222
379.7500,3.9434,5.6045,5.2649,7.1475
379.8200,3.6362,5.7452,5.7294,7.4571
379.8900,3.6400,6.0683,6.7372,7.3258
379.9600,3.8690,5.9545,7.3617,7.2726
380.0300,4.6315,5.1734,6.8677,6.7066
380.1000,5.0015,4.9918,6.6786,5.9359
380.1700,4.9078,4.1114,7.2972,5.5674
380.2400,4.8707,3.8044,7.5767,5.1437
380.3100,5.1617,4.5073,8.1586,4.7578
380.3800,6.0167,4.2311,8.1566,4.7650
380.4500,6.1240,4.0045,8.3783,4.9355
380.5200,5.0188,4.1351,8.0910,3.9363
380.5900,4.2202,4.4836,7.6686,3.4323
380.6600,4.9450,4.2506,7.5876,4.1308
380.7300,6.0546,4.1939,6.9115,4.7918
380.8000,6.2732,5.1698,6.1913,4.2878
380.8700,5.8299,4.9392,5.0937,4.8178
380.9400,5.1065,4.5064,4.7999,5.3370
381.0100,4.9009,4.2312,5.1723,5.4588
381.0800,4.5658,4.3765,5.2337,4.8986
381.1500,5.0614,4.2017,5.7166,4.3882
381.2200,5.8861,4.4408,5.6676,4.5049
381.2900,5.7227,5.3179,5.4435,4.6708
381.3600,5.4410,5.9867,5.1419,5.6900
381.4300,5.4269,6.0425,5.4029,6.2964
381.5000,5.8907,5.5723,4.8799,6.0020
381.5700,6.1102,5.8587,5.0857,5.5527
381.6400,5.7541,5.4733,5.8203,5.0237
381.7100,5.8515,4.9235,6.1511,4.8825
381.7800,6.1184,4.8589,6.2274,4.8572
381.8500,5.8438,4.8372,6.6859,4.9112
381.9200,4.9781,4.7004,7.4987,5.2925
381.9900,5.1501,5.2432,6.9764,5.4002
382.0600,5.5427,5.9919,5.9680,5.6821
382.1300,4.9612,5.3419,5.5093,6.0598
382.2000,5.3016,4.8759,4.7205,6.5779
382.2700,5.8310,4.8098,5.0303,6.6211
382.3400,6.1649,4.3484,5.0728,6.5093
382.4100,5.5280,5.3503,4.6840,5.7530
382.4800,5.1198,5.6577,4.4022,5.1710
382.5500,5.2016,5.6282,4.7051,5.0629
382.6200,5.4732,5.5240,4.7805,4.9637
382.6900,5.7280,5.5902,4.6184,5.0670
382.7600,5.8905,5.9134,4.3429,5.8699
382.8300,5.5822,5.7261,5.1821,6.1121
382.9000,5.4893,6.1836,5.6889,5.8369
382.9700,5.7420,6.4763,5.2843,4.9615
383.0400,6.0173,6.0521,5.5111,4.5530
383.1100,6.3166,6.0589,5.4143,4.5760
383.1800,7.0250,5.9520,5.5371,4.6075
383.2500,7.3085,5.2644,5.1476,4.1396
383.3200,7.5872,4.8772,4.7872,3.8022
383.3900,8.1376,5.3639,5.1701,4.0112
383.4600,7.4962,6.0626,5.4854,5.1443
383.5300,6.9905,5.9581,5.3856,6.2138
383.6000,6.2740,6.7510,4.6838,7.7573
383.6700,5.8883,7.3716,4.0896,9.2928
383.7400,6.2289,8.5661,4.4075,8.8388
383.8100,6.7880,8.9061,4.2069,7.6550
383.8800,6.3741,8.9315,4.3003,7.0751
383.9500,6.2075,9.0011,4.7660,6.6088
384.0200,5.8930,8.5818,4.7230,6.0004
384.0900,5.9095,7.8152,4.7278,5.4334
384.1600,5.8743,7.3354,4.9705,5.5181
384.2300,6.0731,6.8780,4.2757,5.7649
384.3000,5.8359,6.4047,4.3574,5.0944
384.3700,5.7148,5.9196,4.1517,4.5667
384.4400,5.2072,5.8073,3.7935,4.6231
384.5100,5.0620,6.2681,4.6208,4.7642
384.5800,5.1394,6.1591,5.3363,4.6164
384.6500,5.3029,6.0559,5.4352,4.8107
384.7200,5.1263,6.0676,5.5183,4.8830
384.7900,4.7538,6.5481,5.8882,4.6266
384.8600,5.0047,6.6522,5.7662,4.6021
384.9300,4.9246,6.7924,6.2892,4.9183
385.0000,5.2969,6.4271,6.4194,5.1910
385.0700,5.4847,6.6267,6.0172,5.3875
385.1400,5.4089,6.8787,5.4980,5.5476
385.2100,5.3695,6.8238,6.0807,4.9542
385.2800,5.7251,6.4312,5.9408,4.5996
385.3500,6.1160,6.3221,5.7914,4.7964
385.4200,6.0998,6.1184,5.9618,5.1527
385.4900,6.4785,5.1658,6.3762,5.3684
385.5600,6.7105,4.7208,6.5792,5.7655
385.6300,7.1856,3.9892,6.3601,6.4782
385.7000,7.0944,3.9873,6.0683,6.0499
385.7700,7.5928,4.3508,5.8354,5.2805
385.8400,8.0856,4.3616,5.4874,5.5891
385.9100,8.0853,4.4772,5.6875,5.7244
385.9800,7.5606,5.0851,5.6555,5.6175
386.0500,6.8399,5.9775,4.0840,5.5257
386.1200,6.6624,6.6843,3.5111,5.8189
386.1900,6.6919,6.4409,4.6896,5.8661
386.2600,5.9193,6.2825,5.1316,6.2830
386.3300,5.7768,6.2615,4.9886,6.4146
386.4000,5.3883,5.6643,5.3040,6.4801
386.4700,4.5577,5.7645,5.2881,6.5677
386.5400,4.8942,6.3324,5.0910,7.5038
386.6100,5.1134,6.6556,4.7440,7.8755
386.6800,5.8685,6.0613,5.0017,8.4159
386.7500,6.2901,4.8660,5.2768,8.3915
386.8200,5.9276,4.3492,5.3010,7.4207
386.8900,5.6863,4.7223,5.2756,6.8849
386.9600,5.9267,4.9034,4.7096,6.6956
387.0300,5.9762,5.5059,4.6923,6.7454
387.1000,6.3873,5.3830,4.2041,6.4504
387.1700,5.8486,4.8065,4.3996,6.9695
387.2400,5.3261,5.1354,5.1344,7.0472
387.3100,4.9092,5.2164,4.8707,7.0210
387.3800,4.5901,5.0442,5.0439,6.8311
387.4500,5.7331,4.5030,5.1689,6.9461
387.5200,6.5367,5.0752,5.8611,5.9732
387.5900,6.4481,5.9229,6.4223,5.3193
387.6600,6.0631,6.5066,6.0938,5.4760
387.7300,6.2063,6.0332,5.1431,5.7382
387.8000,6.1116,5.9133,4.3662,5.4870
387.8700,6.1076,5.3408,4.3944,5.0900
387.9400,6.3156,4.7514,4.7981,4.2877
388.0100,5.9002,5.1716,3.9329,4.3229
388.0800,5.5444,5.7181,4.1786,3.8424
388.1500,5.7303,6.8667,4.8611,3.6979
388.2200,5.9194,7.9868,5.4630,3.6870
388.2900,5.1715,8.8893,5.2768,3.8482
388.3600,4.4239,9.2953,4.8866,4.0635
388.4300,4.1396,9.2242,4.5875,4.2969
388.5000,4.1004,8.9931,4.4356,4.7206
388.5700,3.6089,8.1424,3.8942,5.5263
388.6400,3.8165,7.8227,4.0377,5.6505
388.7100,4.4020,7.5260,4.5554,6.6819
388.7800,5.3139,7.3652,5.4127,7.3277
388.8500,6.2961,6.4111,6.8292,6.7779
388.9200,6.7921,6.1671,7.7761,5.7921
388.9900,6.4549,5.6563,7.8126,5.1914
389.0600,6.2586,5.7854,7.0777,5.0722
389.1300,6.2359,5.6820,6.7188,5.6594
389.2000,5.7576,5.9182,6.5469,6.0073
389.2700,5.4852,6.3774,6.8009,5.6420
389.3400,5.7089,6.1706,7.4489,5.4893
389.4100,6.2325,5.9367,7.5100,5.1823
389.4800,6.5155,6.0317,7.1494,4.4034
389.5500,7.1010,5.3241,6.7463,4.0272
389.6200,6.9666,5.1331,6.6564,4.1197
389.6900,6.4003,5.8836,6.7154,4.2398
389.7600,6.2261,6.9540,6.3851,4.3575
389.8300,6.0144,7.7090,6.1024,4.1099
389.9000,6.2909,7.9792,5.8670,4.1727
389.9700,5.3109,7.8307,5.5882,3.7619
390.0400,4.7974,6.7921,6.0701,4.6648
390.1100,4.4452,6.2796,6.3590,5.5522
390.1800,4.6986,6.5865,6.5348,6.1281
390.2500,4.6702,7.0060,6.5863,6.2684
390.3200,4.5821,7.0899,6.7071,5.5166
390.3900,4.2427,7.1050,6.5283,5.2976
390.4600,4.3168,6.7069,6.8647,4.6715
390.5300,4.0674,6.3162,7.6204,4.7434
390.6000,4.2206,6.0973,7.5457,4.0427
390.6700,3.9917,5.7334,7.6953,3.9917
390.7400,3.3589,4.5820,7.0154,4.6442
390.8100,3.3420,3.9709,7.1815,5.7022
390.8800,4.1925,4.3149,7.8776,5.8010
390.9500,3.9233,4.2992,8.0668,5.6053
391.0200,4.2510,4.2898,6.9993,5.8635
391.0900,4.9543,4.7796,6.3996,6.5633
391.1600,5.3453,4.2843,5.9727,7.3681
391.2300,5.0554,4.5883,5.3710,8.1622
391.3000,5.2440,5.0302,5.0374,8.1580
391.3700,5.5349,5.4398,5.2986,7.4471
391.4400,5.7165,4.9745,5.8014,6.0615
391.5100,6.6514,4.4557,5.7028,5.2942
391.5800,7.0540,4.8571,5.3510,4.5076
391.6500,6.8741,4.8269,4.6011,4.9124
391.7200,6.8241,4.6872,5.1178,5.2439
391.7900,5.9342,4.5570,5.8741,4.1633
391.8600,5.1799,4.7626,5.5649,4.2103
391.9300,4.6131,4.4636,4.9174,4.2548
392.0000,4.2532,4.4222,4.8543,4.7561
392.0700,4.2387,4.9208,4.9675,4.9777
392.1400,4.3628,5.7324,5.3168,5.1312
392.2100,4.2484,5.5595,4.9788,4.6522
392.2800,4.0916,4.9089,4.5860,5.2895
392.3500,4.1215,4.4774,5.0781,5.8987
392.4200,4.0480,5.0360,5.2352,6.7689
392.4900,4.3001,6.0471,5.6224,7.0884
392.5600,3.9556,6.6817,5.6051,6.9087
392.6300,4.4627,6.8364,5.4034,6.7509
392.7000,4.8015,6.2217,5.0243,6.7716
392.7700,4.9702,4.9643,4.6908,6.5103
392.8400,4.5155,4.1855,4.4377,6.2686
392.9100,4.8126,4.5502,4.5479,6.7375
392.9800,4.3264,4.8879,4.3702,7.4856
393.0500,4.0050,5.2651,4.3676,8.3765
393.1200,4.3200,5.4698,5.3087,9.3950
393.1900,3.9678,6.6127,4.8858,9.7974
393.2600,4.4148,7.6360,5.2576,9.8674
393.3300,5.1510,8.1084,5.5186,9.8595
393.4000,5.7209,7.9643,6.3967,10.4454
393.4700,5.6901,6.6344,6.3031,10.1073
393.5400,4.9570,5.4682,5.7019,9.3045
393.6100,4.3934,5.1751,5.8904,8.2767
393.6800,4.4115,5.3432,5.7337,7.8203
393.7500,4.9573,5.5482,5.6392,7.5961
393.8200,5.2685,4.7539,6.0932,7.1879
393.8900,5.6376,4.0117,6.0316,7.7524
393.9600,5.1698,3.9553,5.3768,9.1178
394.0300,4.9761,5.0193,5.1624,9.7339
394.1000,4.5969,4.4274,5.6110,9.7800
394.1700,5.2085,3.5746,5.7990,9.9432
394.2400,5.2641,4.2777,5.6996,9.7209
394.3100,5.9156,4.0263,5.2540,8.9600
394.3800,5.9863,4.0479,5.2342,8.0354
394.4500,5.9884,3.8713,4.3724,7.6984
394.5200,6.4589,4.0550,4.3278,7.9530
394.5900,7.0657,3.9961,3.9465,7.4835
394.6600,6.5992,3.9201,3.7375,7.1570
394.7300,6.0089,4.5400,4.1171,7.1648
394.8000,5.7316,4.8844,4.6004,6.9653
394.8700,5.4462,4.7688,5.1965,6.9988
394.9400,5.6750,4.6923,5.4507,6.6068
395.0100,5.5226,4.0748,5.3908,5.9950
395.0800,5.2610,4.0543,5.3582,5.0514
395.1500,5.3619,3.7315,5.0079,4.2764
395.2200,5.5228,3.8270,4.1662,4.2900
395.2900,6.0265,3.2189,3.9013,4.1072
395.3600,6.2507,3.9989,4.7764,4.1154
395.4300,5.6660,4.4099,5.1034,4.4101
395.5000,5.4560,3.8953,5.5262,4.6313
395.5700,5.8999,3.9075,6.1859,5.2072
395.6400,6.6568,4.0309,6.9053,5.8633
395.7100,7.3341,3.5244,6.7533,5.7284
395.7800,7.0686,3.7474,6.4070,5.4170
395.8500,6.5435,4.7216,7.0753,4.5626
395.9200,6.4786,5.5548,7.3054,4.3803
395.9900,6.0245,5.4093,7.1159,4.9055
396.0600,5.8206,5.0228,6.1241,4.5885
396.1300,5.8255,4.7803,5.8290,5.2003
396.2000,5.8909,5.0933,5.3052,5.6541
396.2700,5.8830,4.9851,5.4158,6.1158
396.3400,6.5756,4.5830,5.0658,6.3101
396.4100,6.3254,4.5654,4.9369,6.2111
396.4800,6.0039,4.8181,5.4627,6.1232
396.5500,5.0939,5.2888,6.3238,5.7213
396.6200,5.2217,5.6207,6.9753,5.6458
396.6900,5.6596,5.9296,7.1225,6.0882
396.7600,5.8975,5.9212,7.1362,6.0679
396.8300,5.6846,5.5087,6.4388,6.1029
396.9000,6.1333,6.2040,6.0792,6.4894
396.9700,6.2551,6.6175,6.0400,6.0913
397.0400,6.0078,6.3393,5.3241,5.7019
397.1100,6.4403,5.5007,3.9131,6.2762
397.1800,6.3957,5.0624,3.9714,5.7737
397.2500,6.6110,4.4334,4.6414,5.4313
397.3200,6.4891,3.2520,4.6655,5.3187
397.3900,5.9895,3.4690,4.6219,5.3212
397.4600,5.1182,3.5212,4.6661,5.0016
397.5300,5.4597,3.2153,5.3609,4.8880
397.6000,4.9564,3.7068,5.8716,4.4020
397.6700,5.3260,4.0117,5.9057,5.2778
397.7400,4.8993,4.0895,6.2693,6.0111
397.8100,4.3618,4.6360,6.3349,5.8173
397.8800,3.2185,3.8800,5.8143,5.7440
397.9500,3.2572,3.9357,5.3599,5.0260
398.0200,3.5164,4.0861,5.3634,4.4701
398.0900,4.7919,4.8396,5.3488,4.5540
398.1600,5.2239,4.8653,5.1313,3.8094
398.2300,4.8427,4.8596,5.2434,4.5424
398.3000,4.7729,4.6121,5.6228,5.7378
398.3700,5.1232,4.6267,5.8446,5.9650
398.4400,4.6328,5.4083,6.4028,5.3902
398.5100,3.9155,5.2405,6.4433,4.7102
398.5800,4.4457,5.0619,6.0601,4.4929
398.6500,4.3149,5.1011,5.5903,4.4626
398.7200,4.0837,5.0880,5.3529,3.7898
398.7900,4.4686,4.7374,5.8725,5.3244
398.8600,5.3185,4.5696,6.0915,6.5668
398.9300,5.4114,3.9103,6.5841,6.5047
399.0000,4.8528,3.5520,6.6651,5.8475
399.0700,5.2584,3.8168,6.9931,6.5421
399.1400,4.3925,3.6660,6.7516,6.8748
399.2100,4.4978,4.2498,6.3289,6.2809
399.2800,4.8203,4.2727,4.9133,5.8913
399.3500,4.9345,4.2084,3.9411,5.2617
399.4200,5.0990,4.4468,4.1285,4.6741
399.4900,4.9886,4.9282,3.7711,4.4751
399.5600,5.2432,4.8972,3.8067,4.6496
399.6300,5.0772,4.7993,3.7391,4.8001
399.7000,5.7833,4.2253,3.7707,5.2595
399.7700,5.7309,4.2161,3.7221,5.3853
399.8400,6.3118,4.2897,3.9554,5.4860
399.9100,6.4537,5.5723,3.9258,5.3762
399.9800,6.0934,5.8949,4.1939,5.5332
400.0500,5.5545,5.4864,3.8406,5.5034
400.1200,5.5858,5.4853,4.2240,5.4959
400.1900,5.0707,5.9559,4.5796,6.2691
400.2600,4.9379,6.3565,5.3266,6.2599
400.3300,4.9182,6.9075,5.1102,5.4933
400.4000,4.8418,6.9623,5.2153,5.1412
400.4700,5.1351,6.2867,5.6297,5.3823
400.5400,6.1123,6.3139,5.3736,5.0866
400.6100,6.6014,6.6540,5.4787,4.7549
400.6800,6.3837,6.3601,3.9464,4.0996
400.7500,6.8613,6.6553,4.1401,4.1120
400.8200,7.5463,7.7660,4.3631,4.0812
400.8900,7.4686,7.7421,4.3457,4.0818
400.9600,7.7421,7.1296,3.6489,4.4737
401.0300,7.1420,6.4334,4.0148,5.0289
401.1000,5.9248,6.5682,4.1647,5.7542
401.1700,5.5424,6.9187,3.4605,5.5789
401.2400,5.1079,6.9304,3.6756,5.3380
401.3100,5.4312,6.6942,4.3564,5.3023
401.3800,5.7803,6.1648,4.7395,5.7563
401.4500,6.5077,6.2746,5.0908,4.9957
401.5200,7.0127,5.9352,5.3377,5.1907
401.5900,7.5656,5.6400,5.5330,5.6309
401.6600,7.5666,6.1059,5.0322,6.3657
401.7300,6.9993,7.1449,4.3406,7.5438
401.8000,6.4684,7.3960,4.3332,7.8636
401.8700,6.0080,7.0235,4.1601,7.8443
401.9400,5.1261,7.1211,3.8181,8.2227
402.0100,4.8342,6.2811,4.0467,8.3860
402.0800,4.9563,5.4744,3.8319,8.3460
402.1500,4.6625,4.5336,3.6589,8.2912
402.2200,4.3159,4.3664,3.0967,8.3080
402.2900,4.4937,5.0183,3.4473,8.6245
402.3600,4.2701,4.6015,3.3543,8.5728
402.4300,3.5739,4.4601,4.2601,7.8121
402.5000,3.4585,4.1501,4.4680,7.5600
402.5700,4.6588,4.6356,4.1826,6.9339
402.6400,5.2648,5.3969,3.9954,6.5646
402.7100,5.1659,5.0827,4.1424,6.0765
402.7800,5.5801,4.5002,4.5488,5.6600
402.8500,5.7013,4.0959,4.7906,5.9208
402.9200,6.0475,4.5152,5.5591,6.7108
402.9900,6.0404,4.9767,5.9000,6.1999
403.0600,5.9046,5.4197,5.9249,5.7729
403.1300,6.6002,6.0439,5.5768,5.1135
403.2000,7.0804,6.8409,5.0935,5.0821
403.2700,7.4284,6.9405,4.3706,5.5885
403.3400,7.7938,7.5906,4.3027,5.5760
403.4100,8.0357,7.4363,4.2079,4.9650
403.4800,8.1849,7.1494,4.7233,4.3823
403.5500,7.3713,6.4266,6.1120,4.4189
403.6200,6.8557,5.5801,6.4845,4.7332
403.6900,5.6606,5.6220,6.1919,4.7081
403.7600,4.6324,5.6321,5.6892,4.4124
403.8300,4.5683,6.3095,5.0606,4.3642
403.9000,5.4026,6.2603,4.6516,4.7701
403.9700,5.6811,5.5491,5.0662,4.2652
404.0400,5.4326,4.9269,5.0569,5.0763
404.1100,4.2817,3.7678,5.4324,6.1396
404.1800,4.4601,3.5312,5.3126,6.1250
404.2500,3.7778,3.8606,5.2137,6.4789
404.3200,3.5686,4.1483,5.4409,6.9891
404.3900,4.1685,4.2151,5.9549,7.1102
404.4600,4.9586,3.9578,6.6623,7.4973
404.5300,5.9656,4.3434,6.4178,6.9262
404.6000,7.2047,5.0588,7.0655,6.4527
404.6700,7.2363,5.1894,6.9284,5.9548
404.7400,7.3105,5.0075,6.6824,6.2476
404.8100,6.8947,5.1888,7.0344,6.1155
404.8800,5.8426,5.0440,6.8743,5.8351
404.9500,5.1650,4.8932,7.2057,5.5284
405.0200,4.4013,5.3796,6.6837,5.5433
405.0900,3.8999,6.1747,5.8125,6.5286
405.1600,3.5276,6.3680,5.0255,6.5586
405.2300,3.5797,6.1077,5.0576,6.8046
405.3000,4.4753,6.0029,5.2857,6.6755
405.3700,5.6036,6.0194,4.8565,6.0393
405.4400,5.1206,5.5693,5.0679,6.4114
405.5100,5.0131,5.7248,5.1054,6.3489
405.5800,5.3545,4.8091,5.7392,6.2670
405.6500,5.5853,4.7630,6.2856,5.3089
405.7200,5.1932,4.6904,5.8334,4.0125
405.7900,5.1005,4.4461,5.2455,4.1383
405.8600,4.9073,4.1481,4.8383,4.1758
405.9300,4.4547,3.8217,4.8726,3.5856
406.0000,4.6239,3.3730,4.1544,3.6605
406.0700,3.9236,3.4147,4.2159,4.3119
406.1400,4.7146,3.6302,4.5303,4.6165
406.2100,5.1670,3.5429,5.0690,4.8240
406.2800,4.8875,3.6431,5.7692,4.6235
406.3500,5.2899,3.6166,5.5710,4.7529
406.4200,5.2692,4.1025,5.8454,4.1067
406.4900,5.0271,4.8642,6.3625,4.0410
406.5600,4.9101,5.4849,6.2301,4.2530
406.6300,5.4916,5.5771,6.5805,4.7031
406.7000,5.5339,5.1005,7.2815,5.3642
406.7700,5.7454,4.8535,7.3533,5.5037
406.8400,5.6479,4.6579,6.9777,5.7484
406.9100,6.6052,4.5514,6.3329,5.6959
406.9800,6.6274,4.5739,6.5191,5.1027
407.0500,6.0525,4.3711,5.9154,4.8406
407.1200,5.7490,4.4164,5.4615,5.1716
407.1900,5.2126,4.8357,5.3661,5.1869
407.2600,4.6063,4.6280,5.4146,4.9260
407.3300,4.6671,3.6351,5.6185,5.2411
407.4000,4.2122,3.2329,5.3811,5.1335
407.4700,4.0647,3.5489,5.4954,5.3572
407.5400,4.0649,3.4141,5.6247,5.1341
407.6100,4.2069,3.6544,5.6284,5.6652
407.6800,4.9798,4.1024,5.6958,6.0782
407.7500,5.4153,4.5036,6.0027,5.7969
407.8200,4.7499,5.0583,5.5176,5.7438
407.8900,4.2527,5.6488,5.6554,5.1633
407.9600,3.6592,6.0184,6.2358,5.0749
408.0300,3.8960,5.5850,6.2042,4.3571
408.1000,3.9052,5.8995,5.6677,3.9448
408.1700,3.8784,5.8577,5.4822,4.0999
408.2400,3.4411,5.9422,5.3903,4.2724
408.3100,3.9128,6.0031,5.7942,3.9791
408.3800,4.2374,5.6841,6.3266,4.3137
408.4500,4.7768,5.8535,7.0660,4.7447
408.5200,4.2412,6.4614,7.0074,5.3724
408.5900,3.6970,7.3725,6.8748,5.7642
408.6600,4.0611,7.7932,6.9395,5.9545
408.7300,4.8812,7.4169,7.0492,4.9907
408.8000,5.0329,7.0763,6.8632,5.3834
408.8700,5.3302,7.5642,6.6676,5.7505
408.9400,6.0194,7.9834,5.9560,5.6695
409.0100,5.5656,7.7234,6.1640,5.0616
409.0800,5.2395,7.7216,5.6569,5.4384
409.1500,6.1409,7.0941,5.4464,6.2321
409.2200,6.1058,6.5841,5.5441,5.7170
409.2900,5.4176,6.0576,5.8152,5.8064
409.3600,5.1493,5.4107,6.7772,5.9924
409.4300,4.9667,6.0225,6.3201,6.2674
409.5000,5.0178,7.0271,6.2745,6.3331
409.5700,4.4105,6.6658,7.1659,6.0334
409.6400,4.4053,6.6025,6.5813,5.5976
409.7100,4.7721,7.5058,5.8209,4.6360
409.7800,5.7049,7.9692,5.1249,4.5104
409.8500,5.5329,7.9148,5.2784,4.9026
409.9200,5.2395,7.4076,6.2492,5.4495
409.9900,4.1943,7.2348,7.2817,5.8700
410.0600,3.9166,7.0974,7.4942,6.8035
410.1300,3.8294,6.8026,7.3849,7.8114
410.2000,4.2483,6.1555,7.1055,8.5122
410.2700,3.9916,5.3205,6.8990,9.0507
410.3400,3.8000,4.6808,7.0912,9.3232
410.4100,3.7810,4.7014,7.1167,8.7622
410.4800,4.3094,5.8262,7.6389,8.6832
410.5500,5.1600,6.6709,8.0835,8.1795
410.6200,5.1639,7.5581,8.4132,6.8807
410.6900,4.8858,7.6035,7.8795,6.5458
410.7600,4.6022,6.6667,7.7051,7.0131
410.8300,4.5623,6.0358,6.6717,6.2545
410.9000,5.0876,5.6282,5.4398,5.4356
410.9700,5.8174,5.2141,5.3183,4.9533
411.0400,5.7364,5.0047,6.0308,4.4770
411.1100,5.6940,5.0952,6.3196,3.7437
411.1800,5.0572,5.4304,6.6691,4.3467
411.2500,4.3525,5.4028,7.0557,4.2801
411.3200,4.8338,5.4599,6.8669,4.7302
411.3900,4.6143,6.6227,6.5883,5.4886
411.4600,4.6971,7.5959,6.1221,6.3546
411.5300,5.2079,7.6413,5.9351,6.5300
411.6000,5.3819,7.3425,6.0885,6.1668
411.6700,5.1231,6.8340,5.1835,5.6340
411.7400,4.8250,6.1832,4.6442,5.7325
411.8100,5.2418,5.9621,4.4057,6.4722
411.8800,5.4898,5.5006,4.6189,6.4397
411.9500,6.0200,5.1947,5.2666,6.7688
412.0200,5.1704,5.0176,5.5309,7.6345
412.0900,4.7878,5.4963,4.6739,7.6211
412.1600,5.0826,6.0915,5.0435,8.4471
412.2300,5.7453,6.4347,4.9188,8.8396
412.3000,5.6777,5.7130,4.8133,8.5854
412.3700,5.6537,5.6845,4.7858,8.4320
412.4400,5.6382,5.0848,4.6306,7.4793
412.5100,6.5129,4.6786,5.5144,6.9213
412.5800,6.6875,4.5442,5.3964,7.1836
412.6500,7.1140,4.8219,5.3024,6.8622
412.7200,7.0089,4.2585,5.5333,6.5049
412.7900,6.6210,3.8382,5.6873,6.7151
412.8600,5.8860,3.3132,7.0364,6.0396
412.9300,5.4189,3.3023,6.9629,5.7209
413.0000,4.9931,3.7294,6.3192,5.5568
413.0700,4.9346,3.6235,6.5898,5.9015
413.1400,4.4617,3.4756,7.1626,6.0985
413.2100,3.9359,3.7807,6.5802,6.7530
413.2800,4.6249,4.1440,5.6933,7.3863
413.3500,5.3637,4.0677,5.5030,8.1378
413.4200,6.0964,4.5314,5.8082,7.7518
413.4900,5.2350,5.0548,6.7207,7.1262
413.5600,4.6732,4.9456,6.8557,6.6958
413.6300,4.5711,5.0108,6.8569,6.4222
413.7000,4.0361,4.7358,7.6563,6.0080
413.7700,3.8373,3.8855,8.6497,6.2191
413.8400,3.9403,3.6335,8.3618,5.6047
413.9100,3.8287,3.7431,8.9189,4.8047
413.9800,4.0161,3.4821,9.1531,4.6314
414.0500,3.6538,3.8132,9.6629,4.3423
414.1200,4.4518,3.8958,9.3730,4.6366
414.1900,5.0816,4.8235,8.3398,5.1579
414.2600,4.7201,5.3176,6.9005,6.1979
414.3300,4.6169,4.9398,6.1127,6.2424
414.4000,4.1457,4.7541,5.4227,6.1129
414.4700,3.8944,5.4638,4.6097,5.6877
414.5400,3.5023,5.9442,4.3102,5.2926
414.6100,3.6373,6.5798,4.1310,5.0828
414.6800,3.6799,6.2871,3.8512,5.3518
414.7500,3.5441,4.9242,3.6441,5.6641
414.8200,3.5577,3.9928,3.5579,5.3155
414.8900,4.2405,3.5782,4.1293,4.8790
414.9600,4.5626,3.3438,4.8267,5.3218
415.0300,4.3445,3.3001,5.0026,5.3996
415.1000,4.2309,3.9560,5.3313,5.2895
415.1700,4.0860,3.7086,5.3123,5.2505
415.2400,4.3196,3.6775,5.0342,6.0139
415.3100,4.9385,4.3613,4.4471,6.2158
415.3800,4.6413,4.6370,5.2157,6.1381
415.4500,4.4492,3.9821,5.0698,5.4985
415.5200,3.9984,3.9847,5.0281,5.4519
415.5900,3.5647,3.9870,4.9486,5.5446
415.6600,3.5092,3.8399,5.2650,6.1202
415.7300,3.8711,3.4920,5.8235,6.9057
415.8000,3.4317,3.8148,6.0906,6.7535
415.8700,3.6252,4.4095,5.5517,7.4779
415.9400,3.9475,4.2418,4.6914,7.7076
416.0100,4.2697,3.6599,3.6102,7.5148
416.0800,4.0881,3.0192,3.8947,7.3819
416.1500,4.4918,3.1600,4.0382,7.0017
416.2200,4.8948,4.1432,4.5485,6.0819
416.2900,5.4029,4.5411,4.6828,5.3617
416.3600,5.2422,4.2043,4.5162,5.0247
416.4300,4.7903,3.9751,4.6550,3.9834
416.5000,5.4298,4.7500,5.8928,2.8957
416.5700,5.8269,4.9627,7.0833,3.0644
416.6400,5.1341,5.0813,7.5472,3.5715
416.7100,4.2439,5.2683,7.0986,4.0675
416.7800,4.0678,5.3286,6.7171,4.9733
416.8500,3.5727,5.9086,6.4840,5.6064
416.9200,3.6680,6.3301,6.1677,6.1465
416.9900,4.9060,6.6644,6.1871,6.2689
417.0600,6.1098,6.6889,6.2638,6.6231
417.1300,5.9687,7.1444,6.2554,6.4345
417.2000,5.9950,7.4321,5.7826,6.2505
417.2700,6.8136,6.8145,5.1805,5.6672
417.3400,6.9274,6.3505,4.8685,5.6387
417.4100,6.6201,5.8648,4.9629,5.7122
417.4800,5.2210,6.0308,4.9330,6.2997
417.5500,4.7552,6.5977,5.2312,7.0113
417.6200,4.8270,6.9592,5.4180,7.6253
417.6900,5.0434,7.2710,4.8144,7.0708
417.7600,5.3904,6.7286,4.3485,6.1202
417.8300,5.4160,6.2738,4.4606,6.5644
417.9000,5.4543,5.7772,5.3366,6.3383
417.9700,5.1727,5.1366,5.4021,5.4316
418.0400,5.3803,4.4744,5.6171,4.5386
418.1100,6.2624,3.8738,5.9600,4.3063
418.1800,6.0791,3.8824,6.3601,3.9062
418.2500,6.1714,4.1685,7.3407,4.3663
418.3200,6.5854,3.9190,8.1540,4.1636
418.3900,5.7422,3.9891,8.6577,3.8682
418.4600,5.4871,4.6516,8.5935,3.3641
418.5300,5.4729,4.9670,7.7205,3.2535
418.6000,5.2691,4.1686,6.8181,3.4777
418.6700,5.3943,4.5782,6.6048,4.0476
418.7400,5.4760,4.6550,6.4819,4.9382
418.8100,5.0974,4.4726,5.7032,5.0867
418.8800,5.4128,4.3103,5.0347,5.1060
418.9500,5.9388,4.3210,4.8811,5.0264
419.0200,5.8714,4.0091,5.4104,5.7020
419.0900,5.5044,4.2365,5.8831,6.1803
419.1600,4.8240,4.0590,5.6962,6.1109
419.2300,4.9802,3.9566,5.1031,5.8605
419.3000,5.4752,4.3780,4.7723,5.4636
419.3700,6.1339,5.0128,5.1013,5.8012
419.4400,6.8645,5.4302,5.1140,6.4119
419.5100,6.6098,5.7364,5.4631,6.2059
419.5800,5.5093,6.1862,5.1014,6.3717
419.6500,4.7467,6.3524,4.9517,6.0970
419.7200,4.3445,6.8888,4.8185,5.6763
419.7900,4.3351,7.3561,4.5545,4.9108
419.8600,4.6397,7.6380,4.6867,4.0906
419.9300,4.4827,8.5835,4.2428,3.7934
420.0000,5.0603,8.5021,4.4337,4.1633
420.0700,5.4304,7.9264,4.7916,3.9836
420.1400,5.5638,7.6242,5.2217,4.5240
420.2100,5.0405,6.5085,5.3598,5.0482
420.2800,5.1009,6.1446,5.1322,5.4215
420.3500,5.4263,6.2076,4.7637,5.4982
420.4200,6.0445,5.2855,5.1429,5.4034
420.4900,6.5050,4.7349,4.8569,5.4666
420.5600,6.7368,4.1360,4.9431,4.9472
420.6300,6.1413,4.7025,5.1973,3.4038
420.7000,5.8611,4.9688,4.5782,3.3025
420.7700,5.8085,5.5044,4.5409,4.4946
420.8400,5.8728,6.5070,4.4351,5.0730
420.9100,6.3071,6.3525,4.7215,4.6250
420.9800,6.5161,5.6401,4.5958,4.8213
421.0500,6.3408,5.1098,5.0553,5.2144
421.1200,5.2810,4.5091,4.8893,4.6106
421.1900,5.3365,4.0027,4.0244,4.3962
421.2600,4.7803,3.8254,3.9801,4.9456
421.3300,4.5931,3.6160,4.2541,5.8044
421.4000,4.8659,4.3367,4.7844,6.0672
421.4700,5.3832,4.7400,5.6971,5.1885
421.5400,5.9868,5.2442,5.8953,4.6685
421.6100,5.4937,5.1297,4.8701,4.2827
421.6800,5.2135,5.7851,4.7179,4.2012
421.7500,5.2290,5.6576,4.9282,4.2785
421.8200,4.8631,5.6394,5.5345,3.9077
421.8900,4.8756,5.5168,5.6919,3.7314
421.9600,4.3386,5.5563,5.4046,3.7386
422.0300,4.3973,5.2291,4.5916,3.7306
422.1000,4.0188,4.7709,4.4849,4.5303
422.1700,4.6321,5.2914,4.5894,5.0712
422.2400,4.7544,5.4442,5.1663,4.8671
422.3100,4.8510,5.5238,5.1300,4.6394
422.3800,5.1143,5.2906,4.8719,4.5780
422.4500,4.7782,5.2171,6.0647,5.0509
422.5200,4.1563,5.3720,6.0475,5.8650
422.5900,4.2585,4.8530,5.9035,6.6749
422.6600,4.4159,5.5518,4.6261,6.7818
422.7300,4.1413,5.2996,4.3770,7.3637
422.8000,4.0390,5.4050,4.7559,8.3164
422.8700,3.5032,6.1041,5.7668,7.3085
422.9400,4.0146,6.2071,6.6040,5.8061
423.0100,4.7434,5.5008,6.8902,5.4221
423.0800,5.3567,5.1269,6.4188,4.8770
423.1500,5.2701,4.7584,5.5491,4.3226
423.2200,4.7221,4.5167,5.0851,4.1724
423.2900,4.2099,4.7892,4.7954,4.3963
423.3600,4.4841,5.8036,4.3251,4.0460
423.4300,5.0804,7.0709,3.7542,3.9915
423.5000,5.0568,8.0665,3.5123,4.0904
423.5700,5.2893,8.2562,4.0998,4.5253
423.6400,5.4226,8.3040,4.0464,4.4704
423.7100,5.4259,8.8898,3.8664,4.1378
423.7800,5.4525,9.4164,3.9710,3.8466
423.8500,6.3124,9.0163,4.2417,4.2685
423.9200,6.6346,7.9496,3.9926,4.7558
423.9900,6.2543,7.2483,4.1797,4.7372
424.0600,6.6477,6.2773,4.7174,5.0324
424.1300,6.7693,6.0619,4.5550,4.8909
424.2000,6.4985,5.4570,4.1121,4.4106
424.2700,6.2502,5.3021,4.1572,5.0618
424.3400,5.3278,5.6432,4.6451,4.6605
424.4100,4.6122,5.3568,4.4180,4.1366
424.4800,5.3367,5.0951,3.5250,4.4953
424.5500,5.1636,5.0052,4.3664,4.2200
424.6200,4.4344,5.6409,5.4882,3.7797
424.6900,4.0360,6.8486,6.0125,3.1503
424.7600,4.8283,7.1846,6.3560,3.5122
424.8300,5.7850,6.6573,5.6785,4.3452
424.9000,6.1331,5.4830,5.5469,4.6854
424.9700,6.8517,5.5640,5.2549,4.5438
425.0400,6.5468,5.6831,5.5113,5.0000
425.1100,5.9386,4.6885,5.7859,5.1074
425.1800,5.9373,4.0735,5.0164,4.3390
425.2500,6.5337,4.3850,4.7322,4.1822
425.3200,6.7967,4.6075,4.5100,4.4892
425.3900,7.1478,5.1968,4.6537,4.8349
425.4600,6.6376,4.4693,5.0305,5.2356
425.5300,6.1568,3.9334,5.0279,5.8760
425.6000,5.9080,4.0946,4.9878,6.9175
425.6700,5.3029,4.2059,4.9151,6.8123
425.7400,4.1085,3.5402,4.3065,6.4120
425.8100,3.3613,3.9017,3.9418,6.1922
425.8800,2.8391,4.8037,4.0348,5.3322
425.9500,3.9144,5.4582,4.2294,4.5044
426.0200,4.6083,5.1295,4.5341,4.3536
426.0900,5.0074,3.8521,4.8358,3.9097
426.1600,4.4101,4.2176,4.2890,3.8147
426.2300,3.8395,5.0068,4.1929,4.4341
426.3000,3.6403,4.7644,4.2369,5.0214
426.3700,3.9844,4.4933,4.5799,5.8298
426.4400,4.0705,4.6898,4.8409,5.7250
426.5100,3.3667,3.9628,4.9089,5.5926
426.5800,3.6840,4.2473,4.6932,6.1518
426.6500,3.9528,4.8961,4.2069,6.7026
426.7200,4.1151,5.5354,3.8375,6.8104
426.7900,4.8621,6.6962,3.6111,6.0622
426.8600,4.5203,6.9853,3.6000,6.3188
426.9300,4.7374,6.6048,3.6202,6.7938
427.0000,5.0278,7.1075,4.2090,6.5612
427.0700,5.3909,7.3204,4.9615,6.1561
427.1400,6.3613,8.2081,5.5418,6.2504
427.2100,6.4136,7.6744,5.7998,4.7089
427.2800,6.2148,6.5941,5.2316,3.7322
427.3500,6.2218,6.1057,4.9825,3.8161
427.4200,6.0001,6.0041,5.4408,4.1395
427.4900,5.5266,6.5129,5.7564,3.5316
427.5600,5.0559,6.4009,4.8448,3.9383
427.6300,4.5098,5.6767,4.0182,4.0426
427.7000,4.6369,4.9196,4.1173,3.2767
427.7700,4.6098,4.4966,4.3657,3.5742
427.8400,4.5938,5.1435,3.9915,4.3217
427.9100,4.6086,6.1707,3.7257,4.9097
427.9800,3.8882,6.1225,3.0504,4.5833
428.0500,3.7996,6.1992,3.3431,4.5535
428.1200,4.7554,6.2337,3.7197,4.3099
428.1900,4.8239,6.3247,4.1828,4.6634
428.2600,4.5735,6.5114,4.1410,5.1735
428.3300,3.5900,6.5729,3.7423,4.9774
428.4000,3.7328,6.6087,3.5312,5.0912
428.4700,3.7221,6.7631,4.1267,5.7169
428.5400,3.3225,6.9248,4.7900,6.3464
428.6100,3.6378,6.8603,5.1723,6.1435
428.6800,3.3880,6.7202,5.0419,5.3906
428.7500,3.8913,6.2655,4.9830,5.6564
428.8200,4.5318,5.6101,5.1332,5.1808
428.8900,4.7334,5.0296,5.3998,4.3923
428.9600,4.4729,4.9370,5.8334,3.6432
429.0300,4.1329,5.4736,5.7352,3.6355
429.1000,4.0855,5.7820,4.8080,4.3404
429.1700,3.8084,5.5176,3.9946,4.1586
429.2400,4.0598,6.0439,3.7579,3.7927
429.3100,4.7777,6.7393,3.7429,4.0868
429.3800,5.0822,6.9128,3.3867,5.2524
429.4500,5.5154,6.7799,3.7408,4.7614
429.5200,6.2114,7.1723,4.7225,4.0782
429.5900,6.7259,6.9497,4.7427,4.7148
429.6600,6.1385,6.6703,4.4859,4.7285
429.7300,5.4606,6.3124,4.2553,5.1957
429.8000,5.2199,6.3261,4.5144,5.9429
429.8700,5.0050,6.4730,4.4118,5.5491
429.9400,5.8623,6.8695,4.4590,4.6635
430.0100,6.3751,6.2951,4.5726,4.3114
430.0800,6.7802,6.0986,4.6360,4.0686
430.1500,6.3662,5.8582,4.4040,3.6258
430.2200,6.2481,5.7464,4.9902,3.3954
430.2900,5.9208,5.1547,5.5721,3.6692
430.3600,5.3522,4.8591,5.9116,4.0554
430.4300,4.8326,4.9257,5.3479,4.0841
430.5000,5.1547,5.1202,5.5154,3.8073
430.5700,6.0828,5.6827,6.2134,4.4064
430.6400,6.8240,6.4925,5.9208,5.1931
430.7100,7.0214,7.0326,4.9281,5.7905
430.7800,7.4184,7.0602,4.2536,6.1160
430.8500,7.2207,7.0432,4.0670,5.7781
430.9200,7.1601,7.3928,4.3599,5.1684
430.9900,6.7737,8.2952,4.5674,4.6686
431.0600,6.4716,8.7622,4.7874,4.4584
431.1300,6.1222,8.6683,4.8222,3.7449
431.2000,6.0017,8.5372,5.1389,3.3466
431.2700,5.7404,8.5471,5.3360,3.3174
431.3400,5.5581,8.0203,5.0381,3.6194
431.4100,5.3733,7.7308,4.7887,3.2571
431.4800,4.8452,7.8745,5.3579,3.4676
431.5500,5.1158,8.3103,6.0158,3.4381
431.6200,5.2412,8.0250,6.7249,3.3904
431.6900,4.8862,7.4183,7.2268,3.4843
431.7600,4.4664,7.6571,5.9198,3.5344
431.8300,4.6075,8.0062,5.4567,3.7309
431.9000,5.0549,7.0117,4.4985,4.0753
431.9700,6.0978,6.3132,4.0919,3.9274
432.0400,6.2977,5.6629,4.3370,4.0469
432.1100,5.0568,4.5564,5.1267,5.0914
432.1800,4.5243,4.5554,5.5883,5.8627
432.2500,3.8924,4.9215,5.9097,6.3060
432.3200,5.3451,5.3001,6.2283,7.1996
432.3900,5.9986,5.2157,5.9461,8.1041
432.4600,7.0745,5.7352,5.6461,8.0887
432.5300,6.3582,5.9261,5.6500,7.5794
432.6000,5.4958,5.5965,6.8258,7.9267
432.6700,5.5271,5.3194,7.2612,8.6081
432.7400,6.0762,5.1734,7.7160,8.6327
432.8100,5.8677,5.3237,8.1018,8.5937
432.8800,5.8483,5.3380,8.4772,9.3244
432.9500,5.8257,5.3249,9.0399,9.7602
433.0200,6.0614,5.2505,8.7550,9.9934
433.0900,6.5632,4.9503,8.1247,9.5739
433.1600,6.5733,5.1269,8.0407,9.1788
433.2300,6.8594,5.5117,7.6795,8.8234
433.3000,6.7454,5.6934,7.6107,8.6797
433.3700,6.6502,6.3358,7.8382,8.5686
433.4400,5.8660,6.5744,7.4519,7.9754
433.5100,6.2969,6.5273,7.3474,6.6100
433.5800,6.1292,6.4960,7.1333,6.3107
433.6500,6.5041,6.6458,7.2092,6.0056
433.7200,6.3587,7.0630,7.0005,4.9116
433.7900,6.6892,7.1835,6.5065,5.1883
433.8600,6.7483,6.9123,6.7128,6.2337
433.9300,6.4683,6.9898,6.9884,7.2907
434.0000,5.8023,6.0290,6.6425,7.5011
434.0700,5.4567,5.2694,5.8673,7.8272
434.1400,6.2173,4.5793,5.3959,6.9310
434.2100,6.7760,3.6010,4.4219,6.4581
434.2800,6.8051,3.6302,4.9877,5.1330
434.3500,6.4720,4.2157,5.2649,4.0311
434.4200,6.4450,4.7817,4.4169,3.9887
434.4900,6.3160,4.8910,4.0354,3.8763
434.5600,5.1740,4.6663,4.1985,4.0450
434.6300,3.8335,4.8328,4.7866,3.9558
434.7000,3.5607,4.8348,4.9856,4.4557
434.7700,4.3460,5.3855,5.0720,4.8601
434.8400,4.7830,6.0762,5.0816,4.8735
434.9100,5.8213,6.9000,5.1503,4.5849
434.9800,6.3436,6.7294,5.3951,4.0985
435.0500,7.1026,6.1961,5.6343,3.8274
435.1200,7.1639,5.4094,5.9091,4.1354
435.1900,7.1286,4.4840,6.7559,4.2252
435.2600,6.2864,4.9607,7.5524,4.5749
435.3300,5.2258,5.3990,7.3474,4.8837
435.4000,5.0886,5.5106,6.5136,4.8297
435.4700,4.4098,4.7821,5.9069,4.5402
435.5400,4.6092,4.9145,5.8703,3.9567
435.6100,4.4645,5.6223,5.8629,3.6497
435.6800,4.7349,5.4148,6.0142,3.7289
435.7500,5.2991,5.1785,5.8468,3.7815
435.8200,6.5935,5.4512,6.6552,4.0661
435.8900,6.8246,5.7204,6.8880,4.5388
435.9600,6.5768,5.5919,6.5435,5.3632
436.0300,6.2807,5.8678,6.3676,5.5795
436.1000,5.5759,5.8908,7.2690,5.8344
436.1700,5.5652,5.3901,7.8229,6.1015
436.2400,4.7938,4.5783,7.8414,6.8759
436.3100,4.3670,3.7840,7.9458,6.3680
436.3800,4.3407,3.8111,8.4861,5.9341
436.4500,4.7084,4.4632,9.9646,4.9656
436.5200,4.5800,4.5600,10.0892,4.7934
436.5900,4.1388,5.0777,9.8653,4.0432
436.6600,3.4921,4.6114,9.3646,3.7285
436.7300,3.3134,4.5879,8.9465,3.6838
436.8000,3.7449,4.5655,7.9548,4.2571
436.8700,3.8050,4.5765,7.0733,4.5027
436.9400,4.3109,4.1382,6.8041,4.7958
437.0100,4.8802,4.2753,6.5379,4.9201
437.0800,5.5590,4.3160,6.5286,5.1895
437.1500,5.9936,4.4187,6.5973,5.1876
437.2200,6.8848,4.6005,6.3551,5.3085
437.2900,7.2726,4.6514,6.2726,5.6343
437.3600,6.0086,5.4824,5.9250,5.4481
437.4300,4.7462,6.4602,4.9530,4.7294
437.5000,4.3006,6.5133,4.3268,4.4915
437.5700,4.1227,5.8055,3.8280,4.2323
437.6400,4.1595,5.1755,4.4298,4.1791
437.7100,4.2299,4.3736,4.2188,4.8726
437.7800,4.1385,4.0059,4.5830,5.5924
437.8500,4.6039,4.5497,5.5378,6.2351
437.9200,5.4851,5.0844,6.0836,6.1021
437.9900,6.2935,4.7011,7.0962,6.0409
438.0600,6.9232,4.3991,7.0727,5.6802
438.1300,7.4562,4.3045,6.5147,5.2464
438.2000,7.6788,4.8961,7.0160,5.6530
438.2700,7.5713,4.7840,7.0017,5.3434
438.3400,8.0466,5.0400,5.6470,4.2792
438.4100,7.8755,5.3004,4.9098,3.8158
438.4800,7.7932,5.0436,4.4608,4.4717
438.5500,8.5519,4.7452,5.0020,4.5969
438.6200,8.7335,4.5786,5.1915,4.9168
438.6900,8.4172,5.3563,5.6365,5.2225
438.7600,7.9069,5.6838,5.6764,5.4819
438.8300,7.0656,5.3766,5.9801,6.1961
438.9000,6.7444,5.1802,6.1135,5.6336
438.9700,7.1382,5.1857,6.0056,5.2228
439.0400,7.4153,4.6988,5.4039,5.3968
439.1100,7.3698,4.5236,4.4962,5.4245
439.1800,7.6566,4.4647,3.9415,5.1970
439.2500,7.4093,4.5264,4.4844,4.1082
439.3200,7.0672,4.9167,4.5004,3.8287
439.3900,6.6660,4.6060,4.5305,3.1648
439.4600,6.4940,5.0966,4.9614,3.9368
439.5300,5.9031,5.9728,5.4112,4.4742
439.6000,5.3074,5.7036,5.4218,4.9451
439.6700,4.7739,5.6570,6.1406,5.4510
439.7400,5.2298,5.0573,6.6221,5.2019
439.8100,5.3729,5.0088,6.8178,5.5064
439.8800,5.7628,5.2606,6.2921,5.5961
439.9500,6.2224,5.6806,5.8041,5.0920
440.0200,6.4435,6.2794,5.8123,5.3934
440.0900,6.4714,6.8204,6.5379,5.3353
440.1600,6.0131,6.1106,6.4141,5.3332
440.2300,5.5442,5.3763,5.6819,5.0267
440.3000,5.1244,4.3427,5.0274,5.7909
440.3700,5.5805,4.1944,4.6580,5.9528
440.4400,6.1822,4.6549,4.9755,5.9236
440.5100,5.7710,5.4460,6.1108,6.5335
440.5800,5.5763,6.1188,6.5638,6.3593
440.6500,5.0995,6.3032,6.1185,6.2412
440.7200,4.8048,6.3154,6.1210,5.9311
440.7900,4.5895,5.9719,6.3489,5.7867
440.8600,4.1931,5.9899,6.3810,5.5706
440.9300,4.0058,5.3603,6.8156,5.3722
441.0000,4.8564,5.4060,7.1455,5.3271
441.0700,5.0541,5.7957,7.6947,5.4435
441.1400,4.7305,6.2388,7.4817,6.1769
441.2100,4.3858,6.5197,6.7494,5.8573
441.2800,5.0862,6.1419,6.4270,5.2141
441.3500,5.8047,5.8050,5.9497,5.4066
441.4200,5.7124,5.8575,5.4655,5.1892
441.4900,4.9131,5.7033,6.0649,3.8294
441.5600,4.6001,5.6516,6.0251,3.9897
441.6300,4.4848,5.6354,5.7510,3.5422
441.7000,4.3604,5.3539,5.6164,3.3055
441.7700,4.1313,4.6526,5.2381,3.8289
441.8400,4.7088,4.3647,5.4255,4.0728
441.9100,4.7702,4.6318,5.0161,4.3275
441.9800,4.3419,4.4298,4.8356,5.1084
442.0500,4.3943,4.4635,5.3090,5.2349
442.1200,4.4629,4.6458,5.6555,5.1468
442.1900,4.9103,4.3411,5.2183,4.8636
442.2600,5.8742,4.4631,5.2630,4.9755
442.3300,5.9862,4.5753,5.6930,5.1815
442.4000,6.1744,5.0883,5.3564,5.3893
442.4700,6.0398,4.7099,4.8644,4.9832
442.5400,5.3087,4.5878,4.8238,5.0824
442.6100,5.3191,3.4388,5.2039,5.0736
442.6800,5.2108,3.5426,4.5909,5.4972
442.7500,5.1615,4.2152,4.6736,6.9890
442.8200,5.5352,4.6163,4.8166,7.4285
442.8900,5.9268,4.4795,4.1704,7.3480
442.9600,6.7925,4.0964,4.3840,7.8214
443.0300,6.9731,3.6956,4.0680,7.1631
443.1000,6.3853,3.5684,4.0360,6.1700
443.1700,6.3300,4.4953,3.9794,6.2378
443.2400,5.7520,5.0822,4.1807,6.4455
443.3100,5.2983,5.2350,4.5576,5.6535
443.3800,5.0261,5.2731,4.6614,5.5354
443.4500,4.7715,5.6074,4.8287,5.6080
443.5200,4.5203,5.8820,4.6280,5.9845
443.5900,4.9954,5.9979,4.6020,6.8665
443.6600,5.2519,6.2763,5.0030,6.8230
443.7300,5.1274,5.5757,5.4544,6.4538
443.8000,4.5526,5.3156,5.4266,5.5396
443.8700,3.8543,5.3602,4.5282,5.0511
443.9400,3.8351,5.4462,5.3717,5.3433
444.0100,4.4284,5.6997,5.5970,6.0050
444.0800,4.5525,5.8329,5.2337,6.4905
444.1500,4.7218,6.6212,5.1561,6.8679
444.2200,4.8490,6.7621,4.7636,6.4855
444.2900,5.2303,6.7842,4.1595,5.9583
444.3600,5.3150,7.3079,4.6113,5.2195
444.4300,4.2698,7.1975,5.0346,5.4320
444.5000,3.5550,6.9415,5.0643,5.6465
444.5700,3.3239,6.1462,4.6748,6.2621
444.6400,3.6806,5.4434,4.8063,6.4405
444.7100,4.1407,5.2786,4.7842,6.8268
444.7800,3.9197,5.5819,4.1949,7.1814
444.8500,4.0042,6.4506,4.6616,6.3427
444.9200,4.0207,5.8210,4.7884,5.1690
444.9900,4.3566,5.0053,4.7491,5.0023
445.0600,4.6473,5.8137,5.1388,4.7928
445.1300,4.1646,6.9740,4.9650,4.6675
445.2000,4.0739,7.1923,4.3962,5.2899
445.2700,3.9248,6.9738,4.2439,5.0166
445.3400,4.6946,6.6589,4.0119,5.1756
445.4100,5.4562,7.0234,4.6042,4.9227
445.4800,6.2898,7.1933,5.0990,4.6188
445.5500,6.3299,6.5118,4.8493,4.4020
445.6200,6.7400,5.5609,4.5898,4.5051
445.6900,6.9412,5.0224,4.1979,4.1817
445.7600,7.2409,4.9266,4.0965,4.6374
445.8300,6.8329,5.6089,4.4942,5.5926
445.9000,5.9160,6.0302,5.1188,6.6500
445.9700,5.8193,6.4268,5.1140,6.5571
446.0400,5.2209,6.4882,4.7989,6.0516
446.1100,4.9518,5.9851,5.8212,6.5246
446.1800,4.9223,5.5988,5.9246,7.0741
446.2500,4.5437,6.0770,6.1676,6.2083
446.3200,4.4705,6.1854,5.1381,6.2762
446.3900,4.9087,5.9661,4.8080,5.7689
446.4600,4.8570,5.2854,4.9867,5.2572
446.5300,4.9241,3.9571,4.7633,5.1184
446.6000,4.7177,4.0399,4.6562,5.6225
446.6700,4.6301,3.3231,4.7048,6.4392
446.7400,4.2168,3.8897,4.5096,6.2821
446.8100,4.4394,4.3670,5.1520,5.7483
446.8800,4.5589,4.2039,5.8369,5.6826
446.9500,4.0389,4.7485,6.4781,6.3860
447.0200,3.1895,5.1208,6.4828,7.0503
447.0900,3.2523,5.6228,6.7194,8.0077
447.1600,4.4977,4.9694,6.6705,8.5296
447.2300,5.8180,4.3500,6.3102,8.0414
447.3000,6.0470,3.9103,6.2692,7.3083
447.3700,5.9936,4.8123,6.7567,6.5522
447.4400,5.8258,4.8712,7.1010,5.6401
447.5100,5.6205,5.1103,6.9792,5.4797
447.5800,5.8405,4.6611,6.5565,4.7539
447.6500,6.4786,4.6504,7.0303,3.6849
447.7200,6.2427,5.5341,7.2058,4.3215
447.7900,6.7900,5.7125,6.8888,4.9292
447.8600,6.7351,5.3791,6.5725,5.0013
447.9300,6.2933,5.7547,6.0519,6.2731
448.0000,6.1173,6.0736,6.2068,6.6953
448.0700,6.2568,6.1018,6.3631,6.9124
448.1400,5.5415,4.8478,6.4780,6.7669
448.2100,4.9253,5.1955,5.5180,5.9873
448.2800,4.4844,5.3834,5.3015,5.3746
448.3500,4.8066,5.2759,5.2624,6.1781
448.4200,5.4514,4.8108,5.4195,7.1104
448.4900,5.4746,5.0896,6.4360,7.3084
448.5600,5.3213,5.6171,7.0871,7.1865
448.6300,4.8186,5.9264,7.5731,6.6394
448.7000,4.2414,6.1385,7.7194,5.9276
448.7700,3.9250,5.9930,7.4198,4.8080
448.8400,4.1332,6.1809,7.1221,4.8015
448.9100,4.5757,7.0434,7.0059,5.2320
448.9800,5.2685,7.6531,7.6487,5.0707
449.0500,6.2336,7.6653,6.7079,5.0815
449.1200,7.1793,7.5021,5.7554,4.7258
449.1900,7.7439,6.8660,5.2666,4.9547
449.2600,7.3963,6.3352,5.3434,4.9669
449.3300,6.6476,6.4325,5.9621,4.8079
449.4000,6.7501,6.1215,5.9633,4.1902
449.4700,6.4297,5.8350,6.2406,3.7123
449.5400,5.8155,6.1786,6.4456,4.3904
449.6100,4.6618,6.2953,6.2846,5.0653
449.6800,3.9981,6.3062,6.1949,5.3110
449.7500,3.8134,6.3783,6.3494,5.2363
449.8200,4.3561,6.2714,6.2602,5.4765
449.8900,4.0113,5.2922,6.7173,5.0287
449.9600,3.6495,5.1429,6.7633,5.0166
450.0300,4.4278,5.3831,6.2938,5.4538
450.1000,4.5816,4.6094,5.8189,5.4378
450.1700,4.4702,4.3847,5.6109,5.1933
450.2400,4.1742,3.9682,4.5035,5.1581
450.3100,3.7427,3.6735,4.5110,5.0702
450.3800,3.9060,3.8720,4.8449,4.4944
450.4500,4.4856,4.4890,4.4022,4.2312
450.5200,4.6075,5.5207,4.4925,4.0700
450.5900,4.6004,5.5121,4.0456,3.7596
450.6600,4.9030,4.9830,4.0042,3.6613
450.7300,4.8344,5.1600,3.5418,3.6103
450.8000,4.9671,5.0264,3.8612,3.3827
450.8700,5.3879,5.0132,4.1850,3.0935
450.9400,5.7606,4.8152,3.7110,3.5262
451.0100,5.6206,4.2467,4.1537,4.1613
451.0800,5.3722,4.3370,5.1348,4.4740
451.1500,4.5121,3.9899,5.4741,4.5276
451.2200,3.8184,3.9691,5.5387,5.2124
451.2900,3.8994,4.0776,5.8972,5.0197
451.3600,5.0838,4.3697,6.1178,4.6648
451.4300,5.4754,4.7488,6.4539,4.7085
451.5000,5.1344,4.2456,6.1290,5.6647
451.5700,4.5286,3.1838,5.7655,6.4076
451.6400,3.4628,3.6583,5.0656,7.0668
451.7100,4.3736,4.7271,5.0476,7.1966
451.7800,5.3515,5.1166,4.6816,6.6967
451.8500,5.7835,4.6589,4.5804,6.0187
451.9200,5.9404,3.8896,4.3023,6.5614
451.9900,5.9094,4.0870,4.4315,5.7902
452.0600,5.9415,4.9847,5.2560,5.5822
452.1300,6.9344,4.8317,5.4707,5.7300
452.2000,7.6992,4.4484,5.0948,6.6567
452.2700,7.6455,4.8759,5.1241,7.3711
452.3400,7.1109,4.7347,4.8281,7.9110
452.4100,6.8902,4.9480,4.8240,7.8854
452.4800,6.3579,5.4256,3.8237,8.1379
452.5500,5.7728,5.0758,3.8628,8.7130
452.6200,5.7336,4.5657,4.4430,9.7562
452.6900,5.3573,4.1155,4.2398,9.8041
452.7600,4.8810,4.7160,4.6066,8.5189
452.8300,4.6186,4.8249,5.2386,6.7445
452.9000,4.4126,4.8521,5.1586,5.3355
452.9700,4.9800,5.1641,5.0255,5.1250
453.0400,5.4389,4.7662,5.3642,5.1563
453.1100,5.5067,5.0173,5.1689,4.6201
453.1800,4.5027,5.4178,5.4421,4.4111
453.2500,4.0771,5.7779,5.2862,4.8735
453.3200,4.0564,5.9661,4.5590,5.0888
453.3900,4.4488,5.5642,4.5774,5.6238
453.4600,5.4732,4.4886,5.6457,5.3065
453.5300,5.6457,4.5316,5.6492,5.2315
453.6000,5.4935,4.7043,5.4008,6.1714
453.6700,5.6067,5.2333,5.2139,7.8657
453.7400,5.6773,5.8116,5.4248,8.7601
453.8100,5.5760,5.7190,5.0838,8.4971
453.8800,6.0374,5.6621,4.5638,7.3803
453.9500,6.4256,5.8302,4.1034,7.2232
454.0200,6.4460,6.1236,4.0125,7.0663
454.0900,5.7494,6.3952,4.2457,6.5245
454.1600,5.7646,5.9878,4.5498,6.6930
454.2300,5.4263,5.9581,4.9098,7.0771
454.3000,5.2306,6.2301,5.8195,7.7032
454.3700,5.1556,6.8716,6.2555,7.1912
454.4400,4.2314,7.3017,6.4777,7.2236
454.5100,4.3198,7.2178,6.5791,7.1219
454.5800,4.5517,6.7722,6.4767,6.9952
454.6500,3.7509,6.6563,6.0229,6.4544
454.7200,3.0891,7.1946,5.9436,5.9261
454.7900,3.4022,7.1305,6.4366,6.4768
454.8600,4.0193,6.4011,6.7334,6.9644
454.9300,5.1499,5.7662,7.0625,6.8858
455.0000,5.4165,5.3696,7.5212,6.4373
455.0700,6.3168,5.4388,7.8116,5.8756
455.1400,5.9274,4.4652,8.2111,6.3510
455.2100,5.0960,4.1683,8.3292,5.8068
455.2800,4.2940,4.3449,8.1857,5.2000
455.3500,4.0880,4.0284,7.5779,4.6897
455.4200,4.1131,4.0841,8.0911,4.5016
455.4900,4.3590,3.4921,8.7123,3.6066
455.5600,4.5937,4.1479,8.3341,3.9699
455.6300,4.0870,4.0393,7.2129,4.4609
455.7000,4.3731,4.1974,6.5306,4.6573
455.7700,5.0109,4.3091,6.1417,4.4148
455.8400,4.7297,4.6369,5.7814,4.5219
455.9100,4.5621,5.4347,5.6016,4.4429
455.9800,4.8865,5.8812,5.2609,5.4043
456.0500,5.0611,5.9564,5.2630,5.4197
456.1200,5.6383,5.4096,4.8833,5.4793
456.1900,5.3089,4.7558,4.2514,5.6824
456.2600,5.0864,4.1279,3.5213,4.7623
456.3300,5.6846,3.8401,4.1831,4.1431
456.4000,6.0329,3.8172,4.7346,4.5229
456.4700,5.5373,4.3265,6.2710,4.7265
456.5400,4.6612,4.7158,6.7784,4.3167
456.6100,4.2338,3.5601,7.0584,3.9452
456.6800,4.4995,3.9626,7.0336,3.9573
456.7500,4.7081,3.8530,6.6822,4.8008
456.8200,5.5348,4.2303,5.6017,5.3376
456.8900,5.7186,4.5310,5.1433,5.9454
456.9600,5.8217,4.1917,4.9005,5.3964
457.0300,5.0037,3.6893,4.9549,4.8049
457.1000,4.2927,3.3133,5.6974,4.6624
457.1700,4.7416,3.8569,6.0506,5.1664
457.2400,4.8862,3.8832,6.1598,5.7702
457.3100,4.6450,4.0008,5.4919,5.3538
457.3800,5.0340,4.8550,4.8755,4.6512
457.4500,4.7705,5.1135,4.8899,3.8836
457.5200,4.2424,4.5669,5.1741,3.8448
457.5900,3.6660,4.1798,6.3557,3.8672
457.6600,3.4795,4.2956,7.1582,4.3884
457.7300,4.3818,3.5775,6.9605,5.0319
457.8000,4.0884,3.6705,5.9045,4.6396
457.8700,4.5209,3.7886,5.1718,4.5617
457.9400,4.3800,3.7043,4.2611,5.1162
458.0100,4.4247,4.7718,3.4553,4.9968
458.0800,4.2533,5.2452,3.6547,4.8236
458.1500,3.6181,4.9883,4.4100,5.2908
458.2200,3.6520,4.3916,4.2873,5.4894
458.2900,3.6097,3.7964,4.7037,5.6615
458.3600,3.5094,4.4895,5.1922,6.5943
458.4300,3.5519,5.1021,3.9355,6.0855
458.5000,3.9967,5.1198,4.1302,5.6268
458.5700,3.8397,5.4779,4.3472,6.2403
458.6400,4.5300,5.3583,4.6656,7.1478
458.7100,4.7370,5.0033,5.4626,7.6109
458.7800,4.7160,4.3933,6.5345,7.8662
458.8500,4.1145,4.6860,6.9684,7.0080
458.9200,4.3478,4.7529,5.7152,6.8155
458.9900,4.9163,4.1752,5.0382,6.3784
459.0600,5.3972,3.4900,4.3627,6.1131
459.1300,5.6181,3.9876,3.8479,6.5155
459.2000,4.8576,4.0152,4.0058,6.2712
459.2700,4.4525,4.0795,4.6739,6.5665
459.3400,3.8622,4.3932,4.3309,7.2999
459.4100,3.8316,3.9282,4.5878,6.9776
459.4800,3.6954,3.9744,4.2914,6.4711
459.5500,3.4609,4.5831,4.4419,6.1379
459.6200,4.3764,5.1172,4.4979,6.4374
459.6900,3.9818,4.8949,4.2114,7.0061
459.7600,3.8965,4.8498,4.5087,7.2448
459.8300,4.8852,4.7724,4.9017,7.7923
459.9000,5.7213,4.4349,4.3980,7.8209
459.9700,6.0430,4.5397,3.7615,7.5067
460.0400,6.2635,4.8560,4.0678,7.2434
460.1100,6.5559,5.5869,4.4544,6.5383
460.1800,7.2573,5.5457,4.7858,5.5823
460.2500,6.7771,6.3657,5.2795,4.9656
460.3200,6.2073,6.7118,5.9299,4.1679
460.3900,5.6188,6.8804,5.8406,4.6224
460.4600,6.2261,6.8575,5.5430,4.7579
460.5300,5.9353,6.8456,5.2602,4.7296
460.6000,6.0969,6.0680,4.8889,3.9718
460.6700,6.8878,5.2413,5.0114,3.7221
460.7400,7.1022,4.8638,4.2599,4.0856
460.8100,6.3947,4.6056,4.3501,4.2993
460.8800,4.9846,5.1377,4.3133,4.2864
460.9500,4.2859,5.1199,4.7352,4.0946
461.0200,4.0998,5.2366,5.2933,4.1857
461.0900,4.0491,5.0817,5.4966,4.5690
461.1600,3.4907,4.7014,5.6748,5.0473
461.2300,3.7051,4.4361,5.8429,5.0958
461.3000,3.9711,4.8705,5.8924,5.2023
461.3700,4.0422,5.2408,5.0867,5.6193
461.4400,4.7228,5.2609,5.4512,5.7588
461.5100,4.3104,5.3389,5.3608,6.1546
461.5800,4.1666,5.3127,5.2238,6.0208
461.6500,4.2383,5.6341,5.0908,6.4465
461.7200,3.9196,5.7199,4.8035,6.6155
461.7900,4.2910,6.2420,5.3938,6.2451
461.8600,4.7731,7.1880,5.7809,5.7612
461.9300,4.6341,7.2364,5.7073,6.2497
462.0000,4.5785,7.0737,6.2019,6.3934
462.0700,3.8163,7.0863,6.2569,6.6620
462.1400,4.2087,6.5509,5.9473,6.2587
462.2100,4.5699,6.9484,5.0913,5.3618
462.2800,6.0250,7.7011,5.4507,4.7177
462.3500,7.0538,7.8184,5.5195,4.4383
462.4200,7.5520,7.8381,5.6830,4.6386
462.4900,7.2368,7.3897,5.7980,4.7572
462.5600,7.0940,6.8100,7.2843,4.1242
462.6300,6.2698,6.6487,7.7373,4.0687
462.7000,5.9994,6.7585,7.2796,3.6028
462.7700,6.5268,6.4824,7.3902,3.6545
462.8400,6.9069,6.6067,7.3407,5.0129
462.9100,7.6582,7.4068,6.4444,6.3976
462.9800,8.2176,8.6661,5.4692,6.7819
463.0500,8.8148,9.3452,5.8873,7.3877
463.1200,9.1219,9.7007,6.9226,7.5763
463.1900,8.5253,10.0930,7.6160,7.6901
463.2600,8.3825,9.9288,7.8179,8.5921
463.3300,8.0729,10.0773,7.1863,9.2142
463.4000,8.3610,9.7451,6.3304,9.0227
463.4700,8.6410,8.7551,5.7602,8.7456
463.5400,7.5337,7.7535,5.7111,8.5865
463.6100,6.6872,7.2361,6.1126,8.8643
463.6800,6.5757,6.7004,6.3374,9.2623
463.7500,6.3607,6.4122,6.1954,8.9758
463.8200,5.3916,6.6037,5.8430,8.3769
463.8900,4.8790,6.6647,6.0407,7.1811
463.9600,5.3112,6.1860,6.1964,6.4407
464.0300,5.2497,5.8314,5.5105,5.8111
464.1000,5.1277,5.6381,5.3130,5.4551
464.1700,5.2531,5.6655,5.0058,5.2989
464.2400,4.9698,5.6025,4.4886,4.6846
464.3100,4.5938,5.7451,4.9486,4.3498
464.3800,4.5608,5.5462,4.8959,5.0013
464.4500,4.3376,4.6946,5.1046,5.9242
464.5200,4.6634,4.3908,4.7283,6.3566
464.5900,4.5382,4.8743,4.4653,7.1249
464.6600,4.4752,5.6473,4.5959,7.9272
464.7300,4.0850,5.9616,4.7585,8.4331
464.8000,4.0647,5.5318,3.9922,8.8649
464.8700,4.0982,5.5772,4.1776,8.5303
464.9400,4.2409,5.7666,4.5864,7.6528
465.0100,4.2398,6.5311,4.1402,6.9449
465.0800,3.6243,6.7454,4.5270,6.4851
465.1500,3.5064,6.7039,5.2233,6.0683
465.2200,3.4605,6.3911,5.6356,5.6032
465.2900,3.9280,5.4953,6.3020,5.4246
465.3600,4.3703,4.6986,6.5113,5.0870
465.4300,5.1615,4.7452,5.5804,4.9221
465.5000,5.6489,4.9759,4.8830,5.5000
465.5700,5.5140,4.6723,5.0041,5.8003
465.6400,5.0992,4.0906,4.9645,5.9027
465.7100,5.0719,3.6851,5.0167,6.5752
465.7800,4.9876,3.7218,4.3597,6.6828
465.8500,4.9945,4.5003,4.8325,6.2113
465.9200,5.5092,5.3153,4.9006,6.6649
465.9900,5.1489,6.1997,4.7947,6.8884
466.0600,5.4769,6.7917,4.3976,7.2812
466.1300,6.7273,6.7194,5.1361,7.7691
466.2000,6.7719,5.6187,5.5358,8.3115
466.2700,6.6279,5.0230,5.3029,8.1272
466.3400,6.4627,4.7927,5.0148,8.1830
466.4100,6.0540,4.8117,4.9098,8.2760
466.4800,6.3576,4.8313,5.1984,8.5433
466.5500,6.6370,4.8648,5.2756,9.1767
466.6200,6.4178,4.5610,5.8779,9.1415
466.6900,6.0865,4.6794,6.7628,9.3018
466.7600,5.0302,4.5771,7.2581,10.0888
466.8300,4.9468,4.0783,6.7501,9.9347
466.9000,5.2902,3.3145,6.2649,8.5877
466.9700,4.8518,3.7826,6.3536,6.9785
467.0400,5.1081,3.9644,6.8918,5.9822
467.1100,5.0433,4.1952,6.5987,5.6461
467.1800,4.7303,4.4834,6.6702,5.0078
467.2500,3.8320,4.3723,6.6378,4.6776
467.3200,5.1678,4.4022,7.1971,4.4323
467.3900,5.4575,4.2668,7.7522,4.7842
467.4600,5.4968,4.6019,7.4616,4.2728
467.5300,6.0168,4.0802,7.7539,3.6269
467.6000,6.3141,4.7912,7.4035,4.1246
467.6700,6.1485,5.9877,6.7137,4.8667
467.7400,6.6596,7.2452,6.0571,4.8949
467.8100,7.1237,7.4203,5.8034,5.0086
467.8800,7.3646,7.3014,5.7572,4.3375
467.9500,6.9518,7.5930,6.0499,3.9515
468.0200,6.6827,7.9533,5.4763,3.9555
468.0900,6.0308,8.6520,4.2416,3.3565
468.1600,5.8308,8.1813,4.3078,3.4702
468.2300,5.5409,7.6195,5.7290,3.4100
468.3000,4.6628,7.2022,6.6329,4.0027
468.3700,4.5217,6.7787,6.7607,4.3687
468.4400,4.8151,6.1753,6.6164,4.1240
468.5100,5.2416,5.8216,6.1564,3.6323
468.5800,5.2146,5.9435,5.7031,3.6305
468.6500,5.1389,6.3552,5.0585,4.5781
468.7200,5.4747,7.0680,5.8043,5.0599
468.7900,5.0163,7.4221,5.9465,4.8962
468.8600,4.4756,8.1697,5.8021,4.8070
468.9300,3.9414,7.7291,5.3217,5.7751
469.0000,4.2194,6.4411,5.2141,6.6060
469.0700,4.8817,5.7683,5.2732,6.2762
469.1400,4.2438,5.1045,5.7458,5.5456
469.2100,4.0860,5.3646,4.9361,5.6127
469.2800,4.3219,5.9197,4.5389,5.5770
469.3500,4.3498,6.9272,4.6738,5.6015
469.4200,3.8070,7.0472,4.1158,5.4854
469.4900,3.4779,6.2724,4.4697,5.8855
469.5600,3.7855,5.9218,4.2177,5.4896
469.6300,4.1418,6.0531,4.6855,5.4246
469.7000,3.6755,6.3337,4.5937,4.8327
469.7700,4.0695,6.5309,3.9775,4.3572
469.8400,4.4507,7.2834,4.1319,3.6428
469.9100,4.8709,7.5063,4.8376,3.9531
469.9800,4.8023,7.6964,5.2727,4.2391
470.0500,4.6773,7.2587,5.3151,4.6757
470.1200,4.7185,7.1460,4.5194,5.3409
470.1900,4.8297,7.1755,3.7369,6.0740
470.2600,4.1860,7.0579,3.2063,5.8764
470.3300,3.5014,6.3966,3.5680,5.6834
470.4000,4.0790,6.4809,4.7221,6.0806
470.4700,4.2968,6.2252,4.7616,6.2636
470.5400,5.4629,6.9843,4.4576,6.3073
470.6100,6.5403,7.4080,4.6146,6.1861
470.6800,6.4029,7.5579,4.1701,5.9183
470.7500,5.4297,7.1476,3.5408,5.9793
470.8200,4.5823,7.1926,3.7553,6.7809
470.8900,4.1565,7.3948,3.7560,6.1925
470.9600,4.2344,7.5905,4.0805,5.8899
471.0300,5.0192,7.4523,4.9737,6.2534
471.1000,5.3341,6.3344,5.4592,6.1465
471.1700,6.2806,6.3005,5.0123,5.2588
471.2400,7.0766,6.2087,4.1887,5.7109
471.3100,6.6065,5.4193,3.6121,6.2296
471.3800,6.7757,5.1259,3.4923,5.4658
471.4500,7.0296,5.0512,3.6554,4.9294
471.5200,7.3846,4.9352,3.8210,5.6107
471.5900,7.4672,5.1512,4.1683,6.4376
471.6600,6.7528,5.1309,5.1003,6.8155
471.7300,6.1898,5.1913,4.6011,7.1522
471.8000,5.7568,5.2735,4.5181,6.8933
471.8700,5.5927,5.0835,4.7857,7.1462
471.9400,5.2879,4.3787,4.5088,6.4573
472.0100,4.9456,4.4365,4.1543,5.9245
472.0800,4.7723,4.9433,3.9731,5.4532
472.1500,4.7024,4.9208,3.9709,5.6818
472.2200,4.9614,5.1240,4.8159,5.0925
472.2900,4.9306,5.0230,5.3627,5.2580
472.3600,4.4457,4.6690,5.0841,5.6061
472.4300,3.7564,4.8282,5.4817,5.6833
472.5000,4.0119,4.5717,5.4083,5.8454
472.5700,3.3915,4.2256,4.7846,5.2961
472.6400,3.8313,4.1082,4.9568,4.4351
472.7100,4.8953,3.8887,5.1100,4.4588
472.7800,4.9885,4.9011,5.0463,3.9703
472.8500,5.3143,5.0046,5.5753,3.9189
472.9200,5.5644,4.2886,6.4890,3.8831
472.9900,5.9473,4.1692,6.5811,4.1831
473.0600,6.8120,4.2740,6.3646,5.0040
473.1300,6.6781,3.9968,5.6084,5.5699
473.2000,5.8868,3.2406,4.4386,6.2475
473.2700,5.8271,3.4667,3.8084,5.7897
473.3400,5.9623,3.7532,4.4538,4.9657
473.4100,5.1858,3.3158,4.8409,4.6884
473.4800,4.7283,3.2483,5.3936,4.2925
473.5500,4.3307,4.0050,5.4212,3.2243
473.6200,4.4527,4.5895,4.8129,4.0064
473.6900,4.2768,5.1875,4.6855,4.7230
473.7600,4.0280,5.0475,4.8824,4.8331
473.8300,3.7056,5.0750,5.2261,3.6305
473.9000,4.1025,5.1025,5.4849,3.6587
473.9700,4.0170,5.2124,5.7492,4.3301
474.0400,4.5438,5.7106,5.5498,4.4479
474.1100,5.8725,5.2872,5.4294,3.2415
474.1800,6.8401,6.0435,5.3609,3.7243
474.2500,6.8422,6.0025,5.0447,4.4015
474.3200,6.3251,4.6577,4.6202,5.1257
474.3900,5.5552,4.2912,4.2340,4.5289
474.4600,5.6208,4.4635,4.3444,4.5705
474.5300,5.4755,3.7412,3.9415,5.4158
474.6000,5.0376,3.4039,3.5515,5.5470
474.6700,4.6636,3.7305,4.0286,4.8799
474.7400,4.8765,3.9493,4.0191,4.7513
474.8100,5.4294,3.4697,3.9858,4.9148
474.8800,5.0693,3.5213,3.6380,5.1662
474.9500,4.3470,3.7628,4.4841,5.6438
475.0200,4.2450,3.9999,5.2922,5.6394
475.0900,4.4140,4.2463,5.5654,5.5947
475.1600,4.1624,4.6337,5.4264,5.6176
475.2300,4.1577,4.6227,4.8256,5.1438
475.3000,4.5171,5.4591,5.2281,5.1435
475.3700,4.6600,5.3537,5.5129,4.9843
475.4400,4.5198,5.9554,5.4688,4.9192
475.5100,4.4416,5.2728,5.5247,4.4777
475.5800,3.6954,3.8705,5.4567,3.9795
475.6500,4.0039,4.0698,5.8660,4.1078
475.7200,4.3330,4.6790,6.1898,4.4945
475.7900,4.5770,4.2242,6.1716,4.4713
475.8600,3.9501,3.8046,6.7253,4.0236
475.9300,4.6693,3.8564,7.0635,3.5595
476.0000,5.7948,4.0233,7.5176,4.4073
476.0700,5.9389,4.2339,7.3103,4.5614
476.1400,5.1887,4.6962,7.4195,4.4050
476.2100,5.0563,5.1728,7.5357,4.9241
476.2800,4.8280,5.6323,6.8993,5.5177
476.3500,5.1999,6.3514,5.8790,5.8957
476.4200,4.9512,6.2663,5.6597,5.6148
476.4900,4.7057,6.4660,5.4650,5.0823
476.5600,4.7311,6.5495,5.3713,4.7982
476.6300,4.7542,6.7818,5.2127,3.7991
476.7000,4.7914,7.2951,4.7898,3.6543
476.7700,5.4836,7.2153,4.3899,3.6324
476.8400,6.0807,7.0349,4.3406,3.8622
476.9100,6.2245,7.2257,4.2585,4.0088
476.9800,6.3121,7.4520,4.2352,3.6471
477.0500,5.9429,6.8653,4.4241,4.2349
477.1200,5.8054,6.1019,4.4528,4.3976
477.1900,5.7734,5.7434,4.9336,4.5442
477.2600,6.5255,6.0612,4.3115,4.1181
477.3300,7.1421,6.4160,3.3793,4.9388
477.4000,6.4385,6.2609,3.8100,5.0270
477.4700,5.9501,6.4051,4.2819,5.0095
477.5400,5.4971,6.4837,4.5872,5.2069
477.6100,5.7007,6.1111,4.7977,5.7987
477.6800,5.3786,6.1826,4.6504,5.0385
477.7500,4.8684,5.7090,4.8019,4.2581
477.8200,4.9198,5.1557,5.0614,3.7455
477.8900,5.5221,5.3542,5.0212,3.7532
477.9600,6.7091,5.2720,5.0356,4.1475
478.0300,6.9969,5.0866,4.7479,4.1211
478.1000,7.9490,4.5744,4.7077,3.8028
478.1700,8.0507,3.7427,4.9802,4.2494
478.2400,7.4497,4.8789,4.8924,4.6784
478.3100,6.6346,5.3269,5.5673,4.3116
478.3800,6.9434,5.2149,5.3654,4.3199
478.4500,6.8341,5.0339,4.7506,5.2409
478.5200,6.1456,5.0763,5.2236,6.2485
478.5900,6.5259,4.8727,4.8216,6.1171
478.6600,5.4854,4.5849,4.8442,5.4937
478.7300,5.6504,5.0570,5.1124,4.8420
478.8000,6.7877,5.6367,5.0608,4.6592
478.8700,7.5592,5.1846,5.4292,5.1134
478.9400,7.7742,5.3655,5.7818,6.0657
479.0100,7.3619,5.9541,5.6757,7.1500
479.0800,7.3677,5.9001,5.5850,6.8616
479.1500,7.3604,6.1115,5.5563,6.4720
479.2200,7.3549,6.1497,5.5737,5.4215
479.2900,6.4302,6.6035,5.9949,5.1996
479.3600,5.5068,6.2487,6.0552,4.9616
479.4300,5.0630,5.4851,6.0041,4.7950
479.5000,4.0202,4.8128,5.2601,5.2695
479.5700,4.0099,4.2697,5.0912,5.0941
479.6400,4.2763,4.1608,5.2078,4.2774
479.7100,4.9832,4.2467,5.6268,3.8388
479.7800,4.7359,4.3617,5.5083,4.9051
479.8500,5.1449,3.7406,5.6596,6.3667
479.9200,5.2246,3.8151,5.5707,7.4547
479.9900,4.9377,3.6953,5.7914,6.9711
480.0600,4.7124,4.0812,5.6016,6.8150
480.1300,5.0330,4.3107,5.7668,6.6687
480.2000,5.2862,3.9009,5.8694,6.6345
480.2700,5.5359,4.0121,5.3884,6.3867
480.3400,5.5727,4.0222,4.6873,6.5277
480.4100,5.6385,4.6513,4.2646,6.7173
480.4800,5.6984,5.5833,4.3873,6.3157
480.5500,6.0121,6.4764,4.7711,6.4599
480.6200,6.2339,7.5601,4.8486,6.4036
480.6900,6.0464,7.4064,5.2908,6.2221
480.7600,6.3952,8.2429,5.0535,6.2327
480.8300,6.2521,8.9730,5.0996,6.5157
480.9000,4.8450,9.6674,5.2112,7.2180
480.9700,5.0039,10.5570,5.1603,7.4184
481.0400,5.5049,9.7750,4.9967,7.1796
481.1100,5.7930,8.8669,4.8347,6.6438
481.1800,5.4126,8.1774,4.0441,6.1354
481.2500,5.1615,7.4796,4.0492,5.8939
481.3200,5.9320,6.4871,3.3938,5.7885
481.3900,6.3129,6.7942,3.3174,5.4622
481.4600,6.6896,6.9294,3.2050,5.5866
481.5300,6.2044,6.4981,3.6899,4.8923
481.6000,6.6453,6.6967,3.7954,5.1103
481.6700,7.0755,7.2499,3.7682,5.5371
481.7400,6.8510,7.7971,4.1212,5.7159
481.8100,5.8351,7.5345,3.8555,5.5085
481.8800,5.5924,7.4332,4.2240,5.2957
481.9500,5.1789,7.7691,4.8323,5.3973
482.0200,4.0790,7.6098,5.9166,5.2085
482.0900,3.7367,7.1326,6.8211,5.4720
482.1600,4.2610,7.2458,7.1053,5.7920
482.2300,3.7370,7.4846,7.2280,5.3838
482.3000,4.0142,7.8424,6.9694,5.2511
482.3700,3.8650,7.9708,6.2084,5.4772
482.4400,4.4438,7.8017,5.7406,6.1128
482.5100,5.3903,7.4072,5.4586,6.7627
482.5800,5.8274,6.8009,5.3045,6.8331
482.6500,5.7457,5.8917,5.1945,6.5394
482.7200,4.3519,5.0089,5.2654,6.8370
482.7900,3.9029,4.9689,5.0127,6.9283
482.8600,4.4983,5.0825,4.8224,6.4531
482.9300,4.6474,4.8227,4.6189,5.7594
483.0000,5.1793,5.0275,4.1138,5.7012
483.0700,5.1932,5.7859,3.6375,5.0999
483.1400,5.3978,6.4976,3.9664,4.8649
483.2100,5.2628,6.8761,4.0424,4.5926
483.2800,5.0150,6.9473,3.7628,4.4454
483.3500,5.4141,6.9511,4.0097,3.9576
483.4200,6.0656,7.2600,4.1083,4.0259
483.4900,6.3371,7.4265,3.8754,4.0123
483.5600,6.5093,7.2585,4.1829,4.4493
483.6300,7.3657,7.5024,4.6626,4.8087
483.7000,8.3408,7.1422,4.1335,4.9719
483.7700,7.9569,7.2069,5.0756,4.7813
483.8400,6.9964,6.7445,5.7506,4.8079
483.9100,5.8476,6.0005,5.5101,5.2107
483.9800,4.8337,4.9013,5.6100,6.6779
484.0500,4.8589,4.2893,6.2747,7.3009
484.1200,4.6977,4.9058,6.2339,6.9773
484.1900,3.6180,5.1151,6.7036,6.5734
484.2600,3.7712,4.0882,6.4937,6.4751
484.3300,5.0614,3.7161,6.1095,5.7343
484.4000,5.7306,3.6302,5.3946,5.8571
484.4700,5.5749,4.7435,4.8498,6.5526
484.5400,4.8796,5.4734,4.6764,7.0123
484.6100,3.5476,5.7186,4.0571,7.4248
484.6800,3.6304,4.9018,4.8904,7.9419
484.7500,3.5039,4.4356,5.6678,8.5963
484.8200,3.7951,4.8051,5.6661,8.4195
484.8900,4.4747,4.6821,5.5064,8.3574
484.9600,4.8228,4.4527,5.4302,7.8480
485.0300,5.0410,4.8386,5.2590,7.1552
485.1000,5.7796,6.0275,5.5656,6.2719
485.1700,7.0502,6.2733,5.9205,5.5260
485.2400,7.0743,6.3201,5.7669,4.7004
485.3100,7.5505,6.4258,6.1675,4.3829
485.3800,7.1581,6.1971,5.9846,4.4041
485.4500,6.6350,6.2040,5.6716,3.8496
485.5200,5.6979,5.9097,5.2988,3.3704
485.5900,4.8951,6.1168,5.0923,3.3862
485.6600,4.5354,6.9296,4.8920,4.0332
485.7300,4.5857,6.8200,4.1599,4.2798
485.8000,4.3489,6.8112,4.7135,4.9434
485.8700,3.9570,6.9398,5.2523,5.6608
485.9400,4.6439,7.0471,5.8267,5.4485
486.0100,5.3761,7.4169,5.9144,5.3425
486.0800,5.6369,7.5021,5.4678,5.0900
486.1500,5.1251,7.1652,4.9272,4.8715
486.2200,5.3322,6.7545,4.9338,5.2458
486.2900,5.5939,6.5510,5.0257,5.4357
486.3600,6.2293,6.8801,5.0431,5.5485
486.4300,6.9173,5.8003,4.7912,5.1878
486.5000,6.5768,4.9818,4.2725,4.6055
486.5700,6.2486,4.6145,3.3830,4.6250
486.6400,6.6798,5.2357,3.9412,5.5780
486.7100,6.0250,5.8346,4.8439,7.1672
486.7800,6.0863,6.3326,5.7450,7.8350
486.8500,6.9338,5.7971,6.4068,7.9183
486.9200,7.5810,5.6023,6.2256,7.5002
486.9900,7.7338,5.0163,6.1300,6.8188
487.0600,8.0787,4.3504,5.9121,6.0945
487.1300,8.0250,4.3473,5.4764,6.1912
487.2000,7.7114,4.2792,6.1493,5.7470
487.2700,7.3230,4.9293,6.7330,5.6628
487.3400,7.3445,5.2894,6.9093,5.0937
487.4100,6.4351,6.2810,7.4045,5.5225
487.4800,5.4509,5.8817,6.8973,5.8578
487.5500,5.2834,5.5259,5.6207,6.0324
487.6200,6.0522,6.2855,5.4333,5.9643
487.6900,5.8968,7.0295,5.3250,6.2777
487.7600,6.1425,7.3315,5.6034,5.8592
487.8300,5.9989,7.6430,5.3814,5.6254
487.9000,5.7967,7.4870,5.7248,5.3433
487.9700,5.9117,7.1655,5.8907,5.4431
488.0400,6.5239,7.3321,6.2630,5.1515
488.1100,6.3367,7.1540,6.3111,5.3525
488.1800,5.7547,6.4550,6.6636,5.6606
488.2500,4.7792,6.0373,7.0855,5.2935
488.3200,4.7321,5.8146,7.6797,5.3488
488.3900,5.6424,5.5002,7.9397,5.3708
488.4600,5.8233,4.8253,7.8675,5.3998
488.5300,5.9414,5.3415,7.7638,5.1119
488.6000,6.1364,5.0353,7.5262,4.8501
488.6700,6.6110,5.3022,8.3822,5.0990
488.7400,6.0520,6.2020,8.9090,5.6547
488.8100,5.7423,7.1903,8.8616,5.7028
488.8800,4.9788,7.6712,8.8713,5.2526
488.9500,4.6534,7.7237,8.7279,5.0186
489.0200,3.9311,6.9682,8.7421,4.5019
489.0900,3.4983,6.5710,8.6752,5.0290
489.1600,4.2017,6.1576,8.0159,5.9610
489.2300,4.3519,5.5674,7.2123,6.3718
489.3000,3.8259,5.8680,6.9622,6.5904
489.3700,3.5160,6.3126,7.1394,6.1251
489.4400,3.7612,6.4530,7.0347,4.8910
489.5100,4.3974,6.1065,7.1042,4.4882
489.5800,3.9495,5.9338,7.2031,4.6023
489.6500,3.7608,6.4536,7.1782,4.0200
489.7200,4.2288,6.7916,7.1035,3.5186
489.7900,3.9739,6.9483,7.2200,3.9008
489.8600,5.1723,6.7147,7.3570,4.1092
489.9300,4.6076,7.0484,7.1790,4.4322
490.0000,4.5388,6.9275,6.6640,4.0495
490.0700,4.6719,6.5864,6.1535,3.6525
490.1400,4.6883,5.9350,5.6467,3.9963
490.2100,4.6785,5.1183,4.8470,4.3640
490.2800,4.5436,4.8692,4.4760,4.9597
490.3500,4.7700,4.8515,4.1020,5.7637
490.4200,5.1682,5.7289,4.0143,5.8260
490.4900,5.9720,6.2200,4.4819,6.8070
490.5600,6.0768,6.6351,5.2622,7.3903
490.6300,5.3510,6.6723,5.5873,7.4015
490.7000,4.5631,6.7213,5.8534,7.9930
490.7700,5.1670,7.0107,5.9626,8.5817
490.8400,5.9726,6.2747,6.7024,8.6912
490.9100,6.3304,6.0397,7.6584,8.7260
490.9800,6.1160,6.3935,8.7405,8.4573
491.0500,5.5797,6.5680,8.8145,7.7937
491.1200,5.2585,7.2772,8.6554,7.3434
491.1900,5.6300,7.9612,7.4650,7.0935
491.2600,6.2178,8.4649,5.8020,7.4727
491.3300,6.3843,8.5378,4.4619,7.1986
491.4000,6.9432,8.0613,4.0186,6.7837
491.4700,7.1285,7.6109,4.5676,5.9481
491.5400,6.4827,7.4346,4.2673,5.6329
491.6100,6.2526,7.4035,4.3219,5.5690
491.6800,6.1913,7.3880,4.2738,5.4651
491.7500,6.3428,7.5908,4.2954,4.7783
491.8200,5.8316,7.2181,4.1280,5.2790
491.8900,5.1444,7.1215,4.5264,5.9220
491.9600,5.2228,6.7030,3.7784,6.4088
492.0300,5.2676,6.6651,3.4376,6.5447
492.1000,4.8291,6.3354,3.6392,6.9476
492.1700,4.2483,6.3996,4.3119,7.4334
492.2400,4.6918,6.0886,4.6813,7.9372
492.3100,4.7603,6.3098,4.5406,8.3466
492.3800,4.7272,6.2631,4.6675,8.3059
492.4500,4.7314,5.5831,5.1007,8.2619
492.5200,4.2022,5.4457,5.2442,7.9532
492.5900,4.5461,6.0419,5.2545,6.8599
492.6600,4.6938,6.7481,5.0910,6.1920
492.7300,4.4909,7.0912,5.0522,5.1341
492.8000,4.2580,7.1932,5.4000,4.6851
492.8700,4.4050,7.2749,6.7528,4.2262
492.9400,4.1985,7.0156,6.9600,3.9019
493.0100,3.8167,6.1742,7.0144,3.7848
493.0800,3.8220,5.6932,6.6184,4.0920
493.1500,4.3215,5.2005,5.9343,4.9561
493.2200,4.0567,5.4085,5.4608,5.5515
493.2900,3.7915,5.3352,4.8209,5.2193
493.3600,3.9167,4.7170,4.5050,5.3568
493.4300,4.1191,3.8369,5.0293,5.4484
493.5000,4.4074,3.8301,5.6343,5.0463
493.5700,4.3409,3.8199,5.7166,5.7828
493.6400,4.4609,3.7591,5.5850,6.6547
493.7100,4.4818,4.0771,5.3206,6.6498
493.7800,5.1809,4.7198,4.8622,7.2542
493.8500,5.2784,5.0831,4.2431,7.9890
493.9200,4.3927,5.7369,3.9899,8.4749
493.9900,4.2033,5.6849,3.9127,9.0243
494.0600,4.4987,5.1088,3.9774,8.7032
494.1300,5.0767,4.1569,3.6892,8.3493
494.2000,4.7526,3.8776,3.9727,7.7119
494.2700,3.9480,3.6761,3.7450,7.0993
494.3400,3.5781,4.0228,3.3955,7.1884
494.4100,3.9682,4.6670,3.6307,7.0841
494.4800,4.4727,5.0614,4.3095,6.2354
494.5500,4.0724,5.2483,4.5517,5.7837
494.6200,4.8260,4.6596,5.0121,6.2607
494.6900,4.7431,4.2067,4.6220,6.8196
494.7600,3.9230,4.2723,4.4623,6.6703
494.8300,3.6016,3.6861,4.7789,6.2839
494.9000,3.1953,3.9338,4.6116,6.2462
494.9700,3.6586,3.6867,4.2937,5.9921
495.0400,4.0864,4.1694,4.3236,6.0877
495.1100,4.3232,4.8572,4.5465,5.3638
495.1800,4.4351,5.0150,4.5354,5.4650
495.2500,4.9066,5.7323,4.6109,5.6540
495.3200,5.6766,6.2775,4.2260,5.9484
495.3900,4.9557,6.1808,4.2416,5.8336
495.4600,4.7567,6.5252,3.0237,4.8786
495.5300,4.4223,5.9779,3.8324,4.9096
495.6000,4.3882,5.5105,3.7732,5.6021
495.6700,4.9515,4.9970,4.0421,5.8698
495.7400,5.5024,5.1537,4.6983,5.9353
495.8100,5.8901,5.4194,4.9694,5.9356
495.8800,6.2917,5.2239,5.7124,5.9417
495.9500,6.8893,5.8163,6.0973,5.7611
496.0200,7.3015,5.8978,5.5567,5.1089
496.0900,7.5940,6.0931,5.6724,4.3783
496.1600,6.8184,6.3490,5.7955,4.5762
496.2300,6.1803,6.2309,5.8291,5.1217
496.3000,6.6237,5.4208,5.6867,5.0726
496.3700,6.5305,4.8667,5.5052,5.5049
496.4400,5.9829,4.7123,5.3762,5.7081
496.5100,5.5005,4.6948,5.4032,6.6263
496.5800,6.2544,4.4310,5.3141,7.2502
496.6500,6.3368,4.5477,5.1182,8.1943
496.7200,6.3999,5.2007,5.6236,8.2841
496.7900,6.5825,5.2673,6.5636,7.8662
496.8600,7.0269,5.0634,7.4721,8.0504
496.9300,7.6131,5.0081,7.1972,8.0431
497.0000,7.2866,5.4599,6.8051,7.8850
497.0700,6.8814,5.7652,5.5949,7.7868
497.1400,6.6495,5.2252,5.2082,8.0062
497.2100,6.5349,4.1827,5.4086,8.3864
497.2800,6.4192,3.7668,5.7335,8.5638
497.3500,6.0193,4.2992,5.7929,7.5287
497.4200,5.7387,4.5990,6.2166,6.0733
497.4900,6.2451,4.3660,5.4007,5.4753
497.5600,7.3860,4.0211,5.4454,5.2175
497.6300,8.0234,4.1035,5.0487,5.3675
497.7000,8.5159,4.0250,3.7479,4.9195
497.7700,8.2694,4.3014,3.2919,4.9720
497.8400,8.2255,4.4446,4.0147,5.7368
497.9100,7.8439,5.0453,4.5685,5.7437
497.9800,7.4113,5.3384,4.3183,4.6323
498.0500,6.8658,4.6886,4.3980,4.2466
498.1200,6.3143,4.9364,5.1014,3.9113
498.1900,6.3597,4.2427,5.2590,3.4890
498.2600,6.0228,5.0057,4.9576,3.1242
498.3300,5.7025,5.1785,4.6877,3.4277
498.4000,5.2520,4.9193,4.6480,4.0499
498.4700,4.9345,4.0374,5.3596,4.7585
498.5400,5.7098,4.4409,4.8774,5.2262
498.6100,6.8444,5.3352,4.8165,5.1330
498.6800,7.1859,5.1892,4.4037,5.1565
498.7500,6.2478,4.6962,4.1803,5.2685
498.8200,5.5709,4.0091,5.4859,5.1004
498.8900,5.3322,3.7380,6.0808,4.9807
498.9600,5.4760,4.0588,6.5172,4.6091
499.0300,5.0021,4.5138,6.1217,4.6203
499.1000,5.3481,4.9690,5.6157,4.9295
499.1700,6.2682,4.6303,6.1791,5.3925
499.2400,6.6429,4.7431,6.1893,5.4725
499.3100,6.4960,5.2029,6.7284,5.2534
499.3800,6.9027,4.7965,7.9097,5.8127
499.4500,6.8831,5.8339,7.6661,6.2605
499.5200,7.3194,6.2048,7.8351,6.4945
499.5900,7.5508,6.2693,8.0963,6.8320
499.6600,7.6572,5.4384,8.3489,6.9658
499.7300,8.1812,4.6487,8.6065,6.5052
499.8000,7.5951,5.2021,6.6640,6.6585
499.8700,6.5838,5.2562,5.0155,6.9961
499.9400,5.7913,5.4081,4.0962,7.4724
