time_ns,04-thirds_23mer_nm2,04-thirds_rgd_nm2,04-thirds_23mer_copy5_nm2,04-thirds_23mer_copy110_nm2,04-thirds_23mer_copy220_nm2,04-thirds_23mer_copy330_nm2,22-c-heavy_23mer_nm2,22-c-heavy_rgd_nm2,22-c-heavy_23mer_copy105_nm2,22-c-heavy_23mer_copy255_nm2,22-c-heavy_23mer_copy290_nm2,22-c-heavy_23mer_copy330_nm2,10-clust-q1_23mer_nm2,10-clust-q1_rgd_nm2,10-clust-q1_23mer_copy55_nm2,10-clust-q1_23mer_copy85_nm2,10-clust-q1_23mer_copy115_nm2,10-clust-q1_23mer_copy145_nm2,03-even-inset_23mer_nm2,03-even-inset_rgd_nm2,03-even-inset_23mer_copy30_nm2,03-even-inset_23mer_copy115_nm2,03-even-inset_23mer_copy200_nm2,03-even-inset_23mer_copy285_nm2
0.0000,70.4318,9.0153,16.9983,18.1719,15.1431,20.1185,67.5162,10.4928,15.2344,17.8702,14.5503,19.8614,57.8241,6.2547,16.7138,13.9749,16.3648,10.7706,69.0844,10.9730,16.1731,18.7536,16.8509,17.3068
0.5600,83.7046,12.9820,21.0474,20.8721,20.7555,21.0297,80.2847,11.6390,21.4650,18.2622,20.2634,20.2941,83.5605,12.9206,21.2453,20.7201,20.3380,21.2571,76.5700,11.7413,18.2313,19.4326,20.3974,18.5088
1.1200,83.5166,12.9975,20.9216,21.2009,19.6271,21.7670,82.1255,12.3163,20.8823,19.9253,21.1170,20.2009,82.0073,11.6574,18.3976,19.9919,22.3761,21.2417,82.7263,12.4426,19.9506,19.3278,21.4807,21.9673
1.6800,84.7931,13.1085,21.1134,21.3725,21.9479,20.3594,83.2667,12.0680,21.6131,19.7208,21.8201,20.1127,81.8615,12.5945,21.2810,19.7786,20.7900,20.0120,80.0948,12.3922,20.8065,19.5816,20.7161,18.9906
2.2400,80.2743,12.3642,20.4090,20.9191,20.8360,18.1103,85.9185,12.7081,21.2373,20.5989,22.2835,21.7987,83.0286,11.9134,21.4885,21.5416,20.4377,19.5608,72.9189,10.4671,15.4718,17.5460,19.8252,20.0759
2.8000,80.8383,12.0399,19.6216,20.7102,19.2359,21.2706,85.2041,12.4964,21.3320,21.6279,20.4398,21.8044,84.1900,13.1209,21.2291,21.9512,20.7405,20.2691,80.6422,12.0377,19.8073,19.5405,20.6435,20.6511
3.3600,83.9818,12.1953,20.6329,22.1562,19.5058,21.6869,84.3008,12.5685,20.0330,21.6886,21.5249,21.0543,81.4018,11.0354,22.5690,21.8055,16.7123,20.3150,82.8202,12.6849,20.4350,19.9827,21.1669,21.2357
3.9200,78.3390,11.0975,19.5151,20.3541,19.5363,18.9335,83.8304,12.7432,19.7104,20.7427,20.2903,23.0870,78.0121,11.9414,22.4761,17.8241,18.5868,19.1251,77.3926,10.8024,19.9099,18.2542,20.8120,18.4165
4.4800,82.0480,11.6013,21.4723,21.0880,19.6911,19.7965,81.9088,11.2363,21.4194,20.1971,19.7626,20.5296,79.8913,11.6640,21.1641,20.1323,20.0937,18.5012,80.5450,11.8918,21.5794,19.8649,20.5047,18.5960
5.0400,81.2260,11.4082,17.6491,21.3685,20.3956,21.8128,81.5578,12.3609,20.0504,20.6865,18.9539,21.8669,79.9590,11.5062,21.1860,18.7812,19.8458,20.1460,82.8807,12.4515,21.0950,20.4720,20.4673,20.8464
5.6000,79.8003,11.6644,19.2358,19.1224,20.1919,21.2501,83.1841,12.2378,20.7631,21.3492,20.5237,20.5480,79.3903,11.9131,15.2639,21.5871,20.6922,21.8470,82.0236,11.6004,19.7035,20.8765,21.8958,19.5478
6.1600,80.9824,10.8183,17.7067,20.3590,20.2910,22.6257,81.8150,13.1465,21.7683,19.4672,21.4226,19.1569,77.3182,11.1982,19.4465,19.4913,17.6756,20.7048,83.5040,12.8886,19.6182,21.2666,21.2161,21.4031
6.7200,83.9386,12.1734,21.0955,20.6659,21.4932,20.6840,83.6923,12.3965,20.6585,21.5613,20.0755,21.3969,79.4276,11.1939,17.7118,20.9571,18.7948,21.9639,83.5219,12.7006,21.5601,21.7224,20.6981,19.5412
7.2800,85.1210,12.5701,21.0400,20.6773,21.5366,21.8671,82.1580,12.0894,20.0621,18.3064,20.9874,22.8021,82.8542,12.4246,21.7329,21.1870,19.5938,20.3406,80.5680,11.9626,20.6556,21.2891,17.4300,21.1933
7.8400,79.7684,11.5497,20.5547,19.1170,18.5593,21.5374,82.1779,12.6368,20.5776,19.2605,20.3514,21.9885,81.7345,12.4555,19.9521,21.6895,19.6781,20.4148,79.8609,12.3116,22.1766,18.3368,20.4979,18.8496
8.4000,84.7486,12.9411,21.3632,19.8960,22.3491,21.1404,80.8744,12.0415,20.4808,19.2561,21.0440,20.0934,81.2484,11.8974,20.3057,20.7992,19.3946,20.7488,83.8695,12.9027,21.4316,20.3973,19.9198,22.1208
8.9600,84.6281,13.2248,20.4747,20.8622,21.8427,21.4485,82.7650,12.4258,20.7214,20.5578,19.4141,22.0716,74.7179,10.9046,16.8020,18.8924,18.3710,20.6525,81.6032,12.3853,20.4832,21.2147,19.5006,20.4048
9.5200,81.5543,11.9604,20.2734,20.1014,21.2601,19.9194,83.6603,13.0433,19.7618,22.2207,19.9584,21.7194,81.6697,12.7766,19.9398,21.4492,20.1270,20.1538,84.8442,12.1533,21.1184,21.5730,21.7510,20.4019
10.0800,83.5809,12.4361,19.8643,19.8455,21.5409,22.3301,82.6241,12.5121,21.5096,19.0562,19.9131,22.1452,77.9461,11.0907,18.1759,20.2699,19.3189,20.1814,79.7032,11.7498,18.8704,20.6421,20.1519,20.0388
10.6400,82.5706,12.2462,19.0260,20.4438,21.3795,21.7213,79.0135,12.4003,20.5429,18.4401,18.9609,21.0696,82.6521,12.1785,20.4983,20.8991,22.2091,19.0455,79.0032,12.1323,19.9995,19.4657,19.4822,20.0558
11.2000,77.4426,11.5189,16.8372,19.3668,18.9923,22.2464,79.6671,11.9515,22.1818,17.8411,21.1032,18.5409,81.0449,12.5746,18.4176,20.3508,22.2894,19.9871,81.0109,11.7252,18.7350,19.8895,21.2769,21.1095
11.7600,80.7159,12.3133,18.4132,20.3939,21.6243,20.2844,81.5736,11.1745,19.8533,19.9173,19.8454,21.9576,78.9187,11.3131,20.8327,20.8536,18.7306,18.5018,80.6183,11.8292,21.8463,20.5884,17.2346,20.9490
12.3200,85.7460,12.8247,20.0942,21.5528,20.9551,23.1439,80.8753,12.1331,21.0187,19.9038,19.5684,20.3844,78.5669,10.9081,21.2825,18.4561,17.7492,21.0791,82.4467,12.1673,21.6653,20.0851,19.3698,21.3266
12.8800,79.2229,10.7451,18.5374,20.4461,17.5919,22.6476,81.1567,12.1390,20.8621,20.8851,19.4145,19.9951,81.2412,12.1306,20.3250,20.0156,20.4018,20.4988,82.4715,12.7724,20.9976,21.2788,20.7814,19.4137
13.4400,85.0353,13.0641,20.8632,20.4214,21.5527,22.1980,84.0839,13.1093,21.8670,19.0090,21.7774,21.4305,83.1862,12.1382,20.3464,21.9566,20.5542,20.3290,79.0031,12.1094,18.2805,21.2377,19.4884,19.9965
14.0000,84.0616,12.9256,20.0188,19.8667,21.4465,22.7297,73.1263,10.7315,18.3275,18.8819,19.0705,16.8464,78.2010,10.8853,20.0180,18.3038,19.7871,20.0920,84.1557,13.0280,21.5269,19.4190,21.4806,21.7292
14.5600,81.2288,12.1442,20.8121,18.4955,20.2000,21.7212,81.5913,11.8936,21.0105,20.5313,21.0404,19.0090,77.6633,11.3277,19.5515,19.8865,17.2929,20.9324,76.8958,11.7547,20.5506,18.9333,19.8453,17.5665
15.1200,86.1959,12.1740,21.0514,21.7902,22.0892,21.2651,82.7040,11.8570,21.9134,18.8768,21.8803,20.0336,80.2890,11.7506,20.6751,19.1531,20.2397,20.2211,81.0383,12.0404,21.1421,19.3261,20.2514,20.3187
15.6800,82.0067,12.1627,21.1686,19.3059,19.7779,21.7544,81.1428,12.0117,19.1955,20.2033,21.6266,20.1174,85.0694,12.3823,21.7129,21.3735,20.2577,21.7253,81.3767,12.1325,19.5311,21.1959,19.7355,20.9142
16.2400,79.5104,10.3961,21.1018,20.9628,19.8518,17.5940,84.0981,12.4228,21.8910,20.1849,21.1952,20.8269,78.3635,11.5413,21.1209,19.0600,19.7275,18.4551,80.8185,10.8286,21.8046,20.6634,18.4412,19.9093
16.8000,80.7105,12.7542,19.9516,18.3797,21.6768,20.7024,87.4123,13.3168,22.1625,21.6347,20.9032,22.7120,79.5157,10.2532,20.5913,18.9601,19.0030,20.9613,80.7972,12.1729,19.8856,20.4462,18.7632,21.7022
17.3600,79.4969,11.9208,18.5007,20.0722,20.0121,20.9119,78.3554,12.2193,22.1990,19.2563,18.1391,18.7610,71.0964,8.6628,17.1686,19.3254,17.4582,17.1442,83.6097,12.1433,21.7854,20.1895,21.4336,20.2012
17.9200,83.0205,12.0739,20.9017,18.8163,20.8844,22.4180,79.6389,11.8916,19.2581,18.4456,21.2086,20.7266,81.9334,12.2773,20.9830,20.8046,18.0953,22.0504,81.3282,11.1122,20.8738,21.1805,21.5806,17.6933
18.4800,83.1990,11.7675,21.2995,21.1016,19.0086,21.7893,76.8468,10.8666,21.0891,17.9807,18.3328,19.4442,75.0077,10.9108,18.5586,17.0325,20.0626,19.3539,81.6671,11.8648,19.6708,21.3745,20.2688,20.3530
19.0400,82.2713,12.3197,21.6678,20.3260,19.7054,20.5721,80.7321,11.4842,17.3590,21.3196,21.3359,20.7176,75.9687,9.9243,19.0669,18.2377,18.3059,20.3582,84.2521,12.4366,21.3897,20.6882,21.4081,20.7661
19.6000,83.6539,12.7138,22.4445,20.6693,18.6011,21.9390,83.5951,12.5801,21.2453,21.3687,19.9751,21.0061,82.0755,12.0045,19.8585,21.1401,20.4349,20.6419,82.0101,11.6309,19.1524,20.3267,21.2620,21.2690
20.1600,79.9646,11.9243,20.5649,21.0516,18.9433,19.4047,78.9846,12.1655,21.5102,18.7254,19.5216,19.2274,78.3952,11.8684,17.5105,20.3535,20.7073,19.8239,81.6772,13.0498,21.3299,20.4313,20.3838,19.5323
20.7200,84.0784,12.6609,21.9319,18.8057,20.6754,22.6654,78.3455,11.3973,20.5322,17.7783,19.5731,20.4619,86.1381,13.1940,21.6471,21.1992,21.1601,22.1318,81.1058,11.3593,20.8479,21.9057,19.8441,18.5082
21.2800,84.8602,12.1699,21.6232,20.7212,20.1505,22.3653,82.4582,12.1193,20.2317,19.9284,20.9648,21.3333,81.3753,11.2461,21.5229,18.8784,20.9160,20.0580,80.6510,12.8762,19.8047,20.1157,21.1164,19.6143
21.8400,80.3700,10.8992,19.7765,18.2404,20.4545,21.8986,79.7218,11.4926,17.2253,20.3646,20.3984,21.7336,84.1038,12.4622,21.7428,20.2004,21.4625,20.6981,81.7876,12.6840,20.1809,20.1297,20.5837,20.8932
22.4000,82.0584,12.0408,19.1363,21.9757,20.4650,20.4813,78.6330,10.4407,20.8567,16.7412,20.2050,20.8302,82.8995,12.5002,20.4840,20.9054,21.0086,20.5014,78.8437,11.1123,21.0270,19.7684,19.8086,18.2398
22.9600,83.2480,12.7294,19.9042,19.2216,21.8628,22.2593,76.6100,10.7738,17.8655,17.7298,20.8662,20.1485,82.1942,13.1490,21.3442,20.3951,19.8351,20.6199,79.7642,12.1799,20.8865,19.8095,17.8232,21.2450
23.5200,83.5852,12.9239,21.7062,19.2320,21.3058,21.3412,84.1476,12.3270,21.1229,19.3009,21.6326,22.0912,81.0355,12.4052,20.3625,20.8916,19.2308,20.5506,80.3008,11.6311,17.7706,21.2056,19.8967,21.4279
24.0800,81.1913,12.3385,20.9848,21.0236,20.1760,19.0069,81.3217,12.2968,19.0760,20.6188,20.6478,20.9791,76.8140,11.8220,18.2919,19.0162,19.2020,20.3038,82.2417,12.2957,21.1308,20.2430,20.0997,20.7681
24.6400,81.3264,11.7080,18.2673,19.9945,20.6445,22.4201,81.6801,11.5357,20.3518,20.9864,19.3599,20.9821,79.1577,11.6651,18.5858,20.9192,20.5563,19.0965,80.5762,12.4397,19.8979,20.5780,19.9898,20.1105
25.2000,80.6971,12.4733,20.8076,18.9443,20.6749,20.2703,81.5997,12.0893,20.7366,20.1386,19.8536,20.8709,79.4758,12.0483,20.3926,19.1932,18.9593,20.9306,82.3760,12.1355,20.1248,21.5528,19.9682,20.7302
25.7600,78.6935,10.8916,19.5622,20.2356,18.3581,20.5377,83.2135,12.1559,18.4826,22.4274,21.0244,21.2792,83.1039,12.0841,20.6009,20.6379,21.4507,20.4145,81.5465,12.5782,20.0111,20.0790,21.5886,19.8678
26.3200,84.1310,13.1040,20.0786,21.0858,21.0339,21.9327,80.0645,11.8999,18.0230,20.5048,20.3246,21.2120,80.2306,12.5501,20.4262,19.0319,19.8289,20.9435,79.4563,12.1806,20.5696,19.6584,19.0920,20.1364
26.8800,84.3413,12.2228,22.0954,21.2326,18.6088,22.4045,81.6839,11.9516,21.3257,20.7096,18.8212,20.8275,76.5026,10.1161,19.6762,21.4000,17.4826,17.9437,82.6161,13.0295,21.2866,20.2450,19.7665,21.3180
27.4400,83.0198,12.3950,19.8944,21.6386,20.8827,20.6041,84.3021,13.0922,21.5161,20.9325,19.4870,22.3665,80.3531,13.2843,18.2888,21.5765,18.9561,21.5316,84.3930,12.7660,21.0105,21.4238,21.2984,20.6603
28.0000,83.6220,12.4337,20.7017,20.5725,19.3904,22.9575,79.6031,12.1363,19.7035,20.5060,18.9770,20.4166,84.3208,13.0208,21.3850,20.5801,20.9703,21.3854,80.1091,10.4918,17.8254,21.9163,21.8244,18.5431
28.5600,80.8596,11.9441,19.4129,21.4576,18.9103,21.0788,83.0430,12.0061,20.7253,19.3150,22.0810,20.9217,84.3208,12.9709,21.2402,20.6933,21.3763,21.0110,85.0563,12.8928,20.7682,21.4047,21.6892,21.1943
29.1200,79.8092,12.4645,19.8650,21.4516,19.5525,18.9402,85.2036,12.6331,19.8026,21.1171,22.7909,21.4931,76.5554,11.3557,19.9560,18.8918,17.4843,20.2233,83.7964,12.6830,20.5996,21.0997,21.4510,20.6461
29.6800,81.1298,11.0761,19.8193,21.3906,18.5598,21.3600,82.5530,12.4794,20.6607,20.5841,20.6491,20.6590,79.6862,12.1778,20.6306,18.5852,20.2664,20.2039,84.3282,12.8887,20.6944,21.0375,21.1757,21.4206
30.2400,81.8067,12.6502,22.3426,17.9114,19.8735,21.6792,81.2109,11.7427,18.4095,20.1360,20.8368,21.8286,82.0772,12.4920,20.6688,20.6069,21.6577,19.1437,79.9824,10.6567,19.5377,18.7931,21.6847,19.9669
30.8000,82.2374,12.4161,22.0730,20.1194,18.9951,21.0498,81.3011,12.7550,19.6665,19.6670,19.5979,22.3696,81.1964,12.8158,20.6535,20.7069,21.2524,18.5836,82.0718,12.7724,19.2619,19.7213,21.2975,21.7911
31.3600,81.3459,12.5180,20.7275,20.1800,18.3669,22.0714,84.3200,12.4065,20.8015,21.4064,20.4800,21.6321,81.5889,12.3803,20.7119,21.5633,19.4814,19.8323,82.0619,12.6072,19.4584,20.8202,20.7148,21.0685
31.9200,79.4375,11.5674,19.0935,18.1300,20.1189,22.0950,86.0703,13.2944,21.4229,21.5070,20.9200,22.2205,79.0219,11.6151,21.4039,18.2727,21.2698,18.0756,75.4660,11.8471,19.4429,16.9947,18.7859,20.2424
32.4800,81.1399,12.3925,20.1553,19.6351,21.6127,19.7368,78.0973,10.7178,17.5222,20.1835,19.7741,20.6175,82.8841,12.4519,21.6837,19.6781,22.1807,19.3416,81.1013,12.6724,20.7007,20.2323,21.0083,19.1600
33.0400,84.8625,13.1336,20.1935,21.4708,22.2327,20.9654,83.5253,13.0132,19.8302,20.5955,20.7432,22.3565,80.2828,12.7007,20.2020,21.7826,19.6530,18.6452,79.0655,12.5280,20.5173,18.4338,20.7592,19.3551
33.6000,77.7734,10.5372,19.8693,19.9206,19.0213,18.9622,81.0348,12.1189,20.7506,18.4409,20.3673,21.4760,82.1158,12.5105,21.8362,17.9650,21.3882,20.9264,78.9950,12.2466,19.1472,18.5095,19.7647,21.5735
34.1600,86.4083,12.7058,21.9550,19.3501,22.3098,22.7934,82.8044,12.5622,19.3483,20.8135,21.2674,21.3750,81.6259,11.7151,19.9227,20.5688,20.5461,20.5883,80.1071,12.3141,18.3725,21.3277,21.6295,18.7774
34.7200,81.2268,11.5833,20.3469,21.0941,19.3276,20.4583,83.4821,12.4238,21.4885,20.6081,20.4004,20.9851,82.3242,12.1316,20.6615,21.5032,21.4443,18.7152,81.2847,12.5732,18.7850,22.1436,20.0306,20.3255
35.2800,81.1850,11.7460,20.1719,19.3825,21.2117,20.4189,81.7813,11.4960,21.3306,18.6605,20.5265,21.2638,85.3584,12.6691,20.3287,22.3632,21.2861,21.3804,81.7285,12.4923,21.7410,18.5952,21.3142,20.0781
35.8400,80.0693,12.1386,20.5705,19.7468,19.6506,20.1015,80.7628,13.0363,19.7470,19.7596,20.3455,20.9106,80.9585,12.1199,22.0366,21.1765,17.3138,20.4316,78.2632,11.2214,19.8538,18.4131,20.3029,19.6934
36.4000,79.8933,12.1465,17.8023,21.8472,19.2919,20.9519,80.5486,12.1511,20.5124,19.5823,19.5889,20.8651,82.5460,12.3255,21.2160,19.1660,21.4893,20.6747,79.8317,10.7877,19.5868,20.4058,20.7942,19.0450
36.9600,82.9538,10.9898,19.9646,21.1741,21.7047,20.1104,84.0882,12.4698,20.6062,19.9748,21.2693,22.2379,86.1489,12.9960,21.4889,21.1872,22.0313,21.4415,80.0124,12.9065,17.7987,19.8047,20.9482,21.4608
37.5200,83.8334,12.5688,20.4869,21.1088,19.1794,23.0582,82.3218,11.5558,19.1261,21.1428,19.9322,22.1207,87.6621,13.2998,22.2325,21.2576,22.0322,22.1398,74.3655,9.9788,17.5406,19.3092,19.2541,18.2616
38.0800,85.7678,12.4263,21.4430,20.5904,21.3464,22.3880,82.7535,12.7175,20.5168,20.2377,21.4955,20.5035,80.9781,12.2132,20.8567,19.7108,22.0112,18.3995,85.2445,12.9739,20.7333,21.1268,21.7379,21.6464
38.6400,83.3265,12.3805,20.9969,20.0556,20.8460,21.4281,81.5525,13.0059,19.7634,21.1056,19.5862,21.0973,81.4395,12.6771,19.4732,20.9810,20.6965,20.2887,84.5283,13.4197,21.8117,20.5360,20.5919,21.5888
39.2000,82.7481,11.3941,19.9789,21.3615,20.6153,20.7925,79.6104,12.2488,19.3328,19.7580,21.0601,19.4595,75.4691,9.7757,18.7051,16.8647,19.6974,20.2019,83.0235,12.2992,20.6827,20.9175,20.0259,21.3974
39.7600,81.7235,11.6826,22.1819,17.5724,20.5849,21.3842,79.1909,12.0179,19.8767,20.4045,17.6717,21.2381,76.9300,11.6643,19.6079,18.3991,19.3372,19.5858,79.7347,12.1546,21.0439,19.7921,20.7156,18.1832
40.3200,83.6077,12.5306,21.3191,19.6366,20.4081,22.2438,83.2226,12.2738,21.4904,19.9602,20.5601,21.2119,82.9063,12.8978,20.4943,20.6300,20.7568,21.0251,81.0726,12.7403,21.1970,19.3711,21.2879,19.2166
40.8800,80.0453,11.9030,19.9199,18.0668,20.2987,21.7599,79.7103,11.6522,20.4679,21.2112,18.2877,19.7434,80.4988,11.9003,20.6531,21.3115,19.2871,19.2472,82.8242,12.1505,20.2012,21.2759,20.4150,20.9321
41.4400,82.2017,12.1406,21.3402,20.2905,19.9725,20.5985,83.5794,12.3986,20.0064,20.3554,21.5374,21.6802,81.8693,12.0564,21.3850,20.3827,19.3332,20.7684,85.0086,12.8500,20.8880,22.7114,19.4347,21.9745
42.0000,80.6056,12.5461,20.6930,18.7873,20.7015,20.4238,86.4536,12.5342,21.3464,21.7820,21.2056,22.1197,84.5064,12.6385,21.2034,21.2071,21.3080,20.7879,81.4314,12.7717,17.8019,21.4448,21.3337,20.8510
42.5600,82.3678,12.9299,20.0911,20.0530,20.5487,21.6750,81.9573,12.6346,19.9099,19.0379,20.9065,22.1030,85.3859,12.9019,21.0677,21.8898,21.7720,20.6564,79.9849,11.8787,19.4971,19.5912,21.4678,19.4289
43.1200,82.8987,12.7424,21.4759,20.8303,19.0961,21.4965,85.7142,12.9868,20.9873,22.2630,20.8448,21.6190,82.6822,11.9599,19.1663,20.1108,21.7137,21.6914,83.3320,11.7599,18.2811,21.4776,22.0054,21.5680
43.6800,78.2551,11.9310,19.8916,16.5725,21.1790,20.6119,82.6798,12.0438,20.7770,19.7411,21.2465,20.9151,80.2533,12.5830,20.2985,19.4149,19.4331,21.1069,79.7284,12.1087,19.1316,19.9181,19.9816,20.6971
44.2400,85.0968,13.2718,21.5385,19.8228,21.6310,22.1044,80.6163,13.3260,20.7791,19.3131,21.5878,18.9363,78.9258,10.7889,19.4909,20.2789,20.7226,18.4335,83.7442,13.3929,22.2356,19.7522,21.0856,20.6708
44.8000,84.2772,12.4928,21.2060,20.9343,19.9036,22.2333,85.4977,12.7403,21.4417,20.7834,20.6546,22.6179,83.1271,12.3572,21.8393,18.7608,21.3530,21.1740,79.9748,11.4275,21.8551,19.2659,20.1560,18.6977
45.3600,79.0278,11.3537,21.6322,18.7803,20.7784,17.8368,82.3280,11.6841,18.3465,22.0725,19.9351,21.9739,77.5491,11.1209,21.0627,19.7015,18.0093,18.7756,79.0817,12.3337,21.1833,18.1638,19.2827,20.4519
45.9200,82.6673,12.4258,20.9793,18.7334,21.1185,21.8362,79.1850,11.6941,20.9003,19.7854,17.9000,20.5993,81.2666,12.1264,21.0183,19.8726,19.3421,21.0336,83.2136,12.4140,19.2104,21.7763,21.5507,20.6761
46.4800,82.2679,12.6989,19.5773,19.9141,20.8434,21.9330,83.4674,12.0432,19.2863,22.0641,20.6095,21.5076,83.5448,12.4602,21.6770,21.4698,20.9492,19.4488,79.8681,11.0489,20.2268,19.0716,20.5918,19.9778
47.0400,78.7128,11.5928,20.3447,19.0910,17.7402,21.5370,85.1134,13.1375,21.3432,20.4851,21.3368,21.9483,83.2057,12.7177,21.3781,20.9242,20.7628,20.1407,80.0298,12.1052,19.1809,20.8844,21.1750,18.7894
47.6000,74.9849,11.1018,19.1366,17.9455,17.6735,20.2293,84.3050,12.4734,20.4498,20.6298,21.6130,21.6124,83.8486,12.5510,20.7543,20.2416,20.9098,21.9429,84.0718,12.4012,20.9733,20.9780,21.1752,20.9452
48.1600,83.1628,12.6920,19.3738,21.2435,21.1917,21.3538,85.1702,12.1187,21.0619,21.7134,21.1547,21.2402,77.5037,11.9647,18.9099,19.0011,20.0535,19.5392,77.2320,11.0888,20.3229,18.0865,19.0660,19.7565
48.7200,80.3201,11.3759,21.2367,19.5437,17.7689,21.7708,81.2829,11.9103,18.6077,22.0985,18.8337,21.7430,80.7863,12.2397,21.2598,20.8900,18.9464,19.6901,80.3065,12.5087,20.0457,17.8134,20.7812,21.6662
49.2800,82.6134,12.3888,20.3520,19.8598,19.2124,23.1891,81.8449,11.9290,20.9578,21.2600,21.0432,18.5839,80.4296,12.0514,20.7513,20.6952,20.8781,18.1051,78.6153,11.2981,19.4261,20.2702,20.4165,18.5025
49.8400,84.0211,13.0229,21.3494,19.9731,20.7442,21.9545,78.9177,11.0678,18.3704,20.2762,19.6795,20.5915,81.4393,12.1549,21.2377,20.3468,19.5927,20.2620,81.0683,12.6445,20.3063,18.5179,20.9986,21.2454
50.4000,83.4735,11.3513,20.4209,21.5960,18.7918,22.6648,80.6792,11.6386,20.2072,19.6901,19.1305,21.6514,82.5765,12.7167,19.9833,20.7964,22.3689,19.4280,82.3279,12.6945,20.6756,19.0767,20.7014,21.8742
50.9600,84.8922,12.3256,19.5325,22.5045,21.3666,21.4887,80.4932,12.3818,21.1283,19.6206,19.5268,20.2176,83.1926,12.4524,21.7362,20.6563,21.3058,19.4943,78.3659,10.7410,18.5095,19.0655,19.3598,21.4310
51.5200,83.3315,12.9288,19.6560,20.4795,20.9350,22.2610,83.4882,12.7000,22.2100,19.8896,19.2643,22.1243,78.3608,12.6550,20.5561,18.1210,18.9252,20.7585,82.8170,10.5391,20.3112,21.1872,20.1444,21.1742
52.0800,85.7948,12.4548,21.3467,21.1950,22.3972,20.8559,80.2844,12.5357,18.8866,20.7282,19.2429,21.4267,83.2331,12.7365,19.7144,20.5618,21.2814,21.6755,82.3618,13.0560,21.3556,19.9571,19.6335,21.4156
52.6400,78.4630,12.4415,19.3356,20.6760,18.8796,19.5717,84.8559,13.0910,21.4697,21.6847,18.7510,22.9505,77.4504,10.3214,17.8675,19.5632,20.2976,19.7220,82.5475,12.1166,20.5497,19.9552,21.5519,20.4906
53.2000,82.3195,12.6181,18.5865,20.6955,20.5082,22.5295,80.4160,11.7611,20.3324,20.5703,18.4369,21.0763,85.2638,12.9478,20.6264,21.7478,21.9439,20.9457,80.9885,11.9998,19.3158,21.4840,20.2502,19.9386
53.7600,85.7675,12.6040,20.0491,20.7533,22.1486,22.8165,79.1977,11.6183,20.0886,19.5841,20.4979,19.0272,79.5039,12.3250,18.9433,17.8740,21.3798,21.3068,81.8948,12.4190,20.3985,20.3383,21.3278,19.8303
54.3200,83.9702,12.5693,20.7015,18.4923,22.0416,22.7348,85.2839,13.0108,20.2811,21.9094,20.7520,22.3414,82.1145,12.7759,19.2009,20.9558,20.8812,21.0765,84.4162,12.3758,20.8564,20.1850,21.2893,22.0855
54.8800,81.9333,11.4984,21.8412,21.6977,18.1193,20.2751,82.9524,12.0552,19.7752,21.1576,20.7997,21.2199,81.8767,11.8635,20.3568,21.6803,19.2954,20.5443,81.1165,12.1808,20.8406,18.5510,20.0385,21.6864
55.4400,79.1297,11.8713,20.2449,17.1468,20.3035,21.4345,85.2873,13.0138,22.0563,21.1080,19.3789,22.7440,81.2372,12.3851,20.9873,19.1307,20.3498,20.7695,82.7750,11.9006,22.3015,20.1099,19.3667,20.9968
56.0000,78.7606,11.4258,19.2490,17.7128,19.9127,21.8861,80.8670,11.2616,19.7216,19.2691,20.4042,21.4721,74.7768,10.1099,15.5628,20.3910,22.1257,16.6974,81.1833,12.6005,21.2530,17.7642,21.0815,21.0845
56.5600,77.0789,10.7365,18.9312,18.6314,17.5998,21.9165,78.3956,10.5108,19.4885,20.0545,18.5812,20.2714,77.0953,12.5508,20.1443,19.5581,19.2692,18.1238,82.5910,12.7806,21.1684,21.0870,20.0240,20.3116
57.1200,81.8236,12.2171,21.4257,21.3112,20.8803,18.2063,78.6047,12.1742,21.2665,17.1867,20.7577,19.3938,78.4822,11.7708,18.0326,20.3586,22.0004,18.0905,79.6150,11.5904,19.1149,21.7271,20.5336,18.2395
57.6800,83.0341,12.8265,21.8552,21.3811,21.6117,18.1861,80.9913,12.6857,20.4127,18.3461,21.0341,21.1984,81.6406,12.0735,21.5546,20.7596,19.5651,19.7614,82.6396,12.4570,20.7452,19.0587,21.3795,21.4562
58.2400,80.3617,12.5692,19.3565,21.1665,19.4662,20.3725,83.2945,12.8740,21.3137,20.6470,19.2540,22.0798,82.0767,11.9397,20.3460,20.1640,21.5062,20.0604,84.9913,12.4198,21.0494,20.5051,21.8171,21.6198
58.8000,85.5637,13.0601,20.9085,22.2226,21.3437,21.0889,80.7293,12.1409,20.2904,20.5568,19.8339,20.0482,76.0875,11.2334,18.1940,18.1589,20.0411,19.6935,80.0254,12.4983,19.6961,21.0944,19.9231,19.3118
59.3600,77.4299,10.4115,18.0280,18.9356,18.6759,21.7904,80.7114,11.2191,20.9309,21.0989,19.1519,19.5297,82.1865,11.8623,21.3589,20.6362,18.7900,21.4014,78.6513,11.1837,20.7504,17.3420,20.7729,19.7860
59.9200,84.4628,12.6800,20.7351,22.4561,21.1996,20.0720,85.6500,12.2771,21.8144,21.7621,20.6049,21.4686,81.5439,11.7745,21.4870,19.7369,19.9306,20.3894,83.9888,12.4911,20.9483,22.3700,21.4198,19.2507
60.4800,86.0649,13.4138,21.0432,21.7620,20.6667,22.5930,80.0281,11.5093,20.9253,19.5944,20.1279,19.3805,74.8073,11.7588,19.0933,19.3939,17.8835,18.4367,79.3431,12.6527,17.2909,20.6254,21.0872,20.3395
61.0400,79.3156,10.6086,21.0583,18.8913,20.6806,18.6854,80.0359,11.3559,20.6168,18.9838,20.1038,20.3315,79.1095,11.7743,20.9877,18.3058,18.4432,21.3729,81.6220,11.4180,21.4666,20.8657,20.7359,18.5538
61.6000,83.7547,12.1745,19.6675,20.1451,21.5875,22.3547,85.0274,12.5096,21.3009,20.8141,22.1992,20.7132,78.2251,12.0148,20.7267,19.8095,19.6590,18.0299,80.4238,11.3497,20.8851,18.8799,21.0837,19.5751
62.1600,86.9167,13.1547,21.4925,21.4237,21.6519,22.3485,82.6765,12.5285,19.7925,20.5843,21.1598,21.1399,82.3435,12.4481,20.2356,19.0087,21.5915,21.5077,81.8488,12.3611,18.6536,21.6745,19.9223,21.5983
62.7200,79.9814,11.3440,19.9127,17.5856,20.4409,22.0423,81.3805,11.9002,20.0920,20.0049,20.6496,20.6340,81.7393,12.1427,19.9861,21.5499,20.1690,20.0343,83.8873,12.5594,21.4808,19.6885,21.8555,20.8626
63.2800,79.4900,11.5216,20.5171,20.9026,19.1726,18.8975,81.7018,12.3177,19.8215,20.9546,19.6089,21.3168,80.2369,11.2463,19.2442,20.1952,20.2702,20.5272,76.8409,12.5508,19.0275,18.2799,21.5489,17.9846
63.8400,82.7160,11.7573,20.5969,19.4118,20.4804,22.2270,80.3791,11.8714,20.9564,20.8889,19.3428,19.1910,81.5698,11.9192,21.0539,20.3441,18.7408,21.4310,83.1112,11.3885,20.3316,20.6801,20.1059,21.9937
64.4000,84.2668,12.0297,21.5956,20.7548,20.7822,21.1341,84.4156,12.0575,20.9149,21.3664,21.2164,20.9179,76.6709,10.6415,19.7883,18.2658,18.3600,20.2568,76.2269,9.8849,20.0357,17.3043,17.2412,21.6458
64.9600,84.5896,13.3051,21.0951,19.5100,21.8324,22.1521,73.9474,10.6494,19.1606,16.7208,17.1829,20.8830,77.4532,11.1907,19.2195,18.2447,20.5741,19.4148,82.2742,12.8232,21.6887,21.6547,19.3455,19.5853
65.5200,81.9844,11.9171,20.2374,20.2676,20.0549,21.4246,82.2530,12.4500,20.6754,20.9341,20.1239,20.5196,82.9636,12.9011,19.1293,21.2240,21.1984,21.4119,81.2752,12.1758,20.0156,21.3906,19.1227,20.7463
66.0800,80.6183,11.3566,20.2442,19.8993,19.7154,20.7595,81.1258,12.3970,20.7482,19.1933,22.2350,18.9494,84.1326,11.7519,22.3093,20.9510,20.8210,20.0513,78.4584,12.5087,18.3717,20.6734,20.0166,19.3966
66.6400,77.2842,11.6028,19.0734,18.1293,19.8235,20.2580,82.2647,12.9778,19.9624,22.4025,18.5747,21.3252,79.0791,11.6729,20.7971,21.1641,20.4410,16.6769,78.0359,11.2614,17.8383,21.1347,21.2290,17.8339
67.2000,84.5205,13.0130,22.0660,21.4813,20.6998,20.2734,84.7899,12.8010,20.1784,21.0925,20.7875,22.7314,81.1364,11.7234,20.3116,21.1991,19.8562,19.7694,78.2928,11.9778,20.4069,19.6716,18.5788,19.6355
67.7600,85.3323,12.1004,20.3207,21.2603,21.8147,21.9367,83.1372,12.9285,20.5652,19.6827,21.3070,21.5823,85.1393,12.9997,20.7994,20.5693,21.9223,21.8484,80.9999,11.6054,21.4310,21.4404,18.1301,19.9984
68.3200,81.4718,11.7129,21.9688,17.5509,20.8875,21.0648,83.4451,12.7815,20.9243,21.7990,19.9208,20.8010,83.3506,12.6153,20.1253,20.2436,20.8884,22.0933,79.1151,11.7472,20.6613,19.4655,19.4853,19.5030
68.8800,79.3255,12.2952,20.1939,21.3304,19.8560,17.9451,82.2011,12.2478,18.2840,21.2985,21.0657,21.5529,80.9415,12.4792,19.6904,21.9205,18.6516,20.6790,79.2867,11.6807,20.3915,18.4417,20.8651,19.5884
69.4400,81.9844,12.2189,21.6949,18.4829,20.7980,21.0086,83.4515,12.3024,20.5458,20.8466,20.7563,21.3028,79.5860,12.2930,20.6189,20.0014,18.5787,20.3870,78.9066,11.8080,19.2590,19.3063,19.8026,20.5386
70.0000,82.3091,12.2106,20.9194,19.3242,21.5227,20.5428,80.9646,11.5290,19.3403,18.1074,21.3968,22.1200,79.3691,11.9535,21.7611,17.0191,20.3053,20.2836,83.0312,13.3559,19.3832,21.7137,20.2082,21.7261
70.5600,82.1391,12.5053,20.8632,20.7356,19.7465,20.7938,81.4299,12.5324,18.0098,20.5409,21.9998,20.8795,79.9590,11.6457,20.5900,20.6906,19.3509,19.3275,85.4983,12.8418,21.0101,21.5285,21.1937,21.7660
71.1200,82.0120,12.5400,20.2390,19.7722,21.6534,20.3474,86.1993,12.2200,21.3444,20.4656,21.9463,22.4430,82.7743,12.6386,21.4045,20.2955,20.6790,20.3952,82.6956,12.8902,20.9830,20.0260,21.2915,20.3951
71.6800,83.3500,12.6669,20.1609,19.6673,21.1364,22.3854,84.7418,12.6578,21.9360,20.8767,21.1179,20.8112,84.9062,12.4996,20.9695,20.9117,21.1097,21.9153,80.7504,11.6247,20.8850,18.4703,21.5183,19.8768
72.2400,82.4543,12.0422,19.2060,21.4450,21.9141,19.8892,83.5031,12.2265,21.3900,19.1001,21.8467,21.1663,77.7976,11.2974,19.9742,19.6493,18.8879,19.2862,79.5249,12.2184,21.0755,20.5567,18.2465,19.6462
72.8000,84.4285,13.0573,21.7936,20.9566,20.5969,21.0813,80.2101,12.3467,18.8484,19.5473,20.3512,21.4632,80.3483,11.8954,21.4458,21.6781,19.5899,17.6345,82.7877,12.1711,19.3963,21.8075,21.2300,20.3538
73.3600,84.3981,12.0684,21.5916,20.1164,20.2465,22.4437,82.7940,12.0662,21.0297,20.5739,21.1982,19.9923,83.8179,13.0723,20.4462,20.4344,21.9138,21.0235,81.8665,12.6996,20.7679,20.2886,20.0903,20.7196
73.9200,82.3520,12.0758,20.1461,21.1059,19.5783,21.5217,78.9402,12.5190,19.2509,18.5932,19.1584,21.9378,82.7965,12.5473,18.2697,20.8293,21.8037,21.8938,77.6754,10.2586,18.8250,19.2765,20.3868,19.1871
74.4800,85.0101,12.6894,21.2875,21.3447,20.2756,22.1024,74.7009,11.1464,19.5464,17.8174,17.1006,20.2364,81.0601,12.4958,19.6052,22.4993,20.2352,18.7204,79.3915,12.7006,21.1921,20.0942,19.8320,18.2732
75.0400,86.1477,12.8193,21.7588,21.6708,21.1611,21.5570,81.3985,11.9408,20.2766,19.0583,20.4830,21.5806,77.6188,11.1938,19.5406,19.6465,18.8670,19.5647,81.0360,13.1186,19.2482,21.3798,20.3746,20.0334
75.6000,82.6308,11.0758,20.1021,21.5724,19.8868,21.0694,84.9043,12.7403,21.6243,20.1624,21.3672,21.7503,84.9932,12.0504,21.4309,20.1486,22.1851,21.2286,81.4785,11.6429,20.7815,21.5876,17.4603,21.6492
76.1600,77.7062,11.3142,20.7490,19.2365,19.3564,18.3644,83.3335,12.6259,20.6801,20.5181,21.7568,20.3785,81.6644,11.7829,21.2103,20.4371,19.4350,20.5819,78.8093,12.0884,21.0120,19.2831,20.2144,18.2998
76.7200,78.5213,11.3803,21.6480,19.4047,17.2928,20.1757,86.5920,13.0495,20.9705,21.6816,21.5158,22.4241,83.9786,13.0081,20.7076,20.0750,21.1907,22.0053,80.3573,11.3978,19.9068,19.2425,21.6425,19.5655
77.2800,86.1961,12.7023,20.8371,21.4168,21.3546,22.5875,82.3920,12.4780,22.1141,17.5381,20.5953,22.1445,83.5081,12.6055,21.5201,21.2367,21.1296,19.6217,81.4596,12.6967,20.5384,20.3563,20.1620,20.4028
77.8400,82.4846,12.3444,21.3320,20.1928,20.4442,20.5155,82.0690,11.7632,21.7081,19.1719,20.5900,20.5990,82.0372,12.0397,20.8289,20.3800,20.1589,20.6694,81.7717,11.8411,20.7574,21.3820,20.1177,19.5147
78.4000,83.3468,13.1096,17.7947,21.8533,21.1342,22.5646,82.0472,11.8649,21.8070,20.1625,18.6290,21.4487,84.3959,13.0636,21.3359,21.4603,20.7150,20.8848,80.9902,12.2129,19.1779,21.6356,19.0085,21.1681
78.9600,81.0273,11.1769,20.1183,18.7240,19.2153,22.9696,84.0168,12.0516,20.7930,22.0787,19.8594,21.2857,85.1952,12.9611,21.0643,21.3426,21.7699,21.0184,81.1178,12.5116,20.8101,20.2371,19.4165,20.6540
79.5200,85.3646,13.1998,21.0624,21.0453,20.5173,22.7396,75.5288,10.3800,18.3245,18.6347,20.5417,18.0279,85.3252,12.4633,22.0637,21.4150,21.1108,20.7358,81.4774,11.4815,19.5855,18.8990,21.7518,21.2412
80.0800,82.7108,12.6962,21.2613,18.2122,20.7799,22.4574,80.1975,12.1692,19.9988,19.3017,19.8114,21.0857,86.4005,12.3956,21.5932,21.1995,22.3568,21.2510,77.6285,11.8501,18.7566,19.6372,17.8246,21.4101
80.6400,83.9700,12.3397,20.9571,21.2269,21.1062,20.6797,79.9292,11.9948,19.8803,20.8377,18.2083,21.0029,82.0315,12.8002,21.0426,21.2806,21.1288,18.5796,75.1617,11.8550,17.5635,19.3100,17.0582,21.2301
81.2000,85.6572,13.0043,20.7259,21.3487,20.6682,22.9145,85.1003,13.1000,21.9317,21.9291,19.5008,21.7386,79.7246,11.9723,18.6737,21.7474,18.9168,20.3868,81.5489,12.3763,20.5160,19.9506,19.7765,21.3058
81.7600,78.7265,11.0457,20.0416,17.5752,20.9592,20.1505,84.8186,12.5724,21.1533,22.3997,20.6540,20.6117,79.3480,11.9198,21.4111,18.8595,17.6851,21.3922,83.3660,12.6558,21.1453,21.0397,20.3247,20.8563
82.3200,77.0872,10.1287,18.5011,17.9679,20.6114,20.0068,82.8607,11.8615,20.0174,19.9983,21.3609,21.4841,79.8162,11.0637,20.9574,21.5701,19.8794,17.4093,79.1191,12.0334,18.3171,20.0236,20.2762,20.5022
82.8800,82.1359,12.0450,19.8263,20.2399,20.3686,21.7010,78.8662,11.9053,19.0088,19.1606,20.8930,19.8039,76.6185,11.0931,17.1953,18.6315,21.2739,19.5178,81.8983,12.5008,19.4964,21.0136,20.2868,21.1015
83.4400,83.5915,11.0942,20.7878,19.8699,20.6760,22.2577,81.1849,12.1173,20.8048,19.6811,20.6978,20.0012,81.9126,12.6648,20.9556,20.9308,20.0072,20.0190,77.8237,12.1038,19.7536,19.0995,18.4974,20.4733
84.0000,82.3071,11.7282,20.9491,18.7176,21.3916,21.2487,82.7765,12.3634,20.6062,18.5282,20.7115,22.9305,80.5327,11.0944,20.9308,19.3762,20.2054,20.0203,81.7403,12.9045,20.8477,20.4645,18.9881,21.4400
84.5600,82.0261,12.6487,21.5097,19.8636,20.0231,20.6298,79.4893,12.4344,18.9586,19.8580,21.1743,19.4984,77.6821,11.7745,19.4835,20.0479,20.8678,17.2829,79.7340,12.4757,20.4266,20.0033,20.7118,18.5923
85.1200,81.4205,12.1899,20.4610,19.7461,19.9730,21.2404,80.6274,11.0811,18.2099,20.7882,20.2561,21.3731,79.4480,11.3394,20.1269,18.9844,21.9996,18.3371,80.0515,12.1674,19.8630,18.1946,19.8375,22.1563
85.6800,83.2758,12.0557,20.4428,19.0414,20.8753,22.9162,83.3589,11.8337,19.5039,20.2456,21.4899,22.1195,84.4396,12.6290,22.3167,20.1401,21.4205,20.5624,80.9496,13.0481,20.2809,19.8016,22.3029,18.5642
86.2400,82.8739,12.5786,19.6716,20.8907,21.5663,20.7453,82.8280,11.7123,19.3243,20.0388,21.3184,22.1465,82.5623,12.5073,21.1460,20.4200,21.3666,19.6297,84.0707,12.3775,21.3388,21.4312,21.0276,20.2731
86.8000,84.2859,12.2545,21.2836,21.7426,19.7467,21.5131,84.5861,12.2330,20.0742,21.6275,20.9579,21.9265,85.7201,12.7711,21.3681,20.7759,21.5401,22.0359,81.0676,12.3135,20.2863,19.9052,20.4330,20.4431
87.3600,84.3700,13.2577,21.2791,19.5835,21.6649,21.8425,84.6899,12.1857,20.5091,20.7676,21.5093,21.9039,81.0015,12.7379,21.4726,20.7918,19.3547,19.3824,80.6730,11.8165,21.5102,18.3740,20.1493,20.6394
87.9200,82.1141,12.2815,20.3201,20.3236,19.7546,21.7158,87.4896,12.9517,21.5078,21.7334,22.3477,21.9006,77.0846,12.1348,20.8058,20.5171,18.5041,17.2575,78.2438,12.1425,20.9951,17.8989,19.4315,19.9183
88.4800,78.8596,11.6179,19.1751,21.4350,18.4012,19.8483,79.0385,11.7689,18.1774,20.6971,21.7910,18.3730,79.9957,11.7874,19.0690,19.4497,20.5590,20.9180,82.6007,12.3682,21.3307,20.9467,20.6926,19.6306
89.0400,79.1447,11.6206,20.6119,19.9972,18.8955,19.6400,82.5464,12.5600,20.3795,21.0726,19.6494,21.4448,84.3474,13.0970,20.5178,21.5828,21.7835,20.4633,82.2312,12.0379,20.7390,20.6905,20.3781,20.4236
89.6000,79.1915,10.7925,21.6145,17.6767,17.9062,21.9941,79.8503,11.5046,18.0931,21.4857,19.1770,21.0945,79.7417,11.2867,21.3988,20.0642,18.7266,19.5521,82.2898,11.8172,22.1821,20.4882,18.7270,20.8925
90.1600,82.4028,13.5772,20.2190,20.2310,20.3128,21.6399,83.7010,12.0906,20.2611,21.5438,20.6412,21.2548,78.1783,11.2798,18.9856,18.1604,20.8496,20.1827,81.5796,12.1807,20.7064,21.2136,19.0616,20.5980
90.7200,83.1960,13.1310,21.5599,19.9361,20.4939,21.2060,75.6647,10.8981,19.3479,16.2396,17.9627,22.1146,76.1249,11.8469,19.4138,19.6069,17.1468,19.9575,80.1938,11.0782,19.4288,21.3912,20.3795,18.9942
91.2800,79.7467,12.0324,21.1470,20.8282,19.0758,18.6957,82.8479,12.2863,20.6136,20.6203,19.5758,22.0383,84.1678,12.9932,19.5270,20.8766,21.8370,21.9273,80.2510,11.6312,19.3833,22.0623,18.0632,20.7422
91.8400,82.1148,11.2177,21.4447,19.7699,19.1226,21.7776,84.9231,12.7057,20.3944,21.4399,20.7885,22.3003,83.8973,12.3046,21.1365,21.8006,21.1498,19.8104,79.0915,11.5703,19.3256,20.5265,19.7422,19.4971
92.4000,83.0794,12.7271,20.1352,20.9575,20.2848,21.7018,84.3122,12.9997,21.3559,19.6268,21.1082,22.2214,82.9134,12.8840,19.8382,19.3761,21.5097,22.1894,81.4703,12.1331,21.3198,20.2441,21.4505,18.4558
92.9600,82.1258,12.2092,20.7600,20.4752,19.3010,21.5896,81.7091,12.4003,21.1609,19.8667,18.7518,21.9297,78.0362,11.5058,20.8858,19.2144,17.4813,20.4547,79.4178,12.5893,19.2551,17.7716,21.6821,20.7090
93.5200,83.2774,12.5929,21.5944,18.3727,20.9642,22.3461,79.9136,12.1384,18.8830,20.4063,19.4514,21.1730,85.6145,12.6907,21.6799,20.6080,21.6240,21.7025,82.1612,11.9669,19.8887,20.8301,20.8938,20.5487
94.0800,82.0259,11.4781,22.0449,19.2284,20.3647,20.3880,78.6599,10.8347,20.7464,17.3128,18.9910,21.6097,76.9257,11.3053,20.6714,16.6459,18.0271,21.5813,81.8557,12.9909,20.1473,19.1177,20.5379,22.0528
94.6400,83.2778,13.1913,19.8959,21.1822,19.8817,22.3179,83.2400,12.6070,20.7383,21.2852,19.1460,22.0705,74.5309,9.6093,18.5438,18.9591,17.0727,19.9552,80.8437,12.8024,19.3363,21.9786,20.1458,19.3831
95.2000,81.6849,12.9522,21.1664,18.2320,20.3126,21.9739,74.5530,10.5931,19.6948,20.2202,16.1413,18.4966,83.6582,12.5930,19.9483,21.1210,21.8902,20.6987,86.7634,13.5709,22.1057,22.0238,20.6672,21.9667
95.7600,83.2727,12.5715,21.3256,19.5556,21.1943,21.1974,82.8084,11.8690,19.3137,22.3967,19.3736,21.7243,85.9246,12.6571,21.2360,22.3952,21.3620,20.9314,81.6415,12.6776,19.2074,20.0292,21.8982,20.5067
96.3200,83.1413,12.3615,21.6961,19.7341,20.1353,21.5758,81.3350,11.3686,20.8477,20.0771,19.2425,21.1677,76.4172,12.0486,20.3512,20.8223,17.8854,17.3583,81.2126,11.8746,20.4588,20.9629,20.6700,19.1208
96.8800,85.4790,12.4704,21.6237,21.7855,20.1727,21.8972,84.3419,12.3722,21.3898,21.1815,21.1759,20.5947,77.4247,11.1587,17.2930,21.5604,18.5433,20.0280,81.5270,12.7920,20.8219,20.6242,20.0009,20.0799
97.4400,83.7671,12.9878,21.7734,17.9530,21.4946,22.5460,84.3907,12.7775,21.4482,20.0676,21.1166,21.7583,83.2204,12.0345,19.4377,21.6952,20.6979,21.3895,81.1239,12.5225,20.6630,18.8718,21.0099,20.5792
98.0000,83.3586,13.0768,19.4266,21.0507,20.7473,22.1341,79.0552,11.1649,20.0562,19.8096,21.9758,17.2137,83.8464,12.3559,20.2196,20.7955,21.3997,21.4317,82.3989,11.1473,20.7248,21.1724,20.2129,20.2888
98.5600,81.9772,12.7309,18.1386,21.9362,20.1737,21.7287,83.9922,12.7984,22.4735,20.2784,20.1030,21.1373,80.4650,12.1448,20.3391,19.5273,21.1368,19.4618,85.2295,12.4073,21.0854,20.9253,21.1421,22.0767
99.1200,73.6728,9.6773,19.9286,17.7665,15.2300,20.7477,80.8636,11.9155,20.5315,19.3307,19.8944,21.1070,79.5697,12.5545,19.5943,18.9574,19.1722,21.8458,78.9177,12.0331,20.4010,19.5552,19.9269,19.0347
99.6800,85.7584,13.3164,21.1607,21.4917,20.4096,22.6963,83.2671,11.7122,19.3299,20.2103,21.1537,22.5733,84.2338,12.4639,21.3175,20.5248,21.3468,21.0448,83.3903,13.1851,20.2161,21.8424,20.3019,21.0298
100.2400,79.7933,11.5691,17.0315,20.2525,21.0200,21.4893,78.0138,10.8291,20.8244,19.0488,17.1773,20.9633,80.2113,10.9508,19.4185,20.0179,20.4357,20.3392,79.1384,11.0392,18.4352,20.4024,19.6129,20.6880
100.8000,80.8932,12.7756,20.8146,19.3381,20.7963,19.9440,81.6865,11.6309,19.9648,18.9285,21.6580,21.1351,83.5149,11.8249,20.4186,19.7888,21.4194,21.8881,83.3827,12.9391,20.2350,21.0785,21.4298,20.6393
101.3600,82.2174,12.8097,21.2336,19.6377,18.9085,22.4376,85.0957,13.0565,20.6601,21.1270,21.4825,21.8262,82.9880,11.5802,20.4110,20.7110,21.0221,20.8439,82.2124,11.9510,21.3781,21.2970,19.2880,20.2492
101.9200,81.5291,12.3060,18.7162,20.4060,19.7003,22.7066,84.9333,13.2093,20.3750,21.9361,20.5247,22.0975,78.7481,11.7735,20.0041,19.3120,20.3847,19.0473,86.0438,13.1230,20.9565,22.4307,21.3820,21.2745
102.4800,78.8484,12.1132,17.7127,20.2507,19.8815,21.0034,85.5096,12.4369,19.8744,21.6875,21.2550,22.6927,79.3859,11.6478,20.4649,19.2745,19.1579,20.4886,78.6637,11.7454,20.3241,20.3101,18.1980,19.8315
103.0400,83.8977,13.0362,21.8381,20.2993,20.1446,21.6158,82.2261,12.3459,21.1746,19.9892,19.2653,21.7969,73.7635,8.9098,18.5186,16.3298,19.9996,18.9155,80.8427,11.5573,21.3190,19.6285,19.4653,20.4299
103.6000,76.7275,10.2157,15.7799,20.2422,19.9823,20.7231,80.8894,11.9403,20.0912,19.8798,18.0648,22.8536,82.5030,11.7470,20.4518,19.4890,22.3022,20.2600,78.0738,11.7727,19.6933,20.1306,18.0782,20.1717
104.1600,86.0147,12.6144,21.6284,21.7375,20.9227,21.7261,86.1165,12.8483,20.5465,21.9485,21.1525,22.4690,80.3957,11.6161,20.8972,21.0100,19.7438,18.7447,80.4180,12.6800,20.9186,18.3355,20.1186,21.0453
104.7200,82.5838,13.2487,22.0162,17.5968,20.2978,22.6730,84.3260,12.8011,20.7081,19.9395,21.1968,22.4816,76.5888,11.4943,20.6872,19.3628,17.3805,19.1581,86.3451,13.4069,21.6270,21.6602,21.5399,21.5180
105.2800,83.6628,12.8017,20.2901,20.2710,21.6968,21.4050,81.1635,12.1452,19.5502,19.1746,20.7896,21.6491,82.4164,11.7991,20.5360,20.2357,21.4857,20.1590,73.8538,11.6952,20.7585,16.3519,18.0074,18.7359
105.8400,83.0393,12.9790,21.2897,19.9960,19.6849,22.0688,81.1756,12.1999,21.4137,19.8994,19.2498,20.6128,80.1021,12.2647,20.9784,20.6720,19.1527,19.2991,81.8260,12.4501,22.0019,20.4749,17.7175,21.6317
106.4000,83.2338,11.5297,19.2337,20.7072,20.9124,22.3805,85.1971,12.7280,21.8525,20.4677,20.7758,22.1011,77.5408,10.9644,19.3318,19.7413,20.4842,17.9834,83.4907,12.5473,21.4573,21.4285,20.9304,19.6745
106.9600,82.8315,13.0179,20.7803,21.1086,19.0163,21.9263,78.8560,11.3615,17.7245,20.0688,20.0566,21.0061,81.4944,11.8813,21.3524,21.2222,19.4682,19.4515,81.4080,12.7801,19.7697,22.4333,17.2629,21.9421
107.5200,79.9376,12.3118,19.9577,19.3136,19.7762,20.8901,85.7726,12.1330,21.7536,21.3977,21.5541,21.0672,81.6973,11.8745,21.6645,20.1478,18.7229,21.1621,79.6130,11.2226,19.2940,18.8559,21.2553,20.2079
108.0800,82.9309,11.6705,21.2893,21.7761,19.0798,20.7858,85.0055,12.7587,21.9298,19.9881,20.2151,22.8725,79.4456,10.6219,21.2478,20.5770,19.0989,18.5219,82.9177,12.4011,21.5957,20.4377,19.6094,21.2749
108.6400,79.4178,11.4268,19.4015,17.2081,21.1402,21.6680,83.3322,12.2864,21.3149,20.4499,19.5046,22.0628,83.4527,12.6552,21.1219,19.8844,20.0407,22.4057,83.9528,12.4226,21.5041,19.7763,21.8635,20.8088
109.2000,83.2741,12.3619,21.2310,20.8473,19.1372,22.0587,81.4179,11.7442,19.8715,19.3924,21.0521,21.1019,82.6568,12.8956,20.6838,20.9299,20.8696,20.1735,79.9529,12.5223,20.1141,20.1495,19.9847,19.7046
109.7600,79.4178,11.0405,21.0867,18.5099,19.4595,20.3616,80.3319,11.4378,19.1549,21.6645,19.9200,19.5925,80.7880,12.5242,20.4905,21.5365,19.6958,19.0652,78.7428,10.6708,20.6416,22.1129,18.1265,17.8619
110.3200,81.3098,12.1211,20.1514,19.8779,20.8333,20.4472,82.3306,12.9894,20.8654,19.9965,19.1615,22.3073,81.4866,12.4709,20.6459,18.2940,20.5000,22.0466,82.1103,11.8055,20.8591,20.5148,18.8391,21.8973
110.8800,86.4315,13.4063,21.2778,20.8118,22.0459,22.2960,83.5937,12.8062,19.6944,21.3102,20.6811,21.9080,82.1985,12.9697,21.0386,20.1810,20.6065,20.3725,83.0967,13.1685,20.3406,20.9339,21.1627,20.6595
111.4400,80.4322,12.0199,20.2254,20.7512,21.8114,17.6442,80.9366,11.9566,20.0473,18.8937,20.6608,21.3348,84.1417,12.5402,21.7343,21.8899,20.4635,20.0540,83.6150,12.1959,19.8145,21.1169,21.7037,20.9799
112.0000,83.2082,12.8807,20.3729,21.1398,21.6937,20.0019,82.4586,12.5642,20.7254,19.7346,21.6626,20.3360,81.4440,12.2592,19.3910,19.9070,20.5073,21.6388,79.5352,11.0447,21.2489,20.2149,19.6449,18.4265
112.5600,81.5220,10.9071,20.3865,20.5646,18.0353,22.5357,79.7521,11.1396,20.2492,19.4168,19.3769,20.7091,80.0425,11.2844,18.7960,20.4112,20.4103,20.4249,81.2648,12.2130,22.0793,20.4518,20.0660,18.6677
113.1200,83.3500,11.9828,21.2779,21.0370,19.0727,21.9623,76.5732,12.1450,19.5322,17.6432,19.2184,20.1794,79.0216,12.1577,18.2533,19.3075,21.0131,20.4477,79.0148,12.2967,17.4965,20.1475,20.7501,20.6208
113.6800,82.7010,12.8495,20.3991,21.0497,21.4487,19.8035,83.3336,12.1054,21.2539,18.4872,21.4429,22.1495,80.4724,12.0285,21.2199,19.9213,19.5790,19.7522,81.8925,12.0999,21.6909,20.5088,20.1427,19.5500
114.2400,78.2937,11.6687,19.8365,17.0697,20.3213,21.0662,81.6647,12.5228,20.5237,21.2003,18.9969,20.9438,77.9964,11.3324,19.0260,19.7825,21.3074,17.8806,81.2154,11.3668,19.5851,20.5250,19.5284,21.5769
114.8000,84.1442,12.5016,21.7390,19.4443,21.6465,21.3143,80.0822,10.1152,19.9591,18.1041,19.2203,22.7987,82.9094,12.4182,19.8145,21.0868,21.4981,20.5101,80.4311,12.3976,22.1170,20.9086,20.4922,16.9133
115.3600,82.7473,12.6479,20.9781,20.2370,19.4148,22.1174,78.3727,12.3192,21.1930,15.9390,20.4656,20.7750,79.0717,11.7368,19.3379,20.4152,18.0609,21.2577,82.1229,13.3250,21.4017,19.1263,22.1302,19.4647
115.9200,85.0032,12.1928,21.9655,21.1322,20.5832,21.3224,83.4899,12.9976,19.8299,20.4194,20.7062,22.5344,82.0671,12.7250,21.3196,20.5106,19.4504,20.7865,79.4633,12.0350,20.1196,18.8912,20.2717,20.1807
116.4800,84.0478,12.6902,19.8150,21.2655,20.2584,22.7089,85.5140,12.5243,21.8694,20.6737,21.5463,21.4246,81.6032,12.4753,20.8389,19.9785,20.6157,20.1702,79.9155,11.5977,18.8733,18.9797,20.6499,21.4127
117.0400,79.2449,10.9325,19.6950,19.0423,17.9928,22.5148,80.0636,12.7670,21.2966,19.7482,18.6609,20.3579,80.8741,11.8111,21.6843,21.1556,21.2855,16.7487,79.0761,10.4850,21.4839,19.2875,19.5756,18.7291
117.6000,82.6121,12.5021,21.1215,18.0583,20.8739,22.5583,81.1467,10.8737,19.0347,19.9890,19.9737,22.1492,78.4390,10.4050,19.5743,21.4590,19.9784,17.4273,80.1029,12.5024,20.0484,18.9107,20.2785,20.8653
118.1600,80.6003,12.2704,20.9019,19.2064,19.5080,20.9839,76.2201,12.2347,18.1122,18.3689,19.8923,19.8467,78.6702,11.3435,19.8769,19.0980,18.7169,20.9784,83.0562,12.6876,19.9871,20.1978,21.0384,21.8328
118.7200,80.6874,12.1120,20.5268,20.8955,17.9944,21.2707,82.0920,12.3176,20.0246,20.9895,20.2493,20.8286,78.1973,11.3317,20.3655,19.1662,18.4172,20.2484,77.8273,12.3786,19.5415,20.5900,19.5792,18.1166
119.2800,81.9432,11.6523,20.1252,20.5744,19.0519,22.1918,78.1687,11.9634,18.5303,20.9294,18.0180,20.6910,78.2388,11.9757,19.6229,18.7723,20.3212,19.5224,81.5393,12.0161,19.7204,20.8556,19.9665,20.9969
119.8400,78.4021,12.0265,20.6128,15.7253,20.6886,21.3755,77.9401,11.3485,19.5611,19.2718,17.3229,21.7842,83.0073,12.6205,20.7678,21.0130,21.0706,20.1559,81.4961,12.1344,20.4057,19.8779,19.2359,21.9766
120.4000,84.1592,12.2430,21.3811,20.4175,20.2918,22.0688,78.4486,10.9140,20.3324,17.6248,19.7166,20.7748,81.8267,12.0837,20.9497,20.7282,19.6092,20.5396,81.5933,11.7916,18.9680,20.8872,19.7968,21.9412
120.9600,81.5777,11.9294,21.5865,19.6589,18.1929,22.1394,85.1201,13.1285,21.9274,20.5327,20.2668,22.3932,80.7243,11.5039,22.0250,18.9926,20.7464,18.9603,80.2893,10.7092,20.6720,21.0912,17.4857,21.0405
121.5200,81.8580,11.8260,22.0240,21.7243,18.3275,19.7821,83.5580,12.8977,18.9156,21.0746,22.1570,21.4108,82.0726,12.4764,19.8345,20.1033,21.0206,21.1142,84.0852,12.7990,20.9450,20.5626,21.5478,21.0297
122.0800,80.5925,12.1232,20.5641,20.1367,18.0711,21.8206,78.5634,11.7872,19.4539,20.3571,19.1429,19.6095,82.6857,12.7218,22.4176,20.2390,19.6718,20.3574,77.0284,12.1032,16.9806,19.2419,19.6002,21.2057
122.6400,83.6098,12.8116,21.8787,22.2968,20.6633,18.7709,80.8367,11.7113,19.5277,20.8206,19.2086,21.2799,75.8113,12.3515,20.4122,18.8319,16.6574,19.9098,79.5745,11.5530,20.9561,16.6068,19.9039,22.1078
123.2000,81.2404,12.2168,18.9675,19.6706,21.1476,21.4547,83.9369,13.1729,19.9183,20.0306,22.0023,21.9857,79.1724,11.0795,16.9059,20.1256,19.9273,22.2136,81.3502,12.4539,21.6540,17.6384,21.9787,20.0791
123.7600,81.8816,10.9956,20.2340,21.2497,20.3402,20.0578,79.3595,11.6624,19.1389,18.5138,19.6713,22.0355,81.2708,11.7111,20.1654,20.2593,20.0750,20.7712,83.2455,11.6843,22.2229,21.2582,19.9843,19.7801
124.3200,82.0571,13.0251,21.8519,19.9463,18.8669,21.3919,78.5111,10.9309,20.7365,18.2107,18.9476,20.6162,80.8992,11.7842,21.8754,20.4112,18.1205,20.4921,85.2979,13.1630,21.3966,21.2670,21.6886,20.9456
124.8800,78.2822,12.2962,18.3123,20.9681,16.7746,22.2272,85.4375,12.3315,22.4692,20.4677,20.4938,22.0067,79.9194,12.2836,19.8796,20.5034,18.4002,21.1362,81.0737,11.9600,19.0592,18.7057,21.7496,21.5592
125.4400,83.8646,11.6782,22.1004,20.1343,19.7285,21.9013,79.9966,11.9646,19.4977,22.0330,18.5013,19.9647,80.7819,11.8954,19.3293,21.7451,20.9940,18.7135,79.8486,12.4224,21.0023,20.2199,21.2557,17.3706
126.0000,80.6206,12.0317,18.1760,19.7420,20.6731,22.0295,80.7447,10.8620,19.1494,20.0236,18.9664,22.6053,82.5170,12.7182,20.9925,20.5966,20.2890,20.6389,77.8489,11.4859,20.5940,19.3907,19.0703,18.7940
126.5600,79.9895,11.5285,20.9359,20.1990,18.4128,20.4417,84.8877,12.5750,20.6677,21.4837,20.8089,21.9274,79.1513,12.8717,18.8096,20.8081,20.5165,19.0172,84.6548,12.8223,20.4823,21.2489,21.8309,21.0927
127.1200,83.0542,11.5873,22.7766,19.6757,19.6517,20.9502,81.7656,12.1407,19.4704,18.2249,21.2040,22.8664,82.3789,12.3310,22.0718,19.8343,20.5152,19.9577,75.0438,11.1240,20.2156,19.1051,19.8690,15.8541
127.6800,84.2970,12.5161,20.2364,22.1922,22.2104,19.6580,84.9236,12.9261,21.1677,20.1759,21.3917,22.1882,83.5601,11.8958,20.0448,21.7816,20.9930,20.7406,69.0812,8.7449,16.4474,17.2828,16.8530,18.4980
128.2400,79.7012,12.2398,21.3895,18.6880,19.9399,19.6837,84.8289,12.4510,21.2991,21.0831,20.2228,22.2239,81.2116,12.6824,19.7416,21.2507,18.9875,21.2318,82.4225,12.5497,21.0641,20.5828,19.6518,21.1238
128.8000,83.3246,12.7589,21.5800,18.6220,21.4601,21.6624,81.0766,11.5905,21.7336,20.4747,20.4328,18.4354,78.0301,11.8646,21.3108,18.9792,18.9816,18.7586,84.2945,12.3878,20.2300,20.7813,21.2183,22.0650
129.3600,83.3953,12.2695,19.8843,21.6958,21.2880,20.5272,79.5489,11.6736,19.7025,20.3353,21.0676,18.4436,77.6247,10.0351,21.3887,19.0755,18.4799,18.6807,76.9515,12.5964,19.1469,20.7069,18.5599,18.5379
129.9200,82.5187,11.3355,20.0717,20.1505,20.3368,21.9597,78.2176,12.0696,17.0660,20.7675,19.6671,20.7169,84.2709,13.2810,20.5634,22.0946,20.8870,20.7259,80.7455,11.6362,19.7492,21.4538,18.3291,21.2135
130.4800,85.1163,12.5379,20.8476,20.8630,21.2705,22.1352,78.7025,12.1108,20.3211,19.3476,18.0340,20.9998,81.4662,13.2440,17.5624,21.0813,21.6778,21.1447,83.6085,12.1901,21.2308,20.0435,20.7257,21.6085
131.0400,80.1952,11.9476,21.2079,21.4433,16.4363,21.1076,81.5254,11.9329,20.1615,20.5506,19.8150,20.9983,78.4786,11.7850,20.3387,20.6074,18.6940,18.8385,77.5260,11.6058,19.9765,18.6811,18.7066,20.1618
131.6000,80.6684,12.1957,20.8641,21.5424,17.9811,20.2808,84.0849,13.0506,21.6281,20.5892,20.1876,21.6801,77.8924,10.4734,21.3782,19.4523,16.2477,20.8142,79.3350,11.8499,20.2830,19.7810,18.6660,20.6051
132.1600,81.2945,12.5079,19.8479,21.4438,18.2879,21.7149,76.6664,11.7330,21.3172,17.3658,17.9762,20.0071,79.8298,11.4374,20.2936,19.6459,20.7318,19.1585,80.6458,11.4511,20.6166,21.1077,20.0840,18.8375
132.7200,83.2022,12.0684,19.7022,21.2857,19.5028,22.7114,80.0678,12.2097,20.6629,17.7496,19.9127,21.7426,82.7705,12.1172,21.4654,21.2937,20.1266,19.8847,77.7935,11.2161,18.5976,21.3746,19.9983,17.8229
133.2800,82.2337,11.6851,19.1110,19.6893,21.2985,22.1350,79.9003,11.5105,15.9273,21.3843,21.3388,21.2498,79.7944,12.3024,19.9251,18.5058,20.3562,21.0074,80.1769,12.4835,17.9152,20.4497,20.4293,21.3828
133.8400,81.6090,12.9561,19.4024,20.8145,19.8747,21.5175,77.9343,12.6609,19.7523,19.8731,19.8102,18.4987,77.3981,11.5218,20.7840,19.8817,18.5061,18.2262,76.2436,11.3119,18.7772,19.9400,17.0715,20.4549
134.4000,81.5253,12.2638,19.3877,21.1937,20.5329,20.4111,78.7868,11.5258,16.6220,20.8918,20.6890,20.5840,81.9232,12.0428,19.5690,21.8446,18.1415,22.3680,81.4659,12.4983,19.5160,19.1364,21.4190,21.3945
134.9600,82.9543,12.2854,20.1360,21.2797,20.3401,21.1985,79.2597,11.0106,19.8859,20.0430,18.9747,20.3561,80.2158,12.0140,20.4494,19.6727,20.0553,20.0384,81.3218,12.3807,19.7439,19.8229,22.1230,19.6320
135.5200,78.6002,11.8867,17.8728,18.9825,20.3058,21.4391,81.6872,13.0041,19.3757,20.0607,19.9484,22.3023,83.9185,12.1319,20.9373,20.4137,21.9427,20.6249,76.8901,11.5658,18.0253,19.5834,20.3658,18.9156
136.0800,82.5902,11.9627,20.1299,20.6029,19.7935,22.0638,82.9587,12.1854,19.8585,20.5149,21.6310,20.9543,85.3962,12.2307,21.4630,20.3578,21.3723,22.2031,83.9954,13.2265,21.2300,21.3952,21.3671,20.0030
136.6400,83.2114,12.5875,20.9934,19.7592,20.2991,22.1596,80.9726,11.7902,20.5567,20.1614,19.5753,20.6791,76.2533,11.5335,20.4703,20.1998,17.7132,17.8700,81.2446,13.0717,19.5676,22.2585,20.1565,19.2620
137.2000,78.6560,12.4438,21.0105,20.4083,15.2606,21.9765,83.0131,12.4022,21.1905,18.8052,21.5955,21.4219,79.0719,10.7140,17.5894,20.3405,21.6615,19.4805,76.6413,11.1933,19.0121,19.5554,19.5258,18.5480
137.7600,83.3035,11.8056,21.7461,18.9326,20.2468,22.3780,79.6940,11.3732,20.0937,20.9775,19.2602,19.3626,84.8729,12.8443,21.6739,21.7379,20.3596,21.1014,80.5436,12.6408,20.7889,17.6274,21.2306,20.8966
138.3200,83.4899,12.5969,20.7168,20.3053,21.7683,20.6995,85.6413,13.1566,20.5605,21.1906,21.9263,21.9639,81.4244,12.7101,18.6567,21.4057,21.0096,20.3524,81.8497,11.6687,18.6809,20.1678,20.8715,22.1295
138.8800,80.6490,12.8469,20.1905,20.5600,19.5794,20.3191,79.1009,12.5562,22.0397,18.8040,17.5941,20.6631,84.0642,12.4206,21.0925,21.4463,20.4593,21.0662,85.3980,12.7332,21.3614,21.0060,21.5349,21.4957
139.4400,82.7622,11.8450,21.2083,18.6646,21.4829,21.4063,77.8800,11.9397,18.4670,18.2290,19.4850,21.6990,79.0911,12.2267,19.4975,19.3515,18.6310,21.6111,83.0156,12.4041,20.0313,19.9580,21.4610,21.5652
140.0000,76.6308,12.2426,19.1786,17.9335,20.2520,19.2667,82.5901,12.4088,20.2442,20.4666,21.5145,20.3648,81.9907,12.3234,20.8379,20.7303,20.2090,20.2135,82.2762,11.8966,21.5448,19.2117,20.6890,20.8307
140.5600,85.0682,13.2813,21.5703,19.7903,21.0179,22.6897,79.6024,11.4813,20.7849,17.9258,21.5977,19.2940,81.2944,11.6598,21.3788,18.9371,19.7012,21.2773,80.3269,11.6507,20.3883,20.0732,19.7051,20.1604
141.1200,83.5128,12.0525,21.6794,21.6622,18.4757,21.6955,83.2626,12.2127,21.0051,20.4911,19.3249,22.4416,83.1149,12.4811,21.5536,20.0106,21.0900,20.4607,80.8589,11.5238,18.6316,21.3264,21.0633,19.8375
141.6800,84.9474,12.1151,22.3069,19.9895,20.5031,22.1478,80.4883,11.1050,18.9266,18.5598,20.7069,22.2950,80.7352,12.2241,18.7311,19.6822,20.5224,21.7996,81.5631,12.3229,19.8298,21.7776,19.8542,20.1015
142.2400,82.8325,12.7523,21.9562,19.3636,20.5256,20.9871,81.8300,11.7566,19.3335,20.0970,20.6928,21.7067,80.0366,12.2545,21.0714,19.4731,19.8253,19.6667,80.1518,11.9103,20.3466,20.6525,20.2586,18.8941
142.8000,82.2140,12.8200,20.8938,20.1009,20.3110,20.9083,77.3695,12.0225,18.9666,21.0850,18.5558,18.7621,83.8022,12.5429,21.4102,20.4304,22.0384,19.9233,82.8538,12.6868,20.9432,21.2607,19.5485,21.1014
143.3600,81.4048,11.2842,20.3581,20.1906,18.6720,22.1840,79.4991,12.0394,20.2866,20.4477,18.7843,19.9806,82.0665,10.9923,19.3004,21.1343,21.1895,20.4422,81.2811,12.5150,20.7132,20.3470,20.3273,19.8936
143.9200,81.9203,11.8906,20.7972,20.4476,20.0275,20.6479,79.5120,12.7757,19.1480,17.7446,19.8212,22.7982,75.0503,11.6476,17.1708,18.2928,19.7221,19.8647,81.8889,11.1556,21.2344,20.7753,19.0864,20.7928
144.4800,85.0970,12.7856,21.8353,20.8104,21.1759,21.2753,83.2478,11.9059,20.7141,20.1190,20.6562,21.7585,81.5329,12.8630,19.5179,19.4078,21.6604,20.9468,78.3005,11.9131,20.3956,20.3185,20.5633,17.0231
145.0400,85.6183,12.4161,21.3851,20.8959,21.8040,21.5333,83.4091,12.1042,20.3366,18.9977,21.8900,22.1848,83.9630,12.0602,21.1985,21.0090,20.9804,20.7751,82.0971,12.6842,20.5806,20.6203,20.0823,20.8140
145.6000,77.2046,12.2890,20.2928,16.3443,19.6634,20.9041,87.1008,13.3480,21.7316,20.9720,21.6226,22.7745,82.2957,12.7935,19.4718,20.2362,22.2860,20.3018,80.5699,11.8112,21.0184,19.4541,18.0086,22.0888
146.1600,82.8553,12.9519,20.8788,21.1057,18.9663,21.9044,80.8229,12.4256,21.1180,19.8985,20.0523,19.7540,82.2969,12.3226,21.1575,20.6872,20.4547,19.9974,81.6641,12.0891,20.9745,20.7708,19.6570,20.2618
146.7200,82.8667,11.7985,21.5258,21.6141,20.3704,19.3563,81.8156,11.8026,20.2792,19.8263,20.5402,21.1698,83.2953,13.2881,20.6959,20.9074,19.6547,22.0373,81.3806,11.5741,20.6021,20.1353,19.9247,20.7185
147.2800,83.1437,12.5463,20.2230,20.7804,19.6931,22.4472,80.9009,11.7163,20.5883,19.1214,19.5962,21.5950,84.0721,13.0531,21.0990,20.5131,21.8229,20.6371,82.3186,11.9244,21.4972,22.1297,19.4107,19.2810
147.8400,79.1367,12.3336,19.0195,21.2091,18.0080,20.9001,79.3323,12.2546,22.0326,19.4110,16.7200,21.1687,78.9467,11.7137,17.5812,20.4006,21.3502,19.6147,83.7201,12.2942,20.3548,21.1115,20.9871,21.2666
148.4000,81.6713,11.6988,20.8304,19.0509,19.8940,21.8960,84.6660,12.4402,22.0583,20.9655,19.3333,22.3089,73.9337,11.8593,19.3541,18.8560,16.9912,18.7325,82.7248,12.6210,21.3320,20.7694,18.4275,22.1958
148.9600,80.0253,10.8427,22.0225,20.0415,17.6483,20.3130,86.6127,13.0783,21.7390,21.1796,21.4225,22.2716,83.0512,12.0343,20.9314,20.0942,21.2238,20.8018,79.8040,11.5885,19.1738,19.4425,21.1424,20.0453
149.5200,81.6966,10.5207,20.1127,19.0812,20.7038,21.7990,80.5185,12.3451,19.1856,18.5750,20.9257,21.8321,79.2356,10.8766,20.1518,19.6926,18.6604,20.7308,81.8375,12.1079,21.3964,20.4905,19.8296,20.1209
150.0800,85.0189,12.6531,21.6585,21.6973,20.2199,21.4432,78.2396,10.8493,18.5481,19.6242,20.3880,19.6793,82.4336,10.6236,20.8890,20.2219,20.7326,20.5900,77.8876,12.2166,19.9532,18.7117,19.3026,19.9202
150.6400,81.6481,11.9959,21.0418,20.7623,19.0148,20.8292,82.1039,11.6696,19.7156,20.9967,20.0147,21.3769,82.4829,12.4334,21.0064,21.3967,19.2745,20.8052,83.6385,12.4945,21.0865,20.1357,20.9948,21.4215
151.2000,81.9230,12.0657,19.6338,21.0043,20.7663,20.5185,81.9159,12.0398,19.3300,20.4924,19.6512,22.4424,77.0553,10.9913,20.8798,17.4392,19.2508,19.4855,83.5012,12.0032,21.2694,21.0147,20.1780,21.0390
151.7600,81.5598,11.8782,19.8592,20.6814,21.2377,19.7815,82.1752,11.5545,19.2736,18.3241,22.2111,22.3663,79.9068,11.3081,20.6027,20.9049,18.0556,20.3436,78.0191,11.0168,19.5140,19.9552,20.2881,18.2618
152.3200,81.4375,12.1642,19.9360,20.4193,19.5551,21.5270,82.0783,12.1342,19.2981,21.8820,21.7783,19.1199,83.6589,12.9428,21.5700,21.4202,20.4638,20.2050,80.1598,12.7068,19.3348,19.7425,21.3925,19.6900
152.8800,83.9772,12.3514,21.0583,21.2912,19.7113,21.9164,84.6375,12.2678,20.5070,20.9872,21.3658,21.7776,81.1106,12.1363,21.5033,21.1679,19.5558,18.8837,82.8076,11.8473,20.6578,19.9235,20.6723,21.5541
153.4400,78.4393,11.5509,20.6314,17.6604,19.9454,20.2020,75.7591,11.1214,20.0140,16.1083,20.0577,19.5791,78.7356,11.0582,19.0266,18.3459,21.6233,19.7398,81.2392,11.6980,20.6512,18.9926,20.4679,21.1275
154.0000,83.4667,13.0474,20.1709,21.4517,20.2767,21.5672,83.9028,12.8650,20.7209,20.6121,21.3635,21.2063,76.1589,10.6585,20.7130,19.9048,16.6162,18.9250,83.4842,12.7265,20.7035,21.3863,20.8615,20.5329
154.5600,83.8362,12.1858,21.6371,17.8634,22.3532,21.9825,84.6054,12.9305,20.2150,21.6197,21.5683,21.2024,84.2221,12.5427,20.9466,20.1310,21.1130,22.0314,81.4173,12.3119,20.9389,19.8011,21.2714,19.4058
155.1200,81.5452,11.2446,21.4564,20.7047,18.9882,20.3959,83.7006,12.0340,18.9133,21.3464,22.0729,21.3680,79.1794,12.3816,19.5344,19.9331,18.8263,20.8856,83.2766,12.6678,20.5796,19.7899,21.8301,21.0770
155.6800,83.5102,12.2791,21.6391,21.5141,19.1997,21.1574,80.4885,13.4244,18.7322,20.0789,20.3865,21.2909,85.9061,12.2912,21.4563,21.3144,21.7498,21.3856,83.1481,12.4696,21.3864,21.4229,20.0430,20.2958
156.2400,83.9633,12.2866,18.4421,21.9829,21.7650,21.7733,80.0214,12.6048,19.9298,20.0747,19.1419,20.8749,84.1923,12.6600,20.5483,21.3033,20.3042,22.0365,84.5254,12.6880,20.9837,19.4272,21.8961,22.2185
156.8000,81.7602,12.8722,20.0911,21.0909,19.6339,20.9443,83.1036,12.3350,21.2538,18.9290,20.1293,22.7916,82.4714,12.5036,19.6702,22.2011,20.8403,19.7598,80.5869,12.6821,20.3303,19.6836,21.3289,19.2442
157.3600,83.9334,11.9547,20.3466,21.1992,20.8205,21.5671,84.1979,12.9214,21.3720,21.6278,20.7785,20.4196,79.8178,11.3303,21.0616,18.6414,19.9990,20.1158,84.6729,12.2391,20.2644,22.0514,20.4904,21.8668
157.9200,82.9312,12.7408,20.6926,19.7292,21.8154,20.6940,76.4882,10.9324,19.1731,19.8053,17.4155,20.0942,82.2467,12.5605,18.7986,20.9047,20.9887,21.5547,78.3134,11.9235,20.6591,16.7869,19.3332,21.5342
158.4800,82.1234,11.7955,21.8404,16.4915,22.3016,21.4898,77.0764,11.2777,17.3315,18.5890,20.1547,21.0012,81.6269,13.2418,21.0193,20.6984,19.2730,20.6363,81.8850,11.7617,20.4282,19.7933,19.6271,22.0364
159.0400,83.0710,12.0794,21.4891,20.0679,21.0224,20.4916,79.9377,11.3040,17.4448,21.1872,19.8079,21.4977,84.2475,13.3846,21.6321,21.1777,22.5133,18.9244,83.4558,12.6966,19.8667,21.9827,20.6530,20.9534
159.6000,80.8020,11.4732,19.8859,21.5094,21.0976,18.3091,83.5442,12.9439,20.4618,19.6417,21.1089,22.3318,83.6876,12.7569,20.9914,22.0444,19.2694,21.3824,81.0024,11.9807,21.4807,21.5660,20.2497,17.7060
160.1600,84.9625,13.2695,20.6454,21.5545,20.7830,21.9796,85.9327,13.2288,20.0215,21.8774,21.5412,22.4926,80.8014,12.3937,17.7561,19.6602,21.3631,22.0220,83.2576,13.2316,21.0495,21.7359,20.2168,20.2554
160.7200,79.8054,10.7716,20.1961,18.5083,18.6472,22.4538,82.7491,12.2257,18.8684,20.6973,21.3709,21.8125,83.1125,12.0694,20.5360,19.9357,21.5714,21.0694,78.6108,10.9250,19.9431,17.7428,20.4550,20.4699
161.2800,82.2964,12.6166,19.3644,21.0411,20.6365,21.2544,82.9423,12.0414,20.4690,21.0477,20.6223,20.8033,83.0109,12.8349,21.8339,20.0884,20.7108,20.3777,76.2778,10.8796,19.4112,17.5802,19.7980,19.4884
161.8400,81.7521,11.6154,20.1095,20.8752,19.4447,21.3226,80.9254,12.5602,17.8165,19.2313,21.6273,22.2503,76.4173,10.9235,19.8090,19.0158,19.3183,18.2741,82.4307,12.1972,20.9766,20.5739,21.3762,19.5041
162.4000,81.2885,12.0529,20.7219,18.7002,19.9927,21.8737,84.0390,12.6184,21.4884,21.0884,20.4757,20.9865,84.0910,12.5869,20.7789,21.1028,20.3947,21.8146,81.4852,11.8346,18.6999,20.8005,20.3309,21.6539
162.9600,80.7003,12.7137,19.4121,20.5835,19.4153,21.2894,84.7438,12.1988,20.5802,20.0386,21.1689,22.9560,78.3317,12.2826,19.1415,21.1794,19.3246,18.6862,84.8838,13.0280,20.0346,20.4924,21.9736,22.3831
163.5200,76.2421,11.6048,17.6921,18.1790,18.5061,21.8649,81.1228,12.4792,21.7151,18.8249,22.2319,18.3509,77.6743,12.7441,21.8180,19.6599,19.2832,16.9132,84.9147,12.8044,21.3296,21.1527,20.5981,21.8343
164.0800,82.9870,12.2220,20.9542,21.0296,19.0877,21.9154,82.9339,12.4531,22.0468,21.7017,19.3032,19.8822,81.6434,11.5462,20.8197,20.5564,21.2999,18.9673,84.2093,12.6809,21.7727,20.5759,21.0318,20.8288
164.6400,86.3368,12.8054,21.2536,21.4887,21.5976,21.9970,82.4313,11.8738,19.6806,21.3775,20.6443,20.7289,81.6837,12.5351,20.8741,19.1775,21.2831,20.3490,78.7819,11.5060,18.5349,19.9069,19.7399,20.6002
165.2000,83.9510,12.6624,20.8008,20.9358,20.0175,22.1968,81.9615,12.2090,21.7222,18.5361,20.2218,21.4814,78.5854,10.4416,20.2134,20.6025,20.0618,17.7078,81.7713,12.3239,20.1620,21.1524,19.6642,20.7926
165.7600,83.6504,12.5841,21.4389,18.7062,21.4236,22.0817,79.1931,11.9451,18.0976,20.3377,20.7469,20.0110,80.7160,12.0154,21.7226,20.5771,21.2023,17.2140,79.5014,11.9577,19.0960,21.8021,21.3561,17.2472
166.3200,83.7898,12.8315,19.8732,21.6923,21.6069,20.6175,80.5237,12.0305,19.6963,20.0813,18.6763,22.0698,75.4357,12.2724,17.3550,17.9480,20.6418,19.4908,80.1102,11.3879,19.0231,21.1301,20.2554,19.7016
166.8800,84.1263,12.2029,20.3062,20.9391,21.4020,21.4790,76.8260,11.6604,18.9824,18.3148,20.0284,19.5004,79.6726,11.5359,21.1765,22.3042,16.6347,19.5572,82.3549,12.6208,21.2413,19.5723,21.2904,20.2509
167.4400,86.4375,13.3833,21.9197,21.2934,21.5668,21.6575,78.6318,11.4047,19.4998,19.3145,20.4280,19.3895,81.0175,12.1159,18.8450,20.3766,20.7287,21.0673,80.4036,11.7801,21.2019,19.0634,21.6597,18.4786
168.0000,81.7484,11.3313,20.8022,21.2141,19.8244,19.9076,81.2605,12.3012,20.6851,20.2819,19.3539,20.9395,80.6064,12.6841,19.7500,18.7223,21.4477,20.6864,80.2917,11.7540,19.4039,20.8414,20.9903,19.0561
168.5600,82.6094,12.4273,19.0473,19.8709,22.2691,21.4222,82.6689,12.6672,20.9547,21.3389,19.6792,20.6961,81.2970,11.9231,20.8883,20.1083,18.2813,22.0191,80.7557,11.6863,20.2905,19.5685,20.2149,20.6817
169.1200,81.1572,11.9550,22.0098,18.9958,19.2821,20.8695,77.0812,10.6041,21.2637,16.8851,18.2991,20.6333,82.8599,12.1698,19.5720,21.2744,21.6105,20.4030,82.3827,12.1528,21.9846,21.4409,18.2233,20.7339
169.6800,84.5273,12.5791,22.3283,21.4486,20.1166,20.6339,82.9886,13.4350,21.5270,20.7611,19.2443,21.4562,79.4720,11.1018,19.2564,19.7102,21.3814,19.1240,81.6235,11.9639,21.7914,21.4901,21.9292,16.4128
170.2400,79.8815,11.9574,18.4746,19.0295,20.4110,21.9663,80.2446,10.7550,18.5697,19.6207,21.0540,21.0002,83.2131,11.8313,21.4768,21.3620,18.9301,21.4443,80.6471,11.2863,21.4504,20.2534,21.1246,17.8187
170.8000,79.3929,11.9388,21.6202,18.9164,17.7324,21.1239,80.1784,11.9569,18.8176,21.2141,19.4843,20.6623,84.0063,12.8147,18.6793,21.5280,21.4141,22.3849,80.8349,11.9932,19.3069,20.4025,20.3193,20.8062
171.3600,82.1350,12.6181,21.1920,18.3492,21.3381,21.2557,84.7886,12.4666,19.7098,20.0549,21.8670,23.1569,82.3843,12.7813,21.6867,21.7388,19.8699,19.0888,81.7885,12.1911,20.9589,19.2074,19.9637,21.6584
171.9200,82.9915,13.0830,21.8655,21.9747,19.4953,19.6561,82.8153,12.0154,21.3327,20.2195,20.3112,20.9518,83.3840,12.9377,21.9492,21.9867,20.1178,19.3303,80.9592,12.6611,19.8935,21.4787,19.6469,19.9401
172.4800,81.5210,12.1565,20.9199,19.0968,20.6739,20.8305,83.4742,12.9319,19.4494,20.4218,21.0924,22.5106,80.2217,12.1572,20.3483,19.9938,21.4803,18.3994,82.6057,12.8863,21.8049,17.6482,21.3484,21.8042
173.0400,81.5998,12.8209,20.5062,20.9896,19.0898,21.0143,81.4184,12.5728,19.9289,19.8611,19.5019,22.1266,82.2820,12.8418,20.7976,22.1329,19.0382,20.3132,77.2861,11.7197,21.7891,18.5252,18.0027,18.9691
173.6000,81.6718,11.4112,20.5909,20.5191,21.7017,18.8599,79.7191,10.2619,17.1425,20.5091,20.3182,21.7493,77.3246,11.1066,19.1706,17.9850,19.3793,20.7896,79.8027,12.0621,19.5132,19.0493,20.9003,20.3399
174.1600,83.6444,12.8834,21.5766,21.0512,19.8915,21.1251,72.9988,10.7818,19.2696,19.2024,17.7174,16.8095,75.2127,12.3396,20.0387,17.5020,17.2977,20.3743,82.3276,12.7331,21.2794,20.0136,20.9480,20.0866
174.7200,82.0222,11.8887,19.1018,20.7816,20.1813,21.9575,80.5658,11.8955,20.5734,20.2312,18.7326,21.0286,80.6045,12.4484,19.7126,19.0695,20.4539,21.3685,83.9346,12.5183,22.3551,21.2993,20.3661,19.9141
175.2800,84.2073,12.5450,20.4754,20.9900,20.8056,21.9362,79.4970,11.7445,18.8713,20.9789,21.1647,18.4822,76.9803,11.4633,18.1161,17.8173,21.1076,19.9392,75.6161,11.9191,18.4575,17.0639,20.2852,19.8094
175.8400,82.8616,12.0108,20.4241,19.7951,20.8997,21.7428,79.2084,11.9490,19.2539,20.7408,21.5216,17.6922,82.8116,12.1718,21.1474,21.8672,19.8480,19.9491,81.8176,12.2441,20.2592,20.9949,20.4592,20.1043
176.4000,84.5011,12.8275,20.2728,21.3084,21.6446,21.2752,82.9910,12.6363,19.2937,20.3386,20.1876,23.1712,81.0405,12.3811,21.2837,19.9463,18.5579,21.2526,82.9053,11.8792,20.3452,21.5388,20.5974,20.4239
176.9600,80.9097,11.7367,22.0002,18.9355,19.3151,20.6589,84.7995,13.1541,21.9280,20.8729,21.0757,20.9229,77.2249,11.6973,19.2025,17.1756,19.4773,21.3695,78.8482,10.9763,19.6992,21.1571,17.4678,20.5241
177.5200,82.4626,12.5720,19.2115,22.0194,19.1298,22.1018,81.8227,12.0511,20.0659,21.3458,20.0218,20.3892,84.4580,12.5277,21.9113,21.0448,20.2455,21.2564,83.7525,12.3738,19.3856,21.6786,20.8404,21.8478
178.0800,85.2226,11.7950,22.0591,20.1686,20.8787,22.1162,84.1963,12.7626,22.0897,21.2724,18.9813,21.8529,82.6371,12.6269,20.0197,18.7664,21.8489,22.0020,80.0114,12.1785,19.8471,19.4146,20.7000,20.0496
178.6400,79.1557,11.0598,20.5890,18.7750,20.1676,19.6241,82.7172,12.8379,19.8066,21.3193,19.9236,21.6677,82.7490,12.5791,21.7226,19.2207,20.8595,20.9463,83.2831,12.9182,21.5582,20.1984,20.8767,20.6498
179.2000,81.1567,11.0398,19.9743,20.7222,18.6684,21.7917,78.5100,11.2260,21.1085,17.9421,18.1916,21.2679,83.7222,12.4068,21.1261,20.4168,20.1226,22.0567,83.1183,11.8997,21.7452,18.6202,20.9083,21.8447
179.7600,79.1585,11.5630,17.1771,19.8838,20.8561,21.2415,80.0742,12.2560,19.0412,20.3576,22.0645,18.6110,83.9695,12.3357,20.8558,21.0893,21.5527,20.4717,78.4910,11.4488,17.5607,21.1210,20.2607,19.5486
180.3200,81.4968,12.3361,20.4583,20.9597,18.7240,21.3548,84.5876,12.3489,21.1833,21.8114,19.7588,21.8342,83.6837,12.9176,19.6990,22.2564,22.2218,19.5064,83.0716,12.8821,22.1628,21.3194,20.7579,18.8315
180.8800,81.9661,12.7967,20.3931,18.9790,21.5382,21.0558,76.3692,10.6770,19.6971,16.2637,18.5925,21.8160,84.1107,12.7021,21.3894,21.4717,21.3768,19.8728,80.1879,12.7696,18.6731,20.3555,21.4823,19.6771
181.4400,85.0395,11.8957,22.1363,22.4210,18.1806,22.3016,79.2158,12.1857,19.5996,20.5131,19.4669,19.6361,77.7129,12.7122,19.5333,18.6623,20.6294,18.8879,85.4954,13.1303,22.4735,21.5944,21.0864,20.3412
182.0000,81.8919,12.2586,21.4645,20.5374,17.4175,22.4725,83.4819,12.1847,19.8511,21.3397,20.9606,21.3304,83.3580,11.9545,21.1439,19.5119,20.6063,22.0960,80.7850,11.2672,20.2869,19.3564,20.8632,20.2785
182.5600,84.5573,13.0824,21.6441,20.5760,20.1686,22.1686,82.4317,12.3995,21.1629,19.1906,21.6312,20.4470,77.9765,11.2368,20.3617,20.0417,19.2693,18.3038,81.2685,11.6786,19.6392,20.2193,20.6519,20.7581
183.1200,83.1485,12.9722,20.8742,21.4681,20.9002,19.9061,80.8529,11.8628,18.6863,19.2499,21.4963,21.4205,81.3683,12.1386,22.2136,17.2092,21.6057,20.3398,82.8799,12.4248,20.6920,20.1837,21.3873,20.6169
183.6800,78.5650,11.4455,20.9582,17.7840,19.7369,20.0859,84.6950,11.6940,21.3439,20.9784,20.2481,22.1246,79.2840,11.6270,20.9849,19.6983,18.4182,20.1826,77.3568,11.7865,18.7226,19.2573,20.2665,19.1104
184.2400,83.3061,13.2604,19.4902,21.1305,21.8502,20.8353,82.5930,12.7649,21.0575,20.8241,20.0312,20.6802,78.1800,10.8883,19.3570,18.7556,20.5088,19.5586,79.4044,11.7858,20.5702,19.1350,20.3201,19.3791
184.8000,83.2088,12.4455,20.4757,20.5804,19.7867,22.3660,85.4978,12.6529,19.7001,21.4699,22.4218,21.9059,81.5430,12.5113,19.2359,21.0573,19.8106,21.4392,79.1920,12.2536,21.3363,19.1246,18.6050,20.1261
185.3600,81.2509,11.8026,19.2703,20.9667,19.8063,21.2076,79.6574,11.7106,19.6907,18.7081,18.9565,22.3021,81.9183,11.7948,20.5779,20.6272,20.2871,20.4261,80.0539,12.6230,19.1529,19.2138,19.9001,21.7871
185.9200,76.4129,11.5344,19.3325,19.2389,19.3440,18.4974,85.4953,12.9006,21.1219,20.5283,20.8572,22.9879,83.1867,12.0240,19.0099,21.3546,21.2342,21.5881,76.6859,11.2949,18.2861,17.0189,21.3857,19.9952
186.4800,86.5699,12.7992,21.2792,21.8114,21.4144,22.0650,79.4000,11.2786,20.2331,19.3524,20.5007,19.3138,82.0995,11.9542,19.9548,20.0114,21.0760,21.0573,79.3848,11.1233,18.4455,19.3947,20.4765,21.0680
187.0400,79.2655,11.2975,21.2164,17.4406,20.2447,20.3637,81.2739,12.2968,21.1773,20.0436,20.6945,19.3585,80.4584,13.2616,20.6087,19.9295,20.1994,19.7209,82.7353,12.7362,21.6777,20.6516,20.2780,20.1280
187.6000,83.1115,12.8164,20.9605,19.8291,20.7892,21.5326,82.6577,13.0532,20.7566,21.3117,19.2312,21.3581,79.8898,12.7652,20.2632,18.9389,20.6336,20.0541,82.4463,11.3849,20.5998,21.1239,21.2781,19.4445
188.1600,80.0107,12.4823,22.1435,18.3993,19.7611,19.7069,83.5396,12.2329,19.9046,22.0022,20.4867,21.1461,78.8195,11.9284,20.5235,19.2321,17.9309,21.1330,79.3302,11.9267,19.6074,19.4213,20.2425,20.0589
188.7200,80.1557,12.5804,18.6772,21.8884,19.7441,19.8461,81.4991,11.9388,20.8261,19.5340,20.9765,20.1625,81.7031,12.3357,19.3433,20.2449,21.1833,20.9316,78.3315,12.3322,19.6306,21.0997,18.8517,18.7495
189.2800,81.2998,12.0515,20.7532,19.7608,18.7520,22.0338,80.2994,11.9434,18.8295,19.1524,20.3077,22.0098,75.8483,11.5581,19.3817,18.7554,19.4686,18.2425,76.9519,11.8722,16.5163,19.7117,19.4981,21.2259
189.8400,84.0322,12.2847,21.2799,21.0093,20.2747,21.4683,82.6278,11.9854,20.8373,21.1393,20.8535,19.7977,78.7440,12.3915,18.1697,21.0313,20.4769,19.0661,82.1950,12.8177,19.3005,21.1761,20.5985,21.1199
190.4000,79.6402,10.9314,19.8339,18.1338,20.4204,21.2521,80.4673,11.0926,19.1525,20.1527,20.2266,20.9356,80.1701,12.8042,19.0951,19.2035,19.8149,22.0566,81.1934,12.5203,20.8823,20.6210,19.9172,19.7729
190.9600,81.7456,11.9630,20.2097,19.9229,20.8311,20.7819,82.7710,12.4140,20.3028,18.8951,20.4462,23.1268,81.7984,11.8771,21.7489,19.9063,18.8801,21.2631,80.1159,12.3775,20.8922,20.5164,22.1695,16.5377
191.5200,83.1241,12.6527,19.5932,21.7592,21.7102,20.0615,85.0737,13.3806,21.0826,22.6802,19.7002,21.6107,78.9033,11.7340,20.7711,18.6884,18.8499,20.5939,80.7701,12.6113,22.0518,19.0860,19.8577,19.7746
192.0800,85.0920,12.3776,20.5488,21.3665,21.3303,21.8464,80.4576,11.4332,19.6252,18.0584,20.8782,21.8959,81.1332,12.0142,20.1354,20.7893,21.1328,19.0758,84.8238,13.3739,20.7774,21.7263,21.1570,21.1631
192.6400,82.0486,12.0876,19.4687,19.5073,20.9665,22.1061,81.0509,11.8249,19.6564,20.3261,20.3528,20.7156,79.8502,12.0441,17.6983,20.4627,20.5147,21.1745,80.9202,11.7819,20.0960,20.7377,21.2936,18.7930
193.2000,78.3077,12.6938,19.1568,17.9439,20.5303,20.6767,84.6542,12.8138,20.3527,21.9365,21.0206,21.3445,83.2443,12.2556,22.0307,20.7837,20.9541,19.4758,76.9061,10.8471,17.5511,19.1068,19.3996,20.8486
193.7600,81.3475,11.9619,20.9828,18.7346,20.1836,21.4464,82.9081,11.6648,20.3739,20.1937,20.3982,21.9423,83.0894,11.9889,21.0824,21.5315,20.4229,20.0526,83.5264,13.0849,21.1622,21.2035,19.7467,21.4139
194.3200,81.0493,11.7418,17.9803,21.4755,20.5865,21.0070,84.3745,12.5732,20.4542,19.9677,22.2143,21.7383,79.2665,11.5754,20.5188,19.7422,20.9098,18.0957,81.2881,11.7528,20.0449,19.6016,20.9930,20.6487
194.8800,82.8357,12.0897,21.4112,20.5748,19.6033,21.2463,84.7587,12.0709,20.6773,21.1361,21.5836,21.3617,82.4024,12.2833,21.1315,20.3101,21.4494,19.5113,79.9456,11.8652,19.8746,19.3802,20.6976,19.9933
195.4400,84.5891,11.2859,21.9849,19.3993,20.2664,22.9385,78.5573,10.9813,20.5230,19.6450,19.3349,19.0544,80.6793,12.7469,21.5335,20.5423,20.8096,17.7939,81.2856,11.2552,18.3381,20.1188,21.5820,21.2467
196.0000,83.6230,12.0212,20.7341,21.7929,21.0158,20.0802,79.0855,12.1331,20.6127,18.0677,19.4844,20.9207,85.3828,12.5924,21.0881,21.9036,21.0705,21.3206,81.4464,10.7006,20.9051,18.6131,20.4791,21.4491
196.5600,79.3291,10.9847,21.1924,19.1245,17.9722,21.0400,84.3775,12.9934,20.8248,20.5239,20.7900,22.2387,84.7807,12.7145,21.6529,21.3262,22.5200,19.2816,80.6070,11.9781,20.4940,18.9689,19.5328,21.6114
197.1200,82.3674,12.7760,21.2248,20.9640,18.7445,21.4340,78.6974,11.4437,20.2800,18.3597,20.5020,19.5557,84.3058,12.4504,21.8466,20.6953,21.2960,20.4680,79.7536,10.7472,19.2586,20.1933,19.0107,21.2910
197.6800,84.7531,12.9483,21.3909,21.6863,21.2660,20.4098,84.0376,12.7084,19.2694,21.3541,21.7349,21.6792,78.9428,12.4178,21.0734,18.7624,18.7847,20.3223,78.8053,11.2395,20.8925,20.0024,17.4287,20.4817
198.2400,80.2572,11.5143,20.5618,20.4416,19.4855,19.7683,79.6489,12.2654,19.1866,19.4770,21.8975,19.0877,82.5575,12.1385,21.0870,21.0167,21.0998,19.3541,80.2479,12.3592,20.5072,20.8919,19.0019,19.8468
198.8000,82.5540,12.3898,19.6316,21.6804,19.7262,21.5157,83.9071,11.8502,21.7712,20.7217,19.4141,22.0002,78.8334,12.4717,18.3015,20.7191,21.0553,18.7575,79.7457,11.4876,19.9004,21.4374,17.8448,20.5632
199.3600,81.7305,12.8449,20.9217,20.4142,21.0368,19.3579,86.7132,12.5651,21.8564,21.2850,21.1660,22.4058,84.1208,12.6372,21.0586,21.0331,21.5663,20.4627,82.0867,11.8221,21.9710,20.8714,19.3478,19.8964
199.9200,82.7550,12.4933,20.1697,19.1098,21.4373,22.0382,85.0346,12.8875,20.1079,21.2488,21.9486,21.7293,81.1969,12.8085,20.1326,20.5628,20.0464,20.4551,80.8274,12.6399,21.6974,18.4539,21.1317,19.5443
200.4800,84.2084,12.3635,21.7446,21.0837,19.7870,21.5931,83.3850,12.6958,20.2996,20.4919,22.1624,20.4310,84.1164,13.0869,20.6770,20.7777,22.1120,20.5498,84.0069,12.4362,21.8885,21.0551,19.5156,21.5476
201.0400,80.9947,11.9022,19.5391,19.5549,19.5458,22.3550,80.2333,11.9611,20.6993,20.9702,19.3136,19.2501,81.2732,12.2180,20.7277,21.0544,21.0790,18.4120,78.5169,11.5173,19.1025,17.5613,20.4932,21.3600
201.6000,83.6778,12.8160,22.0636,20.4787,19.0795,22.0560,81.2015,11.6464,20.6399,17.6573,21.1112,21.7930,77.6439,11.8248,19.7261,20.3112,20.6628,16.9438,81.0207,12.0015,20.6571,19.2401,21.2810,19.8425
202.1600,80.2019,11.7160,21.4545,19.0305,19.5783,20.1385,82.7919,11.6352,20.5842,18.8178,20.9748,22.4151,75.8159,12.1034,19.4427,20.3607,16.7383,19.2742,79.8893,12.1763,19.1259,21.0217,21.0185,18.7233
202.7200,81.4773,12.0352,21.6227,20.6447,18.4534,20.7565,85.7943,12.7497,21.9375,20.7769,21.0751,22.0049,84.0413,12.5222,20.8613,20.5979,21.0314,21.5507,83.0917,12.7910,21.6308,19.5991,21.1851,20.6768
203.2800,85.8433,12.6590,20.6907,21.3917,21.4502,22.3107,85.5788,12.4311,21.2828,20.1189,21.9616,22.2155,83.4302,12.8954,19.7511,22.1392,21.0463,20.4935,79.5780,12.0268,19.8461,17.6816,21.4543,20.5960
203.8400,84.3411,12.2543,20.0222,20.4646,21.4089,22.4454,76.4783,11.8183,19.2296,17.1190,19.0094,21.1204,84.5916,13.2338,20.1603,20.4503,21.7143,22.2667,79.3640,10.9104,20.2965,19.4267,20.3737,19.2670
204.4000,79.3198,11.2909,20.5814,20.1971,17.4698,21.0716,78.0857,11.8274,20.6502,19.8502,17.5797,20.0055,81.8990,11.0910,21.1044,21.8896,20.8587,18.0463,85.0992,12.8451,21.7786,20.6127,20.8771,21.8307
204.9600,80.2368,12.9653,19.1891,21.7229,17.3771,21.9477,86.2021,12.5809,20.7959,22.3118,21.6711,21.4232,84.4824,12.3397,22.0341,21.8806,20.2816,20.2862,81.2933,12.3035,20.0168,19.3044,20.3863,21.5858
205.5200,83.2686,12.1705,21.1395,21.1878,20.8662,20.0751,84.2463,12.8817,20.7965,20.2410,20.7600,22.4487,81.0127,12.5891,22.0872,17.5400,22.5556,18.8298,80.2500,12.8643,20.1512,19.6132,19.0647,21.4209
206.0800,84.3505,12.1470,20.4318,22.1198,21.7849,20.0140,78.8819,12.8935,17.8390,19.2996,19.8370,21.9062,77.8743,10.4335,19.3234,21.5953,17.2638,19.6917,81.0665,12.5268,20.0572,20.5505,20.5515,19.9073
206.6400,84.4677,13.1592,19.1070,20.6424,22.1374,22.5808,80.6807,12.2242,21.7609,20.7995,19.4091,18.7112,80.0760,12.8393,22.1440,18.2993,19.6198,20.0129,83.8304,12.6001,21.3182,21.1485,22.1661,19.1977
207.2000,81.4581,12.6193,21.0830,19.9126,19.4580,21.0046,83.9582,12.5555,20.5767,21.3440,21.1469,20.8906,85.4875,13.1122,20.9838,21.3785,20.7828,22.3425,80.6529,12.2764,20.5583,21.1122,19.6638,19.3185
207.7600,81.5767,12.1768,21.0643,20.5003,18.8301,21.1819,83.9315,11.8861,19.3189,20.6880,21.4543,22.4703,81.0080,12.2935,19.4491,21.5742,19.2424,20.7422,84.0158,13.0554,22.1703,20.6003,21.2606,19.9846
208.3200,83.1210,12.4341,21.4055,20.5116,18.5934,22.6104,84.2354,11.6898,18.4488,22.0380,21.5838,22.1646,80.6737,13.0359,20.9759,19.8461,20.1443,19.7075,84.5078,12.9714,20.9346,20.6073,22.1821,20.7837
208.8800,84.6674,12.5034,19.8904,22.4839,21.3081,20.9850,81.7822,12.6398,20.1977,19.2703,20.5338,21.7803,80.0825,12.0216,19.9660,19.2747,19.2008,21.6410,80.7071,12.0419,19.1519,20.7475,20.1662,20.6415
209.4400,80.5600,11.5272,19.7379,18.8485,19.3372,22.6364,81.9743,12.5931,21.5677,20.5728,18.6700,21.1638,84.6419,12.2462,21.1826,21.0349,21.8024,20.6221,78.6218,10.9192,21.4814,19.2049,21.0066,16.9288
210.0000,82.3660,12.8676,22.1265,20.4561,20.2908,19.4927,81.6819,11.1184,19.3211,19.1410,21.6878,21.5321,83.4877,11.6688,19.7729,21.3162,21.7616,20.6370,80.0556,12.5164,21.0084,20.1083,17.8006,21.1383
210.5600,82.3842,12.2340,19.9741,19.9124,20.3472,22.1504,79.1420,12.4895,16.6454,20.0220,21.4895,20.9851,81.0783,11.8283,18.3309,19.9669,20.5214,22.2591,80.4923,11.4596,20.6733,19.9864,20.0370,19.7957
211.1200,82.1527,12.6578,19.4624,21.6308,21.1026,19.9568,81.0732,11.8725,20.9886,20.1371,19.7443,20.2033,80.0919,11.5938,20.0125,19.9465,20.3744,19.7584,82.5044,12.3652,19.2190,21.2138,20.4077,21.6638
211.6800,84.3456,12.4821,19.1090,22.4644,20.0694,22.7028,78.6808,11.4991,19.8831,19.5029,17.0754,22.2194,84.1433,12.7815,21.3691,19.4765,21.7122,21.5856,77.2194,11.5349,19.8853,19.8980,18.7273,18.7088
212.2400,85.9842,12.0744,21.6858,21.1144,21.3527,21.8313,79.8403,11.8312,18.7032,19.5789,20.2792,21.2790,81.4989,11.4523,20.4999,19.9336,20.6704,20.3950,82.6555,12.7646,20.6289,19.9099,21.4299,20.6868
212.8000,84.2790,11.9023,21.3531,19.7406,21.5017,21.6836,84.0757,12.4877,20.7075,20.9360,21.2784,21.1539,76.9586,11.3225,20.5320,17.1882,19.6744,19.5639,81.3376,11.9081,21.1684,21.1601,19.1469,19.8621
213.3600,84.0914,12.7463,21.5354,21.0238,20.3571,21.1750,76.5621,10.9300,16.8351,17.9472,21.2148,20.5650,77.8180,11.7020,19.9390,19.9060,19.6704,18.3026,79.4675,11.7628,18.7126,20.0918,20.3205,20.3427
213.9200,76.6507,11.2143,19.1570,18.7505,17.0590,21.6842,77.4852,10.2220,17.0233,20.2063,19.4608,20.7949,83.6601,12.7177,21.7359,21.0256,20.2866,20.6120,82.1507,12.2409,21.0628,20.8519,19.0340,21.2020
214.4800,82.1353,11.8248,20.5961,20.6662,21.0091,19.8639,81.3826,12.2907,20.1140,18.3914,20.5239,22.3534,85.4786,12.3732,20.8282,20.9443,22.2239,21.4822,82.0448,12.2837,20.5405,19.9468,20.2805,21.2770
215.0400,82.0110,11.4145,20.9079,20.1886,19.5308,21.3838,84.6254,12.2701,20.4862,19.7385,22.0262,22.3744,71.9271,10.8253,15.1376,18.5178,17.1536,21.1181,83.4826,12.7700,20.3710,21.4712,20.9458,20.6947
215.6000,83.3244,11.1131,19.6201,20.5008,21.3155,21.8881,82.7677,11.9455,20.7770,20.2945,19.9246,21.7716,83.9020,12.1908,20.2940,21.3280,20.3597,21.9203,79.8984,10.9236,21.1574,18.7217,19.8571,20.1621
216.1600,84.7452,12.4572,20.3718,21.6797,20.7930,21.9008,83.8523,12.4336,21.1029,21.0219,20.8627,20.8648,79.7447,11.7799,17.7450,20.9066,21.0055,20.0875,79.1981,11.7249,20.5245,17.7311,20.5638,20.3788
216.7200,82.2566,12.2928,19.8781,22.1350,17.8165,22.4270,80.5530,11.4344,17.7074,22.0300,21.4097,19.4060,83.3656,12.5949,20.8324,21.7396,21.6234,19.1702,84.9816,12.5885,19.9669,20.9439,21.9062,22.1646
217.2800,81.6863,12.6272,20.0292,19.8775,21.1478,20.6319,77.8479,11.4997,19.3602,20.8632,16.6549,20.9697,79.3951,12.2423,18.9490,20.2531,18.7462,21.4468,79.2461,12.0176,20.2738,20.3557,19.7715,18.8451
217.8400,84.3186,12.0711,21.9535,19.2188,22.5857,20.5606,85.7167,12.5892,19.6121,21.0930,22.3977,22.6139,78.0384,11.5371,21.6477,18.7219,18.3124,19.3564,78.6749,11.5156,20.5867,19.0261,19.2398,19.8223
218.4000,81.5342,12.3039,21.3620,20.0709,17.6572,22.4441,81.3320,12.4510,20.9216,17.7019,20.3149,22.3935,80.0980,10.7951,19.8757,21.2419,19.4747,19.5057,85.4384,12.7662,21.9560,20.3394,22.4090,20.7341
218.9600,83.1379,12.7952,21.8085,21.7076,19.6756,19.9462,79.3584,12.2379,18.8788,19.3159,21.2115,19.9522,76.4844,11.2399,18.1033,20.5623,20.3788,17.4400,80.5306,10.8769,19.4923,20.5451,20.5823,19.9109
219.5200,83.2856,12.7166,19.9483,20.7899,20.4252,22.1221,78.7397,12.3404,20.2566,17.0168,18.3024,23.1638,82.4021,12.5716,21.8541,21.1153,18.8065,20.6262,79.2219,11.1473,20.1646,20.4137,19.4346,19.2090
220.0800,80.3370,12.3454,19.6468,19.7700,18.5665,22.3537,76.4161,10.5173,18.7270,21.3801,18.4062,17.9029,86.2042,13.4018,22.3319,21.7293,20.1296,22.0133,77.5260,11.4209,19.3895,20.0442,17.7920,20.3004
220.6400,82.9273,13.2540,20.4240,19.5161,20.7815,22.2057,78.9665,11.6486,20.8835,19.5187,18.7793,19.7850,84.0104,13.1018,20.9316,20.6799,20.6724,21.7264,79.0300,12.6916,20.4324,21.2423,19.0179,18.3374
221.2000,82.2384,12.2591,18.3271,20.2983,21.7406,21.8723,78.9981,10.2532,20.1622,16.7493,21.5949,20.4917,84.4685,12.7401,21.9801,21.3427,20.8543,20.2915,76.5033,11.4684,18.4322,20.1427,20.4327,17.4958
221.7600,78.3851,11.8153,19.8292,18.8281,18.2911,21.4366,83.6893,11.8638,19.7953,21.2216,21.4354,21.2370,80.7517,11.8590,21.3449,22.2917,19.6872,17.4280,83.4087,12.2666,21.6205,18.8421,22.0710,20.8752
222.3200,75.2360,11.7953,19.1200,17.9587,18.6946,19.4628,82.9033,13.3939,19.6040,21.8213,19.9681,21.5099,80.9388,12.5266,19.6989,18.6960,20.7446,21.7992,75.9282,11.0549,18.5537,18.6242,21.6170,17.1332
222.8800,77.0433,11.5982,16.0355,20.1128,20.8821,20.0130,80.1777,11.9738,19.0011,18.4338,21.3515,21.3914,79.2683,11.8407,19.7178,19.7422,19.2536,20.5547,74.8514,11.3921,19.6498,19.4526,17.6262,18.1227
223.4400,83.9755,12.7343,21.2187,21.7738,20.6660,20.3171,79.9611,11.8352,18.8664,18.9363,20.0122,22.1462,80.3648,11.6648,19.5606,21.3631,21.3259,18.1152,79.4843,11.9389,20.1361,20.7821,19.1566,19.4096
224.0000,82.9874,11.4876,21.7096,21.2337,19.9827,20.0614,76.6711,11.6358,16.9459,19.3638,19.3071,21.0542,74.8343,11.8128,18.7278,18.8285,19.8604,17.4176,81.2811,12.1913,20.3609,20.6358,21.3572,18.9273
224.5600,83.1364,12.3304,19.7965,22.1921,20.0621,21.0857,81.1804,12.7782,20.2007,20.1413,20.1822,20.6562,85.5552,13.2855,21.9638,21.3650,20.9796,21.2468,80.8350,11.6728,19.0144,22.0533,19.6655,20.1018
225.1200,79.6868,12.3645,19.3571,19.5228,19.6183,21.1886,82.2082,12.8139,20.3817,21.7946,20.1705,19.8615,81.4203,12.0872,20.5930,20.2478,20.8613,19.7183,77.2250,11.9644,19.0819,20.2802,19.0748,18.7882
225.6800,87.8217,12.7956,22.0507,21.7229,21.2917,22.7564,79.2256,11.2982,18.5534,19.9635,18.7390,21.9696,78.8232,10.9264,20.8392,18.1208,19.9803,19.8830,83.6733,11.9419,20.3491,21.5237,20.4823,21.3182
226.2400,84.5349,13.1341,22.0358,20.9021,21.8240,19.7730,79.6055,12.7213,18.7941,20.1787,19.9663,20.6663,83.2901,11.7937,20.1940,19.4956,21.8579,21.7427,85.7308,12.9413,21.6399,20.1814,22.2166,21.6927
226.8000,84.1183,12.1029,20.7249,20.6667,20.7528,21.9738,82.7541,11.7798,18.7079,21.2535,19.6252,23.1675,80.4602,12.5889,20.5868,21.0633,19.9593,18.8508,80.9340,11.7747,19.9908,21.1275,18.8626,20.9530
227.3600,80.1697,11.4161,19.8721,20.8605,18.3215,21.1156,83.3939,12.0472,20.9236,19.7942,20.0041,22.6721,82.0019,12.4074,20.2814,21.6955,19.7631,20.2619,82.3877,12.5564,20.9987,20.6844,20.3656,20.3391
227.9200,79.8672,10.3933,20.9588,18.4270,19.2764,21.2050,77.5954,11.8724,19.1822,21.7032,15.3613,21.3486,84.5721,13.3243,21.7679,20.9110,20.0558,21.8373,76.8463,10.1243,18.0881,17.5162,20.2892,20.9527
228.4800,81.0958,11.6098,19.0654,18.7745,21.3557,21.9001,83.9068,12.8939,19.6907,21.0043,21.7464,21.4653,81.2955,12.3902,20.1683,19.8876,20.3691,20.8704,73.9135,11.3095,16.6367,18.1440,18.8075,20.3253
229.0400,85.4023,12.6571,21.4692,21.8621,20.3150,21.7559,81.4149,11.5405,19.0766,20.1545,21.5338,20.6501,75.8102,10.4001,17.4227,19.2428,21.5569,17.5879,84.5617,12.8053,20.5022,20.9840,21.9392,21.1363
229.6000,83.3382,12.3747,20.3609,19.3496,21.8982,21.7295,83.8241,12.2511,22.0968,21.7511,19.4429,20.5333,81.4276,12.8446,21.0202,19.4020,20.9798,20.0256,79.1086,11.6674,19.4001,18.1249,21.3684,20.2152
230.1600,81.1938,11.1683,20.6178,20.7409,20.3033,19.5317,84.8833,12.2423,21.3187,21.0414,20.1975,22.3257,79.3984,12.2388,19.9003,20.6659,19.6102,19.2220,81.1547,12.2071,18.6081,20.0750,20.2626,22.2090
230.7200,83.3658,12.0622,20.9334,19.9662,20.9630,21.5033,81.6209,12.3396,21.5193,18.0531,19.3549,22.6936,78.3623,11.4579,20.3184,21.7983,16.2778,19.9679,80.6699,12.1279,19.0736,20.3033,21.0780,20.2150
231.2800,83.7984,12.2898,21.2662,20.2582,20.0060,22.2680,82.4122,12.8510,20.1311,21.5274,18.6606,22.0931,83.3491,12.5622,21.2316,20.7807,21.1438,20.1931,77.9291,11.2320,20.8192,18.1638,19.3304,19.6157
231.8400,79.3250,11.2870,20.0511,18.9199,19.9921,20.3619,84.6410,12.8027,21.8056,19.4933,21.5415,21.8007,77.7365,12.2061,19.3197,19.0260,17.6215,21.7692,82.2136,12.0254,20.5162,20.5880,20.4893,20.6201
232.4000,83.2362,12.4136,20.7812,19.7171,20.9422,21.7957,80.2289,12.0923,19.3763,19.7194,21.2841,19.8490,78.8071,11.0472,21.1834,19.6118,19.1230,18.8889,78.9117,11.9650,18.8390,18.6841,19.7464,21.6422
232.9600,83.1562,12.4063,21.4477,19.7736,20.3456,21.5893,81.1057,12.1931,20.5708,22.4053,17.1843,20.9454,80.8168,12.7917,20.7154,18.8165,20.0397,21.2453,82.9414,12.9255,21.7466,19.9051,20.7008,20.5889
233.5200,80.2304,10.9663,20.5336,20.0135,19.0725,20.6109,81.6309,12.6588,20.3475,19.6301,21.0673,20.5861,79.3207,11.4836,20.2026,18.7867,18.7895,21.5419,77.8089,11.8076,20.2398,16.2778,21.0416,20.2497
234.0800,80.0810,12.4182,21.4135,19.3900,20.9117,18.3657,80.8992,11.6909,17.9559,19.9580,20.8671,22.1182,70.7670,11.3169,17.6407,16.1086,18.4646,18.5531,83.7607,12.9135,21.6452,20.7197,19.6684,21.7274
234.6400,79.6524,12.2618,19.4367,20.5292,19.5733,20.1133,79.7968,11.3373,19.2256,22.3289,19.3708,18.8715,79.6491,12.1951,19.5321,20.1348,20.1401,19.8422,79.3859,11.8825,18.7667,20.6110,20.8734,19.1348
235.2000,81.7338,11.5851,21.1468,20.8581,19.7839,19.9451,79.3836,10.6719,21.6683,18.3005,18.2882,21.1267,80.4597,12.0396,20.2883,19.1445,21.8074,19.2196,80.3603,11.6384,22.0248,19.3157,19.8928,19.1270
235.7600,78.8083,12.0741,21.3498,16.1781,21.2782,20.0023,78.9407,10.7221,20.2387,19.6935,17.8138,21.1946,83.3665,11.9719,20.6988,21.3763,21.2568,20.0346,76.4965,10.2129,17.7028,20.4700,19.9502,18.3736
236.3200,84.0484,12.2757,21.3829,21.7380,19.8394,21.0882,79.8170,11.6112,17.1187,20.0889,20.5447,22.0647,79.8760,12.6958,20.0933,18.8880,21.3114,19.5833,79.3462,11.6476,19.8821,19.8483,19.4493,20.1665
236.8800,82.9017,12.4886,21.0409,19.2187,20.4328,22.2092,82.9417,12.8404,20.3329,21.3495,21.3162,19.9431,80.9843,13.2118,21.0567,19.8147,19.3031,20.8097,73.8621,9.8882,15.8302,20.5073,18.0357,19.4888
237.4400,82.2276,11.7974,21.3949,20.7272,19.0738,21.0317,81.4832,11.7411,19.3076,21.2238,20.7140,20.2378,83.4202,13.3635,20.5479,20.6001,21.5419,20.7303,80.1918,10.7498,20.8676,19.4527,19.8594,20.0120
238.0000,83.2253,12.6352,20.2519,19.7203,21.3590,21.8941,81.5310,10.6065,20.4036,20.1246,19.8622,21.1406,84.3261,12.9152,21.8598,20.4757,20.8451,21.1456,79.7353,11.4902,19.0893,19.0682,20.9316,20.6463
238.5600,81.3614,12.4236,18.7491,18.0884,21.6159,22.9080,83.9982,11.9910,20.4461,21.4641,20.2881,21.7999,84.2309,12.3561,20.6542,21.4057,20.1204,22.0506,71.8602,9.3359,16.5544,15.9095,19.8514,19.5448
239.1200,84.0545,12.3846,20.6528,21.5774,20.4856,21.3387,83.6831,11.3545,21.8379,20.6360,20.4280,20.7812,79.8173,12.4188,21.3430,18.8098,20.3093,19.3552,80.6556,12.7153,20.7775,20.3097,19.4982,20.0701
239.6800,81.6165,11.6539,18.7389,20.9460,21.9744,19.9573,84.7352,12.6066,21.1283,20.4981,21.4014,21.7075,78.3143,12.5666,19.3040,16.8328,20.7457,21.4318,80.1961,12.1774,21.1752,19.6247,20.3796,19.0166
240.2400,81.7207,12.9498,21.8593,17.8024,20.5043,21.5547,81.0232,11.4579,19.9086,19.4642,20.6011,21.0492,78.0309,10.7417,19.3715,20.6913,19.0338,18.9344,80.0025,11.3786,18.0358,20.4749,20.6556,20.8361
240.8000,80.3855,11.7597,20.0422,19.5185,19.8733,20.9514,77.8192,11.4370,16.0678,19.9361,19.2460,22.5693,85.4713,13.0408,20.9029,21.8722,21.6600,21.0362,74.7871,11.6021,21.7987,17.7642,18.5569,16.6674
241.3600,79.2155,11.1527,19.5928,18.1373,18.7171,22.7682,81.2521,12.2474,18.7201,22.3335,18.6164,21.5821,80.4086,12.4542,20.1895,21.5094,18.3307,20.3791,82.0172,11.9617,21.4689,21.0600,18.6622,20.8261
241.9200,80.8135,11.7587,18.8474,20.7910,20.6105,20.5647,83.5804,13.3934,19.7925,21.0371,20.3371,22.4136,80.3068,12.2217,19.2416,21.1533,18.8531,21.0588,78.6305,11.7823,19.0181,22.0131,20.4745,17.1248
242.4800,85.5881,12.7638,20.4991,21.5343,21.3098,22.2448,80.2850,12.2869,18.0186,20.5417,19.6559,22.0689,76.8235,10.6298,17.9879,18.4296,19.8688,20.5372,81.0680,12.0743,19.5963,19.1664,20.6423,21.6630
243.0400,80.9868,12.1433,20.1803,21.0868,20.2151,19.5046,78.0036,11.4641,19.8259,19.5901,19.3076,19.2800,76.6696,10.8568,18.6954,21.0014,18.1630,18.8097,79.7718,12.1167,18.9100,21.3773,19.7325,19.7520
243.6000,78.3556,12.3123,19.5456,22.3283,18.8176,17.6640,86.6325,13.0677,21.7196,22.0578,22.0161,20.8390,84.0012,13.2607,20.9067,20.7195,21.3930,20.9818,78.7310,11.2644,18.4000,19.5187,20.2410,20.5713
244.1600,82.2029,13.0226,21.8813,18.5131,21.3349,20.4736,80.0256,10.2697,19.9343,20.5505,19.0551,20.4858,82.9778,12.7271,21.8350,20.4960,19.7337,20.9131,80.9348,11.7513,19.0992,19.2137,21.5162,21.1057
244.7200,81.4553,12.4025,19.6224,20.4436,19.7603,21.6289,83.7601,12.4989,21.4152,21.1123,20.3957,20.8369,83.6374,13.3110,20.8159,20.9008,21.1379,20.7828,76.5757,10.3317,19.5460,19.4086,17.6482,19.9729
245.2800,82.1529,13.3655,19.9100,22.2475,20.1830,19.8124,82.9668,11.6322,21.5384,19.8388,20.5137,21.0759,83.0524,12.1200,19.2836,20.9902,21.7700,21.0086,79.8538,11.7795,20.7600,21.8083,19.7599,17.5256
245.8400,87.6791,13.0790,21.6810,22.0607,21.6912,22.2462,84.0547,12.5432,20.2876,20.8664,21.3619,21.5389,80.8852,12.1334,20.1759,20.2676,19.9115,20.5302,80.4864,12.6353,19.1419,20.2201,20.7249,20.3995
246.4000,75.4730,9.9277,18.8819,20.0976,17.9146,18.5788,80.9066,12.0642,20.9016,18.8433,20.4192,20.7426,82.7224,12.9651,21.0671,21.8929,19.9476,19.8147,82.3238,11.9452,20.0846,20.3423,21.6470,20.2499
246.9600,81.4086,12.3035,21.9675,17.9987,20.5145,20.9280,82.5500,11.2437,19.1887,21.4044,20.7243,21.2325,81.4442,11.2446,19.9747,20.6921,20.2223,20.5551,80.2862,12.4478,21.0288,22.1428,19.1405,17.9741
247.5200,78.7623,11.4550,22.1448,19.4989,17.9377,19.1808,82.6800,11.1109,21.0806,20.3231,20.1305,21.1459,80.5636,11.5866,20.8433,21.6175,18.8000,19.3028,81.1784,11.6064,20.9333,19.5628,21.5674,19.1149
248.0800,86.8587,13.0050,21.2798,20.6792,22.0934,22.8063,80.7401,12.5032,19.3221,19.1232,20.3109,21.9839,82.9461,12.9081,21.8610,21.1146,20.4732,19.4972,80.9317,12.6355,21.2341,20.2831,21.9621,17.4524
248.6400,83.9221,12.7495,22.2150,20.7784,20.9167,20.0120,80.4812,11.7433,21.9086,17.9060,19.4573,21.2093,82.0462,12.0730,20.8095,20.2745,19.0903,21.8719,82.2727,11.7134,20.7405,21.1752,20.5784,19.7786
249.2000,79.8070,12.2836,18.3105,20.3727,19.0297,22.0940,80.9646,12.1405,20.6935,20.6952,20.0598,19.5162,81.2552,12.7085,18.6982,20.7691,21.3662,20.4217,80.6491,12.6714,19.8894,20.0693,20.0422,20.6481
249.7600,85.7354,13.0227,20.9133,21.5110,21.6573,21.6537,79.6952,11.8767,18.9541,20.1656,18.9125,21.6630,82.6467,13.0080,20.8578,21.0375,20.0719,20.6795,81.5058,13.0755,22.0059,20.6421,18.0011,20.8568
250.3200,76.7623,11.6041,19.6402,20.1171,17.1345,19.8706,81.0270,11.7265,19.7123,17.6402,20.9133,22.7612,78.4496,12.0232,19.8498,17.5128,19.3528,21.7342,81.8162,11.5800,21.3435,22.0239,18.7814,19.6674
250.8800,84.3042,12.6653,20.9585,21.1398,20.2917,21.9142,77.7358,12.5017,21.8322,21.0658,16.2412,18.5966,78.6749,11.1927,22.3236,20.6123,18.5398,17.1991,83.8235,12.6468,21.7852,20.2149,21.3195,20.5039
251.4400,79.2248,11.4666,21.4504,19.0979,20.0752,18.6014,82.3206,12.3346,21.5409,21.0840,21.4269,18.2688,81.0737,12.6851,20.0533,21.3800,20.3049,19.3355,76.3691,12.2935,19.7560,17.8176,19.7615,19.0340
252.0000,84.8247,12.8695,21.8757,20.7292,19.5509,22.6690,77.8212,11.1078,17.9012,18.4622,20.0742,21.3836,78.6003,11.9815,19.4078,20.1207,19.0399,20.0319,77.0789,11.5263,16.5132,21.1925,20.4299,18.9433
252.5600,84.4631,12.3069,21.7607,19.6524,21.0713,21.9788,79.8338,12.1715,20.5813,19.2329,19.2733,20.7462,73.8971,10.0244,17.9002,17.7031,19.1659,19.1279,80.5239,11.8211,18.8716,21.1899,19.6813,20.7811
253.1200,82.5422,12.1921,21.6886,19.4622,19.2078,22.1835,85.5040,13.3374,20.7489,21.2953,21.1498,22.3101,79.0345,11.2085,20.4841,20.8792,19.0194,18.6519,80.9029,12.6981,19.5343,20.6232,20.9868,19.7587
253.6800,82.4649,12.4221,22.2530,18.8146,20.9437,20.4535,81.5597,12.8083,20.0079,18.7602,20.6014,22.1902,82.6045,12.6982,21.5842,21.4414,19.4167,20.1621,80.5499,10.8079,21.5531,21.4732,20.5785,16.9452
254.2400,81.8676,12.5175,20.2694,18.3963,20.7087,22.4933,82.5778,12.5387,19.6947,20.6337,20.0416,22.2077,77.4158,10.4279,19.4168,18.5916,19.7951,19.6123,79.5497,11.3912,20.9210,18.8041,19.0423,20.7821
254.8000,84.6211,13.0965,20.3671,20.4518,21.5133,22.2889,83.7715,12.1770,21.6716,19.9494,21.3287,20.8218,80.9780,11.6983,19.3577,20.0161,20.9034,20.7008,82.0824,12.0091,19.0293,21.5986,20.3790,21.0755
255.3600,85.1436,12.4869,21.1267,20.3962,21.0597,22.5610,85.4525,12.7624,21.3058,19.6952,21.8888,22.5627,79.2389,12.0453,19.5652,20.6796,18.2141,20.7800,79.9880,12.1064,20.6448,19.4169,21.1585,18.7678
255.9200,76.8164,11.4213,16.6228,19.7991,19.5727,20.8217,81.6425,12.3904,18.3146,22.1263,20.0688,21.1329,78.2286,12.4545,19.6840,18.9775,21.1953,18.3718,81.3497,13.0255,21.5050,20.3006,20.0921,19.4520
256.4800,82.2812,12.4248,20.4801,19.4494,21.2828,21.0689,84.6819,12.5041,21.4070,20.2880,20.2615,22.7255,75.5376,10.4844,21.0123,18.9684,18.2727,17.2843,79.1360,12.2099,20.7586,21.1678,17.9843,19.2254
257.0400,82.1981,12.6234,20.5722,19.2815,20.5593,21.7850,79.1349,11.0393,17.4630,20.3789,19.2642,22.0287,78.5804,12.0585,19.8644,22.2468,18.9068,17.5624,81.5003,12.4929,21.6768,18.1861,19.5525,22.0850
257.6000,79.4881,12.4574,20.6632,21.4747,19.9461,17.4041,82.4223,12.3042,20.1260,19.2039,21.0786,22.0138,78.2031,12.1405,21.4099,20.6095,17.9688,18.2149,84.9447,12.3226,21.0366,21.0867,21.5579,21.2635
258.1600,80.3572,11.7552,21.0312,20.4369,19.1283,19.7608,87.2817,12.7844,21.8030,21.3718,21.1913,22.9156,83.0491,11.9383,18.3832,20.4608,22.1234,22.0817,84.9325,12.2273,21.0646,20.1071,21.9024,21.8585
258.7200,84.4930,12.4859,21.9611,20.3588,20.3778,21.7954,83.3814,12.8369,21.2989,20.3182,19.3047,22.4597,84.8057,12.8547,20.9161,21.9759,20.3283,21.5854,84.6750,12.9406,21.7309,21.3686,20.5194,21.0562
259.2800,83.2000,12.0237,21.2146,20.7123,19.2513,22.0219,84.2889,12.5055,20.9245,19.7756,21.2209,22.3680,82.0944,12.2282,20.9248,19.3327,20.4377,21.3992,79.5877,12.3043,19.7879,21.2498,19.8783,18.6717
259.8400,83.4430,13.0388,22.0377,19.5209,21.2456,20.6387,83.9436,12.6013,19.6828,21.7612,20.6371,21.8624,83.8133,12.6497,22.0195,20.7372,20.7975,20.2592,80.9202,13.0875,21.5395,21.1085,18.4997,19.7724
260.4000,81.1731,11.6655,18.4433,19.8071,20.7378,22.1850,84.1054,12.5821,19.5453,21.4918,21.8082,21.2601,80.6404,11.1460,19.6307,19.8109,20.0134,21.1854,74.4955,11.4500,17.9467,17.3801,21.6740,17.4945
260.9600,85.1355,12.6979,21.9096,21.6204,19.7928,21.8126,86.0200,13.0168,21.4926,20.7023,21.6395,22.1856,79.1125,12.6371,20.3920,19.1865,18.6569,20.8772,79.1449,12.5183,19.1022,21.9891,20.5961,17.4575
261.5200,82.8122,12.6971,21.7539,19.5821,21.1902,20.2861,86.0415,12.6898,21.3493,21.3439,21.1248,22.2235,79.4589,11.7541,20.8682,20.2069,21.0855,17.2983,80.5015,12.6628,19.5478,20.7805,20.5504,19.6229
262.0800,84.4339,12.8644,21.8624,20.4082,20.7296,21.4337,77.0088,10.4419,17.7591,18.9477,18.8851,21.4168,76.7442,10.9499,21.4733,16.0169,19.0728,20.1813,75.0511,11.2426,18.7592,20.1203,17.1329,19.0386
262.6400,78.8502,11.6019,19.0905,18.2275,19.4917,22.0405,81.5550,12.6656,20.0791,19.1154,21.0529,21.3076,77.7370,11.6811,20.9147,19.1734,18.0237,19.6252,80.1116,12.4537,21.5594,19.1313,18.4938,20.9270
263.2000,80.2426,12.2246,20.3810,20.6298,18.4588,20.7730,82.9674,11.7100,18.7303,21.4034,21.6721,21.1616,82.2059,11.4547,21.1757,20.0738,20.7688,20.1876,81.5455,12.5740,21.3139,19.7972,19.4541,20.9802
263.7600,80.5482,11.4935,20.9370,20.8846,19.1393,19.5872,81.6325,12.6681,19.9428,19.5415,20.6217,21.5266,81.5481,10.7780,19.0747,20.6534,21.2074,20.6126,80.0856,11.8019,20.6419,20.8197,18.8660,19.7580
264.3200,82.5823,13.1882,20.1759,20.6598,21.1078,20.6387,81.1065,11.4190,20.8520,19.8721,19.1097,21.2727,79.3132,12.7496,17.2968,20.0347,20.8250,21.1566,80.7792,12.3276,19.7154,19.5188,20.6401,20.9049
264.8800,81.6040,12.4030,20.6206,21.1536,20.5032,19.3267,83.1001,12.2188,19.8267,21.2600,19.9205,22.0930,74.9990,10.9635,19.5162,20.3873,18.0025,17.0930,83.5174,11.5202,21.7548,20.4357,21.4395,19.8874
265.4400,78.6800,12.4496,20.4300,19.7790,20.0353,18.4358,82.2526,12.2904,19.7379,20.7174,20.2574,21.5399,77.0964,11.1466,18.9744,19.5048,20.2800,18.3372,79.3253,11.7855,21.4559,21.4708,16.1546,20.2440
266.0000,82.8463,11.5790,20.5805,20.6715,21.7962,19.7982,84.9424,12.1166,22.1028,21.1991,21.9542,19.6863,78.6304,11.7101,21.2675,18.3421,20.1227,18.8982,83.2222,12.5494,19.9458,21.1098,21.3035,20.8631
266.5600,80.1871,12.2988,20.2003,18.3010,21.3045,20.3812,80.9588,12.6527,20.4345,21.7029,17.9093,20.9121,79.4502,12.3921,19.4682,21.2162,17.5209,21.2448,80.7697,10.9750,20.2842,21.9148,17.6695,20.9013
267.1200,83.3383,12.2637,19.4883,21.1362,20.9854,21.7284,82.2889,12.2743,19.8542,19.5661,20.3316,22.5369,85.2332,12.8898,21.7580,21.0261,20.7707,21.6784,81.4706,12.8679,19.3271,20.6542,20.3656,21.1236
267.6800,80.8878,11.6627,20.5661,21.1417,18.3655,20.8146,85.5237,12.7257,21.4957,21.1059,20.2657,22.6564,82.6550,12.3114,21.9601,21.2613,19.9059,19.5276,80.6204,11.7500,18.7374,20.2087,21.0449,20.6293
268.2400,86.2945,12.1066,21.9521,20.5095,21.0935,22.7395,84.3158,12.5603,20.0711,21.5836,21.2076,21.4535,83.1873,12.3718,20.7459,21.1297,21.0971,20.2146,79.6065,11.6532,18.9381,18.9574,20.7312,20.9799
268.8000,80.5675,11.2078,20.6457,19.3706,20.7627,19.7885,81.3648,11.8916,19.1868,21.0246,20.4166,20.7368,81.5942,12.7341,21.7175,21.5166,18.7007,19.6594,78.9455,12.1108,21.4431,19.1655,19.5268,18.8100
269.3600,77.9675,12.2154,19.8024,19.6564,17.2691,21.2395,85.9511,12.9601,21.1568,22.1670,20.5445,22.0827,85.2006,12.8411,21.2855,20.7638,21.3553,21.7960,77.8486,10.8808,20.8782,20.2930,18.1067,18.5707
269.9200,83.1277,11.5716,19.3558,21.4919,20.1186,22.1613,80.8798,11.8821,20.7039,19.1974,20.3527,20.6259,79.1018,13.2110,20.1979,20.6163,17.9633,20.3243,82.3373,12.3049,20.5532,20.5489,19.6915,21.5438
270.4800,85.7942,12.4521,21.8504,22.0473,20.3803,21.5162,81.4563,11.8917,19.7983,20.8243,19.6467,21.1870,82.6140,12.1339,21.0610,20.1955,19.8050,21.5526,79.5099,11.4523,17.3034,20.2794,20.6080,21.3191
271.0400,84.1660,12.1439,21.4780,18.7055,21.3530,22.6295,81.7574,11.8634,19.9540,19.8437,20.7410,21.2186,80.8649,12.5390,20.5735,19.1041,21.3418,19.8455,79.8388,12.7899,19.0746,20.3889,19.9102,20.4652
271.6000,76.6877,11.9552,20.6011,18.4106,16.8527,20.8232,80.0994,12.1001,21.0671,19.9326,18.4554,20.6444,85.4027,13.2505,21.4190,20.8631,21.3410,21.7795,82.2169,12.2938,20.4997,19.9682,20.6888,21.0602
272.1600,81.2030,12.0222,21.9772,17.6828,21.5887,19.9542,82.2692,11.7616,19.7230,20.8438,20.3803,21.3221,80.6836,11.7775,21.2977,19.3767,20.3216,19.6876,80.3204,12.0408,19.1664,18.8025,21.4085,20.9430
272.7200,83.5858,12.1767,21.9282,18.8505,21.9470,20.8601,81.4466,12.5280,19.8460,20.2490,20.2863,21.0653,81.7810,12.8960,22.1318,20.1789,18.2252,21.2451,82.4713,12.4095,21.9765,18.2856,20.5063,21.7030
273.2800,79.2001,11.0244,20.9124,20.1353,19.6329,18.5196,80.8569,11.9507,17.3744,20.9443,20.3819,22.1563,79.6691,12.2983,19.7796,19.0807,20.3958,20.4130,80.6199,12.3109,19.7577,22.2925,18.1575,20.4121
273.8400,81.0607,11.9811,19.8708,20.4006,20.9397,19.8496,83.3761,12.6853,19.7583,20.2161,21.6757,21.7260,80.1320,11.4227,20.8383,20.4506,20.3028,18.5402,84.9717,13.1856,21.3791,21.4195,21.3012,20.8719
274.4000,80.6315,11.7317,21.4972,19.8395,18.7133,20.5815,83.1309,11.7467,20.3969,21.7042,20.0516,20.9782,78.4238,12.3534,19.7334,19.7498,19.9685,18.9722,86.2469,12.5034,21.7227,21.3127,21.5286,21.6829
274.9600,78.8835,12.3811,18.3713,20.0539,19.1760,21.2823,78.7844,12.1468,19.6467,20.1225,19.0860,19.9293,83.4346,12.3970,19.5681,21.0474,21.4901,21.3291,82.3694,12.9162,21.1071,20.4869,20.5061,20.2693
275.5200,77.8144,10.9602,18.7521,18.2947,20.9976,19.7700,73.6619,9.7290,18.4520,16.8139,18.0349,20.3611,72.1014,10.5095,18.1558,19.1591,17.2231,17.5634,76.3134,11.1726,19.6176,19.5143,18.1088,19.0727
276.0800,79.2590,11.8739,17.9673,20.5741,20.9449,19.7727,85.2500,12.8567,21.9567,20.7137,21.0193,21.5602,79.9028,12.0864,19.1948,20.2381,19.9364,20.5336,80.9368,12.1304,19.9726,22.1790,19.4863,19.2990
276.6400,87.0401,13.1844,21.0987,22.1152,21.7202,22.1060,83.0688,11.4481,20.8856,20.2246,20.8127,21.1460,80.1391,12.5062,20.2099,19.5082,20.8556,19.5654,83.1105,12.4445,22.3566,20.8923,19.6264,20.2352
277.2000,82.4456,11.7104,18.2663,21.8001,21.0213,21.3578,81.8414,11.8468,20.2052,21.2598,18.7984,21.5780,81.0287,11.9610,19.2236,21.1133,21.6310,19.0607,81.0067,12.2484,18.3285,19.0242,21.6732,21.9807
277.7600,83.6098,12.5579,21.7581,19.1554,20.4395,22.2568,80.5346,13.1924,20.2898,18.1798,21.0090,21.0560,77.4671,10.8318,21.7626,16.7066,20.1330,18.8649,84.8841,12.8884,21.7613,22.1672,19.8428,21.1128
278.3200,79.0051,13.1656,20.6739,21.0331,17.0701,20.2281,79.3122,11.1898,18.5379,20.7218,20.8029,19.2495,79.8172,12.2632,21.9277,19.0802,19.8223,18.9871,78.9541,11.7556,18.9875,17.7830,21.1894,20.9942
278.8800,82.5220,11.4021,17.7091,21.0599,21.2604,22.4927,85.0057,12.7823,21.8162,20.0224,21.4117,21.7556,85.0297,12.8598,21.4139,21.2844,20.5723,21.7591,77.9480,12.4960,21.1789,16.9391,19.3132,20.5168
279.4400,85.7184,12.9000,21.8857,22.1338,20.3108,21.3880,82.0871,12.8188,19.1174,21.4575,20.0985,21.4136,82.3424,12.9521,20.8777,21.3856,19.7766,20.3026,80.1221,11.3792,19.3826,19.7185,19.6999,21.3211
280.0000,81.2813,12.2374,19.4191,18.8721,21.5593,21.4309,83.3933,13.1506,21.1032,19.7964,21.2007,21.2931,82.4028,12.1905,21.6955,21.0841,20.8595,18.7637,83.3337,12.7123,20.5292,20.0288,21.6798,21.0959
280.5600,76.9699,11.4996,19.5978,19.0515,16.9249,21.3957,82.8816,12.2262,19.7975,20.9879,19.9145,22.1817,82.1105,12.5309,20.8743,20.2319,21.2019,19.8023,76.8347,10.7685,16.1047,19.7002,18.9426,22.0872
281.1200,84.0468,12.2703,21.0164,20.9970,20.4835,21.5500,81.2488,12.4569,21.2018,17.9621,21.0340,21.0509,79.9336,12.7231,20.3771,20.2407,19.8803,19.4356,79.0238,12.3036,20.4669,19.9256,21.3562,17.2751
281.6800,82.9968,12.2825,21.9088,20.4788,20.0847,20.5245,83.2986,12.0927,20.0481,20.8021,20.3914,22.0569,76.5226,11.6121,20.6185,17.8696,20.1959,17.8386,84.2281,12.8459,21.5429,21.7222,21.3276,19.6355
282.2400,83.7081,12.1050,21.5108,21.5421,19.4040,21.2511,80.1967,10.6381,18.0717,20.0592,20.3959,21.6699,84.4427,12.4570,19.6636,21.5994,21.8174,21.3623,83.5563,12.8967,20.0067,21.1061,21.6355,20.8080
282.8000,82.6182,11.7491,21.7202,19.5298,19.2788,22.0894,77.8322,10.9490,18.8799,18.9370,19.7679,20.2473,80.7123,11.8069,19.6300,20.9938,20.7892,19.2994,77.8288,10.3279,21.0109,17.3648,19.7331,19.7201
283.3600,83.8187,13.1260,21.5945,21.3778,19.2919,21.5545,80.6155,12.2569,21.1534,20.3848,21.9328,17.1445,80.2489,11.4788,19.8489,20.2142,19.8698,20.3160,78.8701,12.6877,19.8871,19.3279,20.3232,19.3319
283.9200,82.5101,11.7386,21.7640,19.7470,19.8493,21.1498,77.8283,11.2202,20.9851,17.0885,19.1627,20.5921,82.5421,12.8365,21.8259,20.6282,19.7361,20.3519,77.9288,12.4603,19.1146,19.9704,21.2045,17.6394
284.4800,84.8876,12.5699,20.2677,21.2111,22.0791,21.3298,84.9466,12.5291,21.5965,20.0700,21.3958,21.8843,81.3202,12.7474,20.4981,21.1052,18.5675,21.1494,81.7100,12.7409,20.5375,21.0884,19.2011,20.8829
285.0400,83.6391,12.2096,21.1523,19.4399,21.2669,21.7800,85.8408,12.8987,21.4404,20.7136,21.1680,22.5188,80.8762,11.4971,20.5151,19.6889,19.8130,20.8593,81.0607,12.7798,18.3308,21.3886,20.8293,20.5119
285.6000,82.3878,12.5842,18.3081,21.5954,21.5215,20.9628,79.6297,11.8582,19.9623,19.4808,19.9108,20.2758,78.7400,11.8334,18.6746,20.1715,20.0119,19.8820,81.8628,12.2846,19.1522,21.4880,21.3815,19.8411
286.1600,83.8981,11.6440,21.6743,19.4981,20.0614,22.6644,84.9737,11.7243,21.1954,20.3180,21.2620,22.1983,81.3513,12.4393,20.2506,19.6741,20.3533,21.0733,77.4054,11.4894,17.0250,18.7497,21.9322,19.6984
286.7200,82.9897,12.3948,20.9508,20.4842,21.3539,20.2008,81.8828,12.9286,21.5027,17.7350,20.0172,22.6279,79.1869,11.7760,21.0276,19.6260,18.3773,20.1560,79.8213,11.8500,19.6936,21.7259,18.8039,19.5979
287.2800,80.8491,12.3862,19.3890,21.0603,18.1899,22.2100,85.5660,12.8753,21.7481,20.9184,21.3145,21.5850,82.2739,11.6143,20.1584,19.6598,21.5146,20.9411,81.0468,11.4893,20.1861,19.0771,19.5170,22.2665
287.8400,82.9948,13.1245,21.5178,20.6777,19.3396,21.4597,83.1100,12.4661,19.9420,20.1054,20.8329,22.2296,81.5867,12.4569,21.4818,20.1851,19.2444,20.6753,81.6800,12.2966,20.6715,21.8880,20.7965,18.3239
288.4000,80.4545,11.3125,20.6996,19.0593,20.0091,20.6864,79.6106,11.2197,19.0113,21.0878,19.7232,19.7883,84.1137,12.1152,22.4561,20.9046,20.4215,20.3314,81.2868,12.2702,21.2015,18.6228,21.1796,20.2829
288.9600,85.1038,13.2886,20.7308,20.9154,20.5280,22.9296,82.3714,12.3731,19.2439,21.3768,20.5202,21.2306,78.5042,12.6639,20.2921,17.9098,20.6477,19.6546,78.7948,12.2838,20.3575,20.4488,18.4432,19.5452
289.5200,81.3816,10.8113,20.3709,21.0089,20.2646,19.7372,83.4507,12.6718,21.4321,19.7181,21.1067,21.1938,75.9456,11.2761,18.0348,18.7297,18.2069,20.9742,80.9505,11.8951,21.3561,20.5779,18.5470,20.4694
290.0800,77.0031,11.1493,18.9996,18.0245,19.3832,20.5958,82.2191,11.8091,20.5387,20.5036,20.1827,20.9942,85.4321,12.4641,20.6661,22.1052,20.9595,21.7011,81.0194,12.0224,18.6397,20.4264,21.3528,20.6005
290.6400,83.1031,11.7436,20.3788,20.2875,19.5385,22.8982,81.8387,12.5759,20.0216,19.1895,20.1710,22.4566,82.5122,12.4837,21.6336,20.2716,20.1099,20.4971,79.5905,12.9176,21.3941,19.4231,17.6804,21.0929
291.2000,86.1154,12.0844,21.3861,20.3196,21.9706,22.4391,78.7266,11.7902,18.9725,17.8593,19.9256,21.9692,81.2904,11.8011,19.6901,20.8143,21.2800,19.5060,77.9159,11.5828,19.0336,18.8887,18.5982,21.3954
291.7600,81.5660,12.0869,19.4796,22.4654,19.4106,20.2104,85.6071,12.2243,21.3004,21.6576,20.7225,21.9266,82.0478,12.3822,19.5534,21.3695,21.8880,19.2369,77.1709,12.3103,16.5746,20.5737,20.1198,19.9028
292.3200,83.7020,12.7254,20.3258,21.4633,20.2207,21.6922,80.3836,9.7941,19.6296,19.8927,20.2868,20.5745,76.1836,11.1773,19.3144,18.7013,19.3054,18.8624,83.8065,12.8588,20.8140,21.0836,20.7461,21.1628
292.8800,81.2978,11.7995,20.6955,19.6400,19.9969,20.9654,82.4551,12.8955,17.9172,21.3330,21.6966,21.5084,80.7818,12.5322,20.9311,19.5399,21.1465,19.1644,84.6634,12.4382,21.4291,20.5286,21.7256,20.9801
293.4400,84.6267,12.7854,20.0648,21.4433,21.0505,22.0682,84.4567,12.5860,21.5979,20.2907,20.3979,22.1702,78.4964,11.4714,17.8838,18.5594,21.3865,20.6668,79.1525,12.5561,21.7036,19.3379,19.7071,18.4039
294.0000,79.1017,12.5488,20.0008,19.3112,18.5976,21.1921,76.2970,11.2084,15.8108,19.7477,19.9465,20.7919,78.5192,13.0607,19.8746,18.7605,20.2021,19.6820,76.4883,10.8263,19.0024,19.5594,20.5375,17.3890
294.5600,85.4224,12.8794,20.8779,21.0350,21.2439,22.2656,80.5269,11.8841,19.7417,18.6304,19.6396,22.5152,78.7138,12.2208,21.2513,21.6975,17.4615,18.3036,83.1778,12.8351,21.6222,18.7239,20.8499,21.9818
295.1200,82.4502,12.1123,21.3930,19.5255,19.8182,21.7134,82.0526,11.8577,22.0750,21.5601,19.1686,19.2488,84.5827,13.0518,21.4116,21.2492,21.3508,20.5711,80.1920,10.3227,19.6428,19.6716,20.5461,20.3315
295.6800,80.0491,12.1847,20.6932,18.9090,19.2527,21.1942,83.8780,13.0235,20.7585,21.0377,19.8784,22.2034,80.6505,11.2624,19.8819,20.2760,20.5356,19.9569,81.4020,12.1593,20.4763,20.9822,18.7451,21.1984
296.2400,79.3294,12.3658,21.0323,20.5158,19.4709,18.3104,82.8121,12.0103,20.4308,20.8781,21.1976,20.3056,80.0875,11.4868,21.0034,21.5793,19.2843,18.2206,80.7133,12.7766,19.4833,21.1404,21.4484,18.6413
296.8000,81.0345,12.1178,21.9447,19.3465,18.1294,21.6139,81.6967,13.2420,22.1751,19.9433,20.5886,18.9897,80.1213,12.1918,20.9754,20.2508,18.9432,19.9519,84.1699,12.6785,20.4107,20.9371,21.5139,21.3082
297.3600,84.8583,12.7667,20.5563,19.8142,21.6736,22.8141,79.1477,11.3796,19.9420,18.8450,21.1126,19.2481,79.1378,12.1541,19.2874,20.6835,19.8958,19.2711,78.3957,11.1491,20.3020,19.1664,18.6406,20.2868
297.9200,82.1531,12.7252,21.2967,20.8123,19.9700,20.0741,81.3669,12.0373,18.9588,19.6677,20.4863,22.2540,82.0897,12.4826,20.5457,20.1066,21.5720,19.8654,81.5698,12.2275,20.9961,19.1910,20.9193,20.4634
298.4800,78.2335,11.9303,19.3623,20.3541,18.6936,19.8235,76.8133,11.8516,20.9417,21.4010,17.6734,16.7972,80.7353,11.4646,20.3885,20.1401,18.7220,21.4846,81.1279,11.7669,21.3061,18.4044,20.2556,21.1619
299.0400,83.2988,11.5474,20.7894,20.0657,21.3289,21.1148,86.8073,13.0526,21.8739,21.8820,21.1057,21.9456,78.5268,12.6151,18.8737,19.3627,20.9303,19.3600,82.7237,12.9182,20.5247,21.6406,20.7450,19.8135
299.6000,81.9749,12.5454,21.4180,19.8211,19.4877,21.2480,81.6098,11.5269,20.8863,21.4860,20.4073,18.8302,84.2872,12.8832,21.6451,21.5064,19.9566,21.1791,81.8728,12.0123,20.5166,20.7110,21.1871,19.4581
300.1600,85.4845,12.7016,21.7716,20.1195,21.2606,22.3328,84.2035,13.0419,21.4169,19.8562,20.9568,21.9736,81.2193,11.9172,19.5465,19.7314,20.5042,21.4371,81.3417,12.0073,18.5293,20.2901,20.5596,21.9627
300.7200,82.0301,12.9030,21.4773,20.6195,18.9985,20.9348,80.5316,12.1004,19.9441,21.9567,16.8326,21.7982,76.0681,11.1407,19.0177,18.1341,17.3533,21.5631,79.0599,10.0985,17.6661,19.6708,19.7308,21.9921
301.2800,84.6474,12.7646,21.0683,21.4096,20.5090,21.6606,78.7468,11.8233,18.8081,18.2969,21.3319,20.3100,81.8630,11.4080,19.2601,20.3240,20.9506,21.3283,78.0915,11.6813,20.3114,21.6456,18.6655,17.4690
301.8400,83.7748,13.1017,19.7762,20.6850,20.5696,22.7440,77.1682,11.3735,18.5912,19.1935,20.3481,19.0354,82.1359,11.8684,20.0706,20.6212,21.4149,20.0291,81.5301,12.8042,19.7103,20.9806,21.2726,19.5667
302.4000,77.3800,10.9523,19.7064,19.7962,16.9212,20.9562,82.0900,12.4545,21.1713,21.4877,19.3926,20.0383,81.0514,11.8002,18.6070,21.6558,19.5849,21.2038,81.0425,11.7076,18.3419,20.7523,20.1944,21.7540
302.9600,82.4897,11.3371,20.6767,20.4478,20.3366,21.0285,83.4056,12.0975,20.2399,22.1523,19.3404,21.6729,81.2723,12.7049,18.3060,20.0620,21.6569,21.2475,80.7265,11.8703,20.2421,20.2530,20.2486,19.9828
303.5200,78.3260,12.3098,19.3925,18.9224,19.4193,20.5919,85.9137,13.0511,21.2889,21.9253,21.1859,21.5136,82.2018,12.2915,20.3044,21.3963,20.9211,19.5800,77.3268,13.0508,19.8296,20.5949,18.6725,18.2297
304.0800,75.5454,10.5739,15.8577,19.5374,20.9830,19.1673,83.4705,13.1320,20.2647,20.7601,20.7809,21.6648,82.5951,12.7033,19.6799,20.1654,21.4502,21.2997,84.0683,12.3692,20.4475,20.1548,20.7750,22.6909
304.6400,80.8883,11.4255,19.9141,21.6273,20.4472,18.8997,79.8864,10.5619,16.6200,20.5266,20.8135,21.9263,84.8496,13.1210,21.3116,20.7805,22.2286,20.5290,83.0593,12.4457,21.6512,20.2869,20.0820,21.0392
305.2000,83.7760,11.1994,21.1973,21.1858,19.1879,22.2051,78.4684,10.3399,17.3240,19.1573,21.1596,20.8275,83.6068,12.8956,20.6805,20.2586,21.5681,21.0996,77.0082,12.3585,16.9823,18.7762,21.7047,19.5450
305.7600,81.1685,12.3495,21.7517,20.1477,17.4866,21.7825,82.6199,12.1267,20.7898,19.2771,20.5266,22.0264,77.9628,11.7504,20.3444,19.6143,18.8616,19.1424,77.2137,11.9717,18.7631,20.4026,20.1408,17.9072
306.3200,76.6851,12.0368,19.5294,17.6803,19.2328,20.2426,80.3150,11.8836,18.3410,22.5114,18.9475,20.5152,77.5879,12.0394,20.2297,21.3731,19.3554,16.6296,79.0931,11.7200,19.1718,22.1522,18.6168,19.1523
306.8800,85.4448,13.1994,20.7526,21.4768,20.3746,22.8408,79.8711,11.3970,21.4072,17.2531,19.6809,21.5298,78.6576,11.1230,19.0766,18.9942,20.0680,20.5189,80.5407,12.2225,19.4441,20.1532,19.0727,21.8707
307.4400,82.1758,11.9119,21.5528,17.8937,20.9876,21.7417,82.4664,11.0141,20.1639,21.7915,19.3649,21.1462,81.9991,12.5516,20.8064,20.6322,21.8048,18.7557,80.8931,11.5100,22.3294,20.4430,19.4275,18.6933
308.0000,81.0476,11.9228,19.5538,20.0871,19.9559,21.4509,84.3017,12.3003,20.4533,20.1010,21.8696,21.8779,80.5296,12.8116,19.4235,18.9565,21.4955,20.6542,80.7613,12.3150,18.3666,20.1159,20.9784,21.3003
308.5600,84.4598,12.5508,20.6394,21.2420,21.0605,21.5179,84.1193,12.8121,20.7393,20.8420,21.3753,21.1626,76.8937,11.5689,19.2166,18.9430,19.7490,18.9851,83.2596,12.5783,20.1900,21.5409,20.5499,20.9788
309.1200,83.8067,11.9503,22.1327,19.2074,21.2129,21.2538,82.2391,12.4225,20.4243,21.0785,20.1982,20.5380,82.0911,12.2027,20.8125,21.9670,20.0928,19.2188,83.2126,12.1955,20.9879,21.3024,20.2201,20.7023
309.6800,80.3716,12.3259,19.8592,21.4328,21.3029,17.7768,79.9579,12.9392,21.2800,20.2518,18.4862,19.9399,80.3435,12.1701,20.1060,20.3659,20.0496,19.8220,79.8660,12.6472,20.4486,20.0627,19.1423,20.2124
310.2400,86.2889,13.1977,21.6356,22.3265,19.8219,22.5049,83.5854,12.2072,21.4865,20.4495,21.3488,20.3005,77.4261,11.8542,19.0653,20.7475,17.6696,19.9437,81.9733,12.1180,20.0970,20.7071,21.0575,20.1116
310.8000,79.8560,11.7460,19.4619,19.8674,19.9047,20.6220,83.7625,11.7497,18.0930,21.3156,21.1355,23.2183,81.4988,11.7826,21.3579,19.1042,20.4660,20.5707,74.5926,11.6911,16.8502,18.1277,20.2653,19.3494
311.3600,86.3936,13.1739,21.4275,20.0932,22.6765,22.1963,85.9837,12.8297,21.5495,20.3578,21.9354,22.1410,83.9683,12.5608,21.6707,21.0196,21.4089,19.8692,81.9279,12.8306,18.7846,21.6272,20.4902,21.0259
311.9200,80.0036,12.2087,18.3274,20.4159,19.3400,21.9204,79.4897,12.3819,19.3782,19.4175,21.4964,19.1976,78.9747,12.3200,19.8605,16.7246,22.2320,20.1576,80.6765,11.4377,21.5517,21.7674,20.0982,17.2591
312.4800,82.9964,12.6888,20.1333,20.0522,20.9891,21.8218,79.9367,11.8757,18.4125,20.0308,21.5162,19.9772,82.2970,12.8338,19.6322,21.3266,20.3959,20.9423,80.6928,12.5857,21.3526,21.4493,19.3248,18.5660
313.0400,86.7911,12.8964,20.5268,21.6760,21.5403,23.0479,78.5523,12.2680,19.3309,20.2873,18.3759,20.5582,81.2400,12.4234,21.1788,19.1978,20.0201,20.8433,85.7326,12.2311,20.6507,22.5176,21.7947,20.7696
313.6000,80.6753,12.1802,19.5611,21.2044,18.5850,21.3248,78.9693,12.1611,19.2440,19.7268,20.7109,19.2876,82.4330,11.9071,19.2577,21.1353,21.0289,21.0110,80.7459,12.2296,19.7415,20.2855,20.6753,20.0436
314.1600,77.2080,10.6162,20.1591,18.1766,20.0541,18.8182,85.4595,13.1238,20.7061,21.9684,21.7550,21.0300,80.7466,12.3678,18.9055,20.8561,20.4108,20.5741,73.6833,10.4466,19.8973,20.0349,16.9331,16.8181
314.7200,83.2823,12.6682,20.2029,19.4603,22.2628,21.3563,83.0503,12.7600,19.5340,20.4557,21.0866,21.9739,80.6769,11.4447,20.5283,21.0184,19.0662,20.0640,75.2887,10.8435,17.4261,17.5225,18.8411,21.4989
315.2800,85.4413,12.2651,22.0823,21.6352,19.6865,22.0373,82.0231,12.7300,19.9175,20.2632,20.4494,21.3930,77.9764,12.3667,18.1318,20.1812,21.6024,18.0609,83.6703,13.3706,21.5617,20.6539,19.3902,22.0645
315.8400,81.1286,12.2059,21.8898,18.4689,20.4463,20.3236,83.6236,12.6553,20.0287,20.7367,21.4138,21.4445,81.6056,12.3423,19.9065,20.7131,20.8539,20.1320,75.2373,10.1286,18.3999,16.3537,19.1440,21.3398
316.4000,82.3145,11.5828,20.5149,17.6112,21.0840,23.1044,82.0212,12.6456,21.2116,20.2918,19.7594,20.7584,80.6431,12.0693,21.4523,17.3417,21.8726,19.9765,78.2796,10.9456,20.3570,19.4492,18.4784,19.9950
316.9600,82.1393,12.2326,20.6542,20.5308,19.7587,21.1956,85.1876,12.5865,20.5175,21.7901,21.8437,21.0363,82.6368,12.6091,19.2144,21.0183,20.7119,21.6922,79.0200,11.8289,19.7534,21.6266,18.2731,19.3669
317.5200,83.6075,12.2301,19.4403,19.9625,22.0132,22.1914,82.9068,12.0065,21.5018,18.7179,21.4084,21.2788,78.1855,11.6483,20.2320,19.5850,18.1540,20.2145,85.2152,13.3550,22.4664,21.4729,19.9359,21.3400
318.0800,81.8891,12.5968,20.0610,21.6645,18.2707,21.8929,84.9655,12.9115,20.7321,20.2288,21.7921,22.2125,82.4579,12.6155,22.0609,20.7842,19.5396,20.0731,76.0308,11.8232,18.1583,19.9761,18.2127,19.6837
318.6400,84.6590,12.4669,21.4049,20.1217,20.9126,22.2198,82.1124,12.8266,20.7465,19.8894,21.6972,19.7793,80.6547,11.8799,20.2489,20.0226,19.3647,21.0184,81.2297,12.7558,21.0828,19.5676,20.9394,19.6400
319.2000,84.8651,12.4147,21.0334,21.1266,20.2969,22.4083,82.2138,12.8258,20.5223,19.9626,19.7333,21.9956,80.8721,12.9401,18.7547,20.9847,20.6017,20.5311,78.7433,11.0045,19.2253,19.8668,18.2331,21.4180
319.7600,80.5048,11.2611,19.6340,19.7097,20.8130,20.3482,78.6655,12.1003,17.0266,20.1782,21.3952,20.0656,80.5987,11.4796,21.2447,19.6836,18.4675,21.2029,75.5668,11.7571,18.5508,20.4934,18.6540,17.8685
320.3200,82.6044,12.5207,20.6527,19.0741,21.0035,21.8741,83.6624,12.9026,19.5205,21.1576,20.5504,22.4338,82.9397,13.0024,22.0909,20.8150,18.4046,21.6292,78.3921,12.7348,20.6629,18.4788,19.2113,20.0392
320.8800,80.3275,12.0828,20.2999,20.5151,19.6449,19.8676,82.0264,12.3959,19.4347,20.9121,21.5128,20.1668,79.1181,11.1032,20.3145,20.7554,16.4988,21.5494,79.3642,12.2885,17.4074,19.2961,21.4431,21.2176
321.4400,80.4560,12.4281,21.3935,19.7003,18.3934,20.9688,83.1413,12.2104,21.3492,19.7528,20.9963,21.0430,79.5865,11.3473,20.7427,19.4182,18.3930,21.0326,75.6888,12.4360,17.9469,19.7079,20.9499,17.0842
322.0000,83.1522,12.6084,21.3789,20.8010,20.9711,20.0012,82.6371,11.4585,17.8791,21.8073,21.1021,21.8486,74.4765,9.8235,18.3453,18.8748,18.4138,18.8425,79.3890,12.5197,19.5194,20.4741,20.0381,19.3574
322.5600,82.0729,12.5647,21.3936,18.1751,21.0310,21.4733,82.9025,11.1711,18.8558,21.9019,21.4336,20.7111,82.0505,13.3034,19.5549,19.3958,21.5146,21.5852,80.8626,11.7039,20.4087,19.2517,19.2919,21.9104
323.1200,81.8556,12.5589,19.2969,20.6671,19.0818,22.8099,81.6148,11.7526,20.6752,18.7410,20.6275,21.5711,82.8047,12.8533,21.6664,21.9450,18.4845,20.7088,80.6425,11.5180,20.3442,21.0499,19.0588,20.1896
323.6800,82.7712,11.8970,20.5330,19.5842,21.5913,21.0628,82.7051,12.1198,20.9688,21.0089,19.9518,20.7756,85.2720,13.5486,21.5396,21.0017,20.9064,21.8243,84.4067,12.6869,22.0711,19.9988,21.6742,20.6626
324.2400,84.5631,12.8443,21.0415,20.7551,21.1909,21.5756,77.3175,11.4403,17.7316,20.8696,18.2910,20.4253,80.6245,12.5464,20.5026,20.0612,20.2258,19.8349,81.7180,12.2380,20.8171,20.2799,19.4061,21.2149
324.8000,81.6045,12.2048,20.8114,21.0781,20.7575,18.9575,83.9930,12.2788,20.9817,21.8236,21.1122,20.0755,80.8541,12.5889,19.9578,20.3400,19.3086,21.2476,82.0454,12.4561,21.0788,20.8361,19.5824,20.5481
325.3600,82.3017,12.0965,19.0292,20.4676,21.4669,21.3380,84.7202,12.6495,20.5728,21.3734,19.8451,22.9289,84.5034,12.8060,21.3603,20.7778,21.2630,21.1024,82.2892,12.5419,20.5132,20.2564,19.8072,21.7124
325.9200,83.7835,12.0816,20.9701,22.3111,20.2294,20.2729,79.2072,12.4166,17.5843,20.8943,19.1405,21.5880,85.3696,13.1830,21.3628,20.6199,21.5640,21.8229,81.6567,11.2793,19.5135,21.6312,19.5577,20.9543
326.4800,82.0579,11.6080,19.8497,21.4189,20.2392,20.5501,82.4548,12.1306,20.0975,19.6204,20.3989,22.3380,82.2984,12.0684,21.4830,20.5451,19.9097,20.3606,81.8340,12.3969,20.5044,19.6468,20.8884,20.7943
327.0400,82.5940,12.5985,18.8531,20.0658,21.4878,22.1873,81.3621,11.8328,21.4682,19.0716,20.3384,20.4840,77.8530,11.6684,17.0400,20.7680,20.9013,19.1436,79.0441,11.8771,17.9000,19.7861,20.2751,21.0829
327.6000,81.3780,12.3773,21.2745,20.8852,19.8662,19.3520,83.9940,12.2001,20.9313,21.8911,19.0264,22.1453,84.4107,13.3195,19.9157,20.7779,22.2962,21.4209,78.2164,11.1285,19.3456,19.4407,20.4122,19.0179
328.1600,83.7833,12.5884,22.1059,21.8783,18.9073,20.8917,82.2750,12.3105,20.9741,20.0690,21.2198,20.0121,81.4022,11.8091,18.9815,20.4804,20.8100,21.1303,79.8297,13.0487,20.0231,20.3353,19.1309,20.3404
328.7200,78.7146,11.3862,18.0120,20.8698,19.8554,19.9774,74.9021,9.6339,21.5463,15.0453,18.4783,19.8323,83.0328,12.2249,20.8619,22.4398,20.1845,19.5466,78.1908,11.5726,21.7010,21.1382,17.7895,17.5622
329.2800,84.1255,12.5536,21.1835,20.9281,21.9547,20.0591,84.7953,12.0229,21.3158,20.3602,21.3962,21.7231,81.4216,12.2137,20.1657,20.2596,19.6550,21.3414,77.6729,11.2895,20.6953,20.3295,18.3175,18.3306
329.8400,80.0087,11.8470,19.6337,21.3957,19.2944,19.6850,78.5904,11.2640,20.3823,18.8086,20.0489,19.3505,82.8028,12.9404,20.1129,21.2659,21.4177,20.0063,77.7562,11.9792,18.7388,20.3393,20.4203,18.2578
330.4000,80.6165,12.3576,21.8578,17.8466,20.2388,20.6733,81.7452,12.1390,20.2561,21.0882,20.6926,19.7082,82.9683,12.3927,20.0546,20.6282,20.6757,21.6097,85.5858,13.2708,22.3270,20.5398,21.4366,21.2825
330.9600,84.5113,12.2979,21.1850,22.5592,19.3677,21.3995,84.4692,12.5338,19.8618,21.0445,21.7361,21.8268,82.0381,11.4927,21.5700,19.4558,20.1611,20.8512,81.1046,11.9880,19.3667,20.2734,20.6555,20.8090
331.5200,84.0179,12.8997,21.0328,21.8502,19.1938,21.9411,77.7469,11.1834,18.1228,19.1978,17.4154,23.0109,80.9595,11.8754,21.4130,21.5566,19.9508,18.0392,78.1553,11.4355,20.5814,20.0328,18.5688,18.9723
332.0800,82.6136,12.3127,19.6787,21.1675,20.9360,20.8315,78.8103,10.5252,17.7328,20.5378,19.9011,20.6385,81.9505,12.3084,21.2547,20.3428,19.4004,20.9526,80.8617,11.9828,20.2907,19.2286,21.8321,19.5104
332.6400,81.8433,11.3060,19.6783,21.1463,20.8418,20.1769,82.9863,11.9928,21.5816,20.0375,18.7438,22.6234,84.1629,12.8140,20.5252,21.2113,20.2930,22.1334,81.1394,12.3733,18.2469,21.7343,20.8444,20.3138
333.2000,79.6011,11.7711,17.5360,19.5954,20.4703,21.9994,77.4392,11.5826,21.6911,19.9050,19.1150,16.7281,76.2988,11.6636,18.3369,18.8385,18.5568,20.5667,84.8828,12.7034,22.1982,20.3097,20.9787,21.3962
333.7600,81.1082,11.2126,19.9412,20.3640,19.9378,20.8653,82.4314,12.2389,20.9972,19.6524,19.5104,22.2714,81.6056,11.9915,21.4904,18.0665,20.9303,21.1184,80.9999,10.8244,20.3781,20.6493,19.0389,20.9336
334.3200,82.9895,12.2321,19.9512,21.2147,21.7598,20.0637,87.5041,13.3608,21.6193,21.8756,22.3236,21.6856,80.7148,11.2247,18.2760,20.1912,21.2672,20.9804,84.0338,12.7821,19.6614,21.8453,20.4859,22.0412
334.8800,86.7965,12.2597,20.9511,21.9491,21.6029,22.2934,85.3634,12.7368,21.5224,21.7777,20.3016,21.7616,76.0976,11.4068,19.6610,16.8203,21.0042,18.6122,70.7673,10.4662,18.4074,17.1537,17.4504,17.7558
335.4400,81.8981,12.5389,21.8661,19.3266,19.9567,20.7487,84.1751,13.2459,20.8500,20.6530,20.4466,22.2256,83.6128,12.8996,20.8942,20.1903,22.1545,20.3738,82.1314,11.7368,21.0001,21.7091,19.3782,20.0440
336.0000,77.2254,11.6399,20.8654,20.4458,17.8196,18.0945,82.5058,12.2639,22.0795,20.6570,19.6247,20.1447,81.2416,12.6053,19.1474,21.0208,19.7289,21.3445,76.2611,11.6368,19.8829,18.7153,18.6850,18.9778
336.5600,83.4877,12.7681,21.0395,21.3341,19.2508,21.8633,84.3680,11.5187,21.1813,21.3051,20.3513,21.5303,84.9881,12.2022,21.5727,21.0500,21.9150,20.4504,80.9846,12.6163,20.7924,21.2233,19.5635,19.4054
337.1200,82.0898,12.8489,19.1818,20.0405,21.4793,21.3882,86.2800,12.2445,20.8782,21.3864,22.2984,21.7171,80.4563,12.8359,18.6910,20.7186,21.2085,19.8382,78.9953,10.6424,21.4807,19.6095,19.2646,18.6405
337.6800,84.9828,12.4298,21.0096,21.5244,20.8337,21.6151,85.6263,12.3819,21.0255,20.9752,20.7082,22.9174,83.7770,12.6196,21.1194,21.9348,20.3545,20.3684,78.9549,11.8879,18.0844,19.2219,20.0181,21.6305
338.2400,84.7556,12.4194,21.4268,19.5807,22.3612,21.3869,83.2338,12.2270,18.2931,21.4777,21.1176,22.3454,81.3144,11.7580,19.7139,21.7534,19.7700,20.0770,83.8214,12.3211,21.4372,21.3382,21.1592,19.8868
338.8000,81.1612,12.4619,19.3359,21.2659,19.3118,21.2476,81.0244,10.5380,20.6352,19.8610,19.6315,20.8967,78.1139,11.2187,19.5275,20.3448,19.6920,18.5496,79.7149,12.0241,18.5512,19.3176,21.2893,20.5569
339.3600,83.6056,12.3063,20.3711,21.2674,20.0029,21.9642,79.4634,12.8775,18.8919,18.2725,20.7514,21.5476,85.0177,12.7567,20.3132,20.9164,21.7605,22.0277,82.0285,12.9971,20.2585,19.4911,21.4831,20.7958
339.9200,79.7516,12.2194,18.2960,21.4619,19.4455,20.5482,85.5311,12.8239,21.4951,22.0865,19.6604,22.2890,82.1401,12.4552,19.4444,20.9280,21.5373,20.2305,84.5635,12.9964,21.1591,21.1571,20.8389,21.4084
340.4800,82.6158,12.4497,18.7551,21.3616,21.3979,21.1012,80.3784,11.6561,21.4608,20.1246,20.6348,18.1582,81.9932,12.8653,20.6266,19.5724,21.2136,20.5806,78.5955,11.8895,19.8344,18.6721,18.8291,21.2598
341.0400,83.8230,11.6553,21.6762,19.8808,21.0638,21.2022,83.4081,12.2599,19.9580,21.7304,19.1278,22.5920,80.9208,11.1094,19.3051,20.8906,20.1012,20.6239,82.5198,12.7142,21.0161,19.5543,20.9387,21.0106
341.6000,83.5002,11.7420,20.6107,21.4609,19.8099,21.6187,81.2166,11.9262,20.7031,18.4465,20.8624,21.2046,81.2140,11.9774,19.6963,20.5773,21.0829,19.8574,82.0445,12.5427,20.3271,20.7179,20.7204,20.2792
342.1600,83.2930,12.9785,20.2647,21.3188,20.2690,21.4406,79.7688,11.9504,19.0100,20.3654,19.5906,20.8028,78.4607,11.9082,19.9734,20.0968,18.7438,19.6467,76.3168,12.7924,18.4463,17.1080,20.9741,19.7884
342.7200,86.2476,12.9163,21.1288,21.5426,20.5048,23.0715,79.2955,11.2116,21.4629,19.2446,19.3375,19.2505,83.8306,12.4993,20.0546,20.1178,21.5529,22.1053,81.7624,12.6227,20.9051,19.2211,20.0331,21.6031
343.2800,83.8239,12.5214,20.2592,20.7742,21.3147,21.4757,83.8638,11.7241,21.7416,21.5352,19.4036,21.1835,85.2082,12.6900,21.9109,21.1270,20.4219,21.7484,78.8163,10.9375,20.0026,19.9187,19.3294,19.5656
343.8400,82.0946,12.4611,20.7103,20.9215,18.1738,22.2891,86.7961,13.3540,21.4632,21.6427,21.0886,22.6016,82.4868,12.5798,20.3721,21.0044,21.2285,19.8818,78.8791,11.2587,18.7128,20.7131,20.0471,19.4061
344.4000,85.9291,12.9054,21.4072,21.0762,20.7779,22.6678,82.0887,10.5625,19.8975,20.4584,19.5562,22.1765,82.2297,12.7219,19.4715,21.3459,19.7329,21.6793,84.3602,12.0550,21.0351,21.9550,20.1446,21.2256
344.9600,85.8284,13.5427,22.1117,21.5173,19.8327,22.3667,83.6360,13.2184,20.3162,22.1176,21.2776,19.9246,80.0626,11.3665,20.9584,20.4383,18.7780,19.8879,82.1673,12.0467,20.3858,20.2104,21.3845,20.1866
345.5200,81.8002,13.0793,20.4309,19.9561,20.0541,21.3591,88.1754,13.2694,22.1793,21.9830,22.0435,21.9696,84.2434,12.8583,20.9985,21.5630,21.5086,20.1733,84.8450,12.6424,21.1178,21.0203,20.9675,21.7393
346.0800,82.7960,12.5123,20.0063,20.6450,20.1931,21.9516,85.4295,12.9482,22.1616,19.8218,21.2083,22.2379,78.4399,12.0981,20.0900,19.1536,19.2486,19.9477,84.0440,12.3723,18.7685,22.4850,21.1315,21.6590
346.6400,81.4811,12.0869,21.0093,20.7247,18.4122,21.3350,81.3128,12.2401,20.8318,18.7930,21.0282,20.6598,81.6079,12.0792,20.4998,19.2827,21.2600,20.5653,78.7699,11.0588,21.0606,20.7115,18.9584,18.0395
347.2000,82.8576,11.8559,19.8539,20.1747,20.6298,22.1991,81.3472,11.6436,19.8806,18.2962,21.8183,21.3521,79.8645,11.2929,19.3670,20.2249,20.9234,19.3493,81.5530,12.5931,21.3409,21.5495,17.5947,21.0679
347.7600,79.5900,11.6215,19.3973,20.4828,18.6381,21.0717,77.8978,10.3910,19.7969,20.3161,16.4739,21.3108,80.3460,12.0565,19.4391,20.7005,18.6814,21.5250,79.5866,11.6795,17.6456,20.8925,19.0950,21.9536
348.3200,84.6363,12.8137,20.8984,21.0431,21.3407,21.3541,83.6401,12.6294,19.6078,20.8802,20.7045,22.4475,80.3704,12.2870,19.5851,20.7176,18.7464,21.3212,77.8517,11.4186,19.4747,17.7050,20.0828,20.5892
348.8800,79.6447,11.3925,19.0983,19.9678,19.6226,20.9559,81.2294,11.8470,18.3601,21.1771,20.5511,21.1410,78.1743,12.3507,17.7141,19.3878,19.6472,21.4252,81.2437,12.2537,19.5286,21.4261,20.3853,19.9037
349.4400,81.5247,12.5623,21.1605,19.2706,19.6392,21.4544,81.4957,12.0911,21.5227,18.6563,20.8800,20.4367,86.3247,13.5407,21.6277,21.8841,21.1359,21.6770,78.8669,11.9947,19.5123,21.2982,18.5652,19.4913
350.0000,84.5102,12.3916,20.3986,19.5523,22.1916,22.3676,83.5051,12.5687,20.9545,21.7865,21.2724,19.4917,80.8180,11.2852,22.0286,20.2650,19.2120,19.3124,82.2270,12.5464,19.8384,20.9994,20.8403,20.5489
350.5600,81.1119,11.6032,19.8705,19.3173,20.7586,21.1656,80.1401,11.6107,19.2145,19.6023,21.8603,19.4630,80.9588,12.7334,20.4849,20.1094,20.5838,19.7806,83.2580,12.1639,19.5190,21.7066,19.8685,22.1639
351.1200,84.3383,13.2142,20.0199,21.9181,22.0430,20.3574,82.4667,12.1896,19.7791,20.3637,20.7777,21.5462,82.0189,12.7661,21.2864,20.5199,19.8120,20.4006,82.1211,12.0470,20.1249,20.2237,19.6319,22.1406
351.6800,79.4982,12.4385,19.6693,21.2781,19.4160,19.1348,80.7993,11.8265,20.1438,19.4589,20.2589,20.9377,83.4345,12.4385,19.2758,21.7594,20.9010,21.4983,81.7167,12.2376,20.0606,20.3111,21.3044,20.0407
352.2400,83.4239,11.6148,21.4729,20.5744,21.2952,20.0813,84.3571,12.4102,21.0069,20.6100,21.1488,21.5915,79.6103,11.4700,19.0661,21.4614,21.0022,18.0806,82.2617,12.6180,20.8175,20.9559,20.9605,19.5278
352.8000,81.8493,12.4398,21.3659,19.5142,20.1251,20.8442,82.9486,12.1625,19.6799,20.3450,20.5581,22.3655,84.9874,12.8541,21.7910,21.4809,20.9038,20.8117,79.6156,11.3903,19.1176,18.7704,20.5301,21.1975
353.3600,82.4604,12.2579,20.4171,19.8940,20.5855,21.5639,86.9988,12.6697,20.9118,22.1629,21.8529,22.0712,81.4950,11.6777,18.5491,22.3635,20.2200,20.3624,78.9573,11.7785,19.7634,19.7376,19.0937,20.3627
353.9200,80.2564,11.5095,19.7010,17.3138,20.3867,22.8549,86.0996,12.5585,20.5695,21.3240,22.3904,21.8157,82.4075,12.3012,19.9413,21.7397,19.3461,21.3803,78.3039,10.9612,21.2468,20.5678,18.2020,18.2873
354.4800,84.2390,13.1734,20.5180,20.5989,20.9554,22.1667,83.0308,12.0366,20.3503,20.8751,19.4250,22.3803,78.9848,12.3502,20.6107,19.3887,19.0684,19.9169,76.4617,11.4314,17.4629,18.5467,19.2361,21.2160
355.0400,82.3846,10.9351,19.0588,20.4631,19.8364,23.0263,82.0827,11.8880,19.6638,20.1968,20.2669,21.9553,80.8973,11.8718,18.3039,21.1693,20.7479,20.6762,78.6258,12.1344,20.0573,20.3352,18.2363,19.9970
355.6000,84.8713,12.8419,22.2237,21.5994,21.2437,19.8046,84.0206,11.8436,20.9675,21.1849,21.2977,20.5705,79.9678,11.6647,18.4789,21.1818,20.5592,19.7479,83.5205,12.9533,21.0660,21.9208,20.4142,20.1194
356.1600,77.0151,10.6210,17.1429,20.4522,19.4057,20.0144,84.7709,12.6980,20.5479,20.8064,21.0385,22.3780,85.8363,12.6247,21.1724,22.2891,21.3152,21.0595,82.7265,11.9149,21.0635,20.7991,20.9710,19.8929
356.7200,80.6220,12.3588,21.5430,18.0425,20.0716,20.9650,81.2888,11.4445,19.6694,19.2408,21.8025,20.5760,78.9715,11.9444,20.6984,21.2055,18.8039,18.2637,80.3125,12.4139,19.5427,19.2147,20.3911,21.1640
357.2800,82.5148,12.2746,20.4097,21.3888,19.4427,21.2736,82.5919,10.8743,20.5560,20.8993,20.3527,20.7839,80.2705,11.6540,17.3421,19.9715,22.0012,20.9557,77.8583,11.5867,20.9186,19.3743,17.4615,20.1039
357.8400,82.3201,12.3599,21.8004,18.9992,20.8925,20.6280,83.7634,11.9989,19.9114,20.7980,21.5895,21.4644,79.8941,11.8719,20.3906,20.2802,18.7401,20.4831,81.9823,11.5292,19.7974,21.4574,18.7407,21.9869
358.4000,78.1592,11.1322,19.6199,19.5447,19.8574,19.1372,80.9758,12.5988,18.6189,19.5823,19.7536,23.0209,82.7870,12.0720,19.3585,21.5666,21.3405,20.5215,78.7435,12.9815,19.4821,19.2706,19.7050,20.2858
358.9600,86.1404,12.9110,21.7026,21.3737,20.7724,22.2917,80.5087,12.5156,18.9402,20.8936,19.4244,21.2504,80.7266,12.2633,19.2090,20.0732,20.8370,20.6074,83.2551,12.0401,20.5390,20.6344,20.8262,21.2556
359.5200,83.0669,11.7199,20.4733,20.8285,19.9807,21.7844,79.3624,11.0890,19.1088,20.0510,18.5836,21.6190,80.3817,12.5169,21.2681,20.9934,18.9996,19.1207,83.7030,12.3284,20.2318,21.4024,20.6634,21.4054
360.0800,82.0949,11.3722,21.1433,20.5687,20.2002,20.1827,85.0917,12.6097,19.6465,22.1497,21.4671,21.8284,81.3816,11.6958,21.7564,17.5125,21.4502,20.6625,80.8980,12.5317,18.7762,20.1770,22.0355,19.9093
360.6400,78.4289,11.2164,18.7702,21.3269,16.2522,22.0796,81.2050,12.3459,19.6953,18.9299,20.3472,22.2326,81.5633,12.4399,21.1408,19.1711,20.5184,20.7330,79.6840,12.1483,18.5294,17.6414,21.9124,21.6008
361.2000,81.4167,12.4798,20.2283,20.7490,19.1988,21.2406,85.3251,12.3145,21.9001,21.3317,21.1160,20.9772,79.9728,11.4255,20.1090,19.8873,19.9747,20.0018,79.2839,12.1308,19.4388,18.4560,20.4927,20.8965
361.7600,80.5770,11.7867,19.8696,18.9805,20.8525,20.8745,83.1160,11.7379,20.3200,20.7127,20.1356,21.9477,82.8511,12.2855,19.8259,21.2638,20.5805,21.1809,85.0006,12.4807,22.1663,20.6069,20.7405,21.4869
362.3200,82.6010,12.7979,19.2517,20.2020,20.6923,22.4550,82.2472,13.2880,19.8021,20.4559,20.0302,21.9591,83.7771,13.0452,21.3463,20.4698,20.7227,21.2382,82.6461,13.0123,20.7738,20.3959,20.2420,21.2344
362.8800,80.2372,12.1221,18.0614,20.2874,20.3025,21.5860,82.2727,11.8655,19.5262,21.6284,20.0878,21.0303,80.0979,11.7082,20.3619,19.2780,19.3226,21.1353,79.7921,11.0298,20.3554,20.9211,19.7600,18.7556
363.4400,80.7071,12.4189,20.0309,18.8113,20.6552,21.2097,77.7927,11.9639,20.9382,17.6776,18.2904,20.8865,80.6140,12.6703,20.8109,19.9030,20.2735,19.6266,78.8866,11.7527,21.7483,17.4686,19.0698,20.5998
364.0000,83.0092,11.5781,21.0358,20.1413,20.6140,21.2181,79.3676,11.0462,17.2833,21.0898,20.6969,20.2976,81.3400,11.8607,21.7386,18.1362,20.6155,20.8497,79.9137,10.6956,20.4616,20.5684,19.3007,19.5831
364.5600,84.6178,12.3849,21.4585,19.3156,21.8582,21.9856,80.0616,13.0963,19.5857,19.5565,18.5879,22.3315,83.6515,12.6278,21.3233,21.8739,19.2859,21.1683,80.5666,11.3573,20.0059,19.8238,21.3016,19.4352
365.1200,81.5447,12.0839,18.5229,21.3946,22.2318,19.3954,83.1091,12.0452,21.0134,20.6863,19.6977,21.7117,76.8575,11.6114,19.6794,17.9646,20.6016,18.6119,82.4333,11.5882,18.9701,21.8526,20.9846,20.6260
365.6800,81.6286,12.6710,20.2589,20.6529,21.4349,19.2818,82.6838,12.1446,17.3255,21.7205,21.1225,22.5153,86.7503,13.1372,22.2693,21.4529,20.6783,22.3497,81.1916,13.3530,20.4306,21.3297,20.3867,19.0446
366.2400,84.7170,12.9567,21.3377,21.2316,20.7158,21.4319,78.7897,11.4972,19.6059,20.5684,19.5504,19.0651,84.3072,13.1340,22.0417,21.3935,20.2234,20.6485,85.3987,13.1205,21.4796,20.9036,21.0655,21.9500
366.8000,78.0819,12.7238,20.5266,18.0603,20.3648,19.1302,86.5909,12.6153,21.9806,21.6246,21.7632,21.2224,79.8480,12.1584,18.7029,19.8420,19.4792,21.8238,81.4072,12.1406,19.3412,19.3823,21.0517,21.6319
367.3600,80.2756,11.7673,20.0607,20.5106,19.9955,19.7089,81.1297,11.3442,20.8564,18.5300,21.0502,20.6931,83.2448,11.7335,21.3203,20.9423,20.8591,20.1232,82.9694,12.1494,19.9860,20.2963,20.9850,21.7021
367.9200,84.6500,12.2527,20.8801,20.9417,20.7319,22.0963,82.7347,12.6913,20.8258,19.7146,20.4285,21.7658,80.9584,12.6281,19.9856,19.3883,20.3109,21.2736,78.6200,10.5195,17.2416,20.6222,20.1528,20.6035
368.4800,84.9364,12.6806,20.6306,21.5021,20.1988,22.6048,82.3394,11.7293,21.7651,19.2874,19.9160,21.3709,84.6694,12.6908,21.9456,20.6375,20.9406,21.1457,80.2315,12.6032,19.7460,20.9745,19.9679,19.5431
369.0400,80.3789,11.7762,19.9232,17.8424,20.8526,21.7608,84.9375,12.7765,20.6860,20.5733,21.3987,22.2795,80.6684,12.3102,17.7332,21.4873,21.6751,19.7728,82.7923,12.0090,20.3809,21.4466,21.6709,19.2939
369.6000,77.0002,10.7454,19.0848,19.3000,19.6398,18.9756,80.1907,12.0254,21.2057,18.7262,18.5069,21.7519,77.4422,12.0776,19.1302,18.9023,19.6016,19.8081,82.4838,12.7900,20.6021,18.4112,21.3007,22.1697
370.1600,80.9817,12.7215,20.4139,19.8696,21.0585,19.6397,79.2259,11.5532,20.4665,17.9964,20.4267,20.3363,80.7288,11.9225,21.4221,19.0823,20.3081,19.9162,79.0212,12.0386,21.9978,19.6047,19.2208,18.1979
370.7200,84.9650,12.8526,21.5307,20.7056,20.1625,22.5661,84.3055,13.0612,19.4633,21.2981,22.0377,21.5063,82.5175,12.0312,20.6659,20.3870,19.6998,21.7648,77.1576,12.2404,19.2402,20.7136,15.9526,21.2512
371.2800,85.1588,12.8894,21.1588,21.5476,20.7047,21.7477,81.9072,11.3440,20.4976,20.3798,19.4616,21.5682,83.0461,12.4227,20.4316,20.8436,21.5267,20.2441,83.6932,12.8249,19.0276,21.9479,21.6449,21.0729
371.8400,78.5993,11.3854,18.7562,19.5669,20.9555,19.3207,82.5434,11.8148,21.9189,19.5907,20.8384,20.1954,81.6464,11.9171,19.8896,19.6989,21.0355,21.0225,83.6183,13.0041,21.4954,19.7824,21.2988,21.0416
372.4000,75.1426,10.8122,18.6156,16.6964,18.3165,21.5141,76.7723,12.1360,20.5198,18.5979,17.4847,20.1700,76.5558,9.8364,18.3049,19.7265,19.1043,19.4201,82.9138,12.4867,22.0962,18.9043,21.0534,20.8599
372.9600,84.8746,12.3093,20.1013,21.8203,20.9865,21.9666,84.6352,13.2085,21.7426,21.8885,20.9017,20.1024,81.7438,11.9704,20.2747,21.0421,21.5771,18.8500,83.7768,12.9579,19.0754,22.3677,20.9173,21.4164
373.5200,84.3599,12.7141,21.1915,19.6743,20.9758,22.5183,86.5782,13.5063,20.4014,21.2501,22.5630,22.3637,79.1360,12.2012,18.3805,21.2446,20.4489,19.0621,81.7604,11.8155,20.8364,19.1883,20.2120,21.5237
374.0800,82.2009,11.7412,22.2120,17.6168,21.7774,20.5947,77.8301,10.7127,18.8078,19.0795,18.7499,21.1930,77.5910,12.2383,18.1413,18.6892,20.8985,19.8621,81.9557,12.2560,20.3915,20.4466,20.4009,20.7166
374.6400,81.0751,11.7437,19.3618,22.0142,18.3441,21.3550,81.8350,11.2284,19.9509,20.7763,19.7772,21.3306,75.3856,11.4642,19.6787,19.7620,20.2495,15.6955,80.5075,11.6212,20.5663,19.3208,18.2460,22.3745
375.2000,76.4381,11.2082,18.6913,20.5505,18.7078,18.4885,80.3446,11.2397,19.6524,20.3852,20.4726,19.8344,81.0136,11.6178,20.3120,18.6984,20.4715,21.5317,80.6287,11.6929,18.7696,22.1405,22.1778,17.5407
375.7600,78.7089,11.2468,21.6004,20.1569,17.3923,19.5592,81.9069,12.0161,20.9780,20.4927,19.0118,21.4244,84.5824,12.0959,22.1695,20.7197,21.0907,20.6024,82.8733,12.3285,19.4506,21.0671,20.9736,21.3820
376.3200,84.6472,12.3663,20.3410,20.6193,21.1220,22.5649,82.3056,11.5219,20.0260,21.3242,22.1376,18.8179,83.5789,12.3880,21.9108,21.9799,20.0566,19.6316,78.9442,11.9844,20.2421,17.4453,19.1838,22.0730
376.8800,79.9451,11.9528,19.3662,20.9938,19.5544,20.0307,82.5551,12.1777,22.5316,20.5515,18.5024,20.9696,79.4307,11.9530,20.8446,17.4048,20.1444,21.0370,81.7742,11.9175,21.3191,20.7134,21.0101,18.7316
377.4400,83.9370,13.1892,20.6919,21.1001,19.4818,22.6632,86.3192,13.1206,21.1457,22.2682,21.4459,21.4595,79.1122,12.7717,19.5355,19.8804,21.3101,18.3863,80.3058,11.6465,20.2487,20.6180,19.7118,19.7274
378.0000,82.3522,11.3817,20.7146,21.9355,18.9397,20.7624,86.9049,12.5174,19.9338,21.3585,22.7903,22.8223,81.7157,12.2188,21.4009,20.0417,20.6671,19.6061,81.6676,12.1765,19.5032,21.3334,19.5449,21.2861
378.5600,82.1834,12.0537,20.8524,21.3292,19.1715,20.8302,79.7542,12.1554,18.8868,20.4846,18.6088,21.7739,85.3047,12.5292,21.1347,21.2153,21.1375,21.8172,77.9285,11.8959,19.1647,18.3527,19.3475,21.0636
379.1200,81.2102,11.4259,20.2642,19.6985,20.6033,20.6442,80.0878,11.6161,19.6568,17.6873,20.9243,21.8195,84.4941,12.7839,20.4849,21.5105,21.4100,21.0886,80.9402,11.4568,19.4938,20.6491,19.0853,21.7120
379.6800,83.8402,12.5876,21.0278,20.9127,20.2342,21.6654,81.8405,12.0892,20.5649,19.1963,20.5086,21.5706,77.5204,10.9923,19.2034,20.8086,19.2586,18.2497,79.8838,12.5206,20.4721,19.5655,20.5110,19.3351
380.2400,83.3090,11.8673,20.5527,21.9937,20.7565,20.0061,80.9105,10.8186,19.0485,19.0195,21.6365,21.2060,82.5121,12.6495,20.2585,21.8013,20.6194,19.8328,80.0745,12.1034,20.9449,19.6215,18.0493,21.4588
380.8000,82.8924,11.3581,20.5341,20.1686,20.7389,21.4507,81.4102,12.1289,21.1972,19.5912,20.9186,19.7031,84.0030,12.6763,20.2168,21.6475,21.6199,20.5188,79.8271,11.5560,19.5697,18.7627,20.4265,21.0682
381.3600,83.5718,12.6878,21.3276,21.2543,20.4972,20.4928,82.5961,12.1856,20.3857,21.1901,19.8568,21.1635,81.0130,12.3633,21.0750,20.2750,21.3427,18.3202,82.2618,12.7050,21.1894,19.6444,21.1183,20.3097
381.9200,79.0830,12.3241,20.7289,19.5448,19.2766,19.5327,81.0135,11.2919,19.7938,18.3188,20.8390,22.0618,83.0393,12.2267,19.8901,22.0555,21.2592,19.8346,83.7913,13.1186,21.2673,20.9800,20.8927,20.6513
382.4800,82.0611,11.6155,20.7154,19.3658,20.5381,21.4418,83.0893,12.7328,18.9963,20.4923,21.8651,21.7356,84.5528,13.4660,21.5503,20.4052,21.4590,21.1383,82.8784,12.7473,22.3629,20.2285,20.2168,20.0702
383.0400,84.6338,11.9415,19.0304,21.4854,22.4868,21.6313,82.3689,12.0035,20.4191,19.1601,20.9994,21.7904,81.3836,12.9339,20.2521,20.0487,20.1241,20.9587,81.9495,13.2785,21.8599,21.0478,20.0026,19.0392
383.6000,80.6515,11.8282,20.0425,21.4868,18.5380,20.5842,85.7961,13.1484,20.4910,20.9419,21.9831,22.3801,80.9436,12.1340,19.9640,20.6343,21.8178,18.5274,82.1791,11.8186,20.5863,20.8442,19.9068,20.8418
384.1600,82.0518,11.2030,21.0884,19.1767,21.3145,20.4722,74.3091,11.4556,19.8543,18.2338,15.6307,20.5903,84.0208,12.5970,20.7316,20.7137,20.6146,21.9609,84.3090,13.0144,20.7966,21.0663,21.7624,20.6837
384.7200,85.3407,12.7241,22.1921,21.5272,19.6216,21.9999,86.4331,12.6950,21.6603,20.8907,22.4176,21.4644,82.9349,11.9550,19.6530,20.7818,21.8417,20.6584,75.8819,10.1108,16.8377,19.5108,19.5310,20.0024
385.2800,84.5166,13.1334,19.9655,21.5433,20.2900,22.7178,78.8303,11.7235,18.4719,20.1636,19.0206,21.1743,79.3300,12.3374,18.6991,20.3218,19.7150,20.5941,79.5363,12.3517,20.9561,18.6484,20.1084,19.8234
385.8400,85.3643,12.2955,21.9729,21.0477,20.3153,22.0284,79.5405,11.6957,21.2640,18.3670,18.6644,21.2452,82.3582,12.7823,21.6439,20.4519,20.2909,19.9714,83.9642,12.7348,21.4376,20.1885,21.2206,21.1174
386.4000,83.4767,12.8264,21.8545,20.8999,18.8632,21.8592,82.7913,12.0575,21.3385,17.8488,20.5797,23.0243,79.4075,11.9691,18.2487,21.5213,19.6115,20.0260,82.0916,13.0390,21.0663,20.2824,19.3636,21.3793
386.9600,82.5447,12.1030,19.2327,21.1522,20.9642,21.1956,79.9946,12.7016,19.5852,18.9859,19.2634,22.1601,81.0302,12.4316,19.3889,21.7700,19.9567,19.9148,83.5428,11.9807,22.5771,19.1468,21.4114,20.4076
387.5200,83.2887,11.8702,20.5369,21.5766,19.0041,22.1711,83.9634,12.5648,22.0510,18.8131,21.3507,21.7486,83.8290,11.9819,21.9430,21.7558,20.8785,19.2517,81.2403,12.6582,21.4991,18.2763,21.9984,19.4665
388.0800,82.3618,11.8349,20.4094,20.3765,19.3695,22.2064,82.0706,12.5345,18.9772,20.8152,20.3931,21.8851,82.4154,12.1640,21.2552,20.9607,20.3695,19.8300,82.3342,12.3126,20.7184,20.2617,20.0472,21.3068
388.6400,85.3608,12.8939,21.1430,20.7741,21.4150,22.0287,82.0626,11.7436,19.9590,20.8796,18.8866,22.3374,79.7116,12.4790,17.6748,20.2183,21.2524,20.5662,80.2227,12.3211,20.4087,19.7619,20.7803,19.2718
389.2000,81.3556,12.1158,21.8259,16.9046,20.6113,22.0138,84.9983,13.1833,20.1817,21.5110,21.9107,21.3948,81.8557,11.9355,20.6967,19.1966,20.8936,21.0688,81.2569,11.4611,19.7242,20.7985,19.8972,20.8369
389.7600,84.6271,12.1558,20.2312,20.4112,21.5181,22.4666,80.5878,12.6767,18.2423,21.1532,18.6284,22.5639,81.9459,12.6520,21.0518,20.2055,18.9026,21.7860,83.0446,12.3736,21.5234,20.2131,20.2240,21.0841
390.3200,79.7788,11.6768,19.6853,20.4475,19.1100,20.5359,81.8669,12.2570,20.0537,20.0269,19.6185,22.1679,82.3534,12.4400,21.4743,20.6677,19.4698,20.7416,79.3472,11.2196,18.7019,21.8346,19.3315,19.4791
390.8800,78.1316,12.2858,20.9676,20.5008,17.3211,19.3421,81.3737,12.2955,19.9797,20.1393,20.4763,20.7784,81.2798,12.0713,21.8891,20.0188,19.6040,19.7679,82.4540,12.4783,19.9080,20.4092,20.5615,21.5753
391.4400,82.6126,12.0357,20.5209,20.8350,19.1056,22.1510,84.5192,13.0752,21.6902,21.0781,20.1253,21.6257,80.0071,11.8515,17.8977,20.7498,20.2459,21.1136,80.8432,12.0519,20.3291,21.0276,20.5510,18.9354
392.0000,75.8610,9.7147,19.2545,19.3460,18.5540,18.7065,85.6208,12.9358,21.7233,20.4432,21.7350,21.7193,81.8118,12.5868,21.0545,18.8888,21.1855,20.6830,78.9454,10.6695,20.5233,18.8485,19.1711,20.4025
392.5600,82.1321,12.9690,21.1896,19.6033,19.2267,22.1125,78.5521,11.2913,18.8328,20.9930,17.5831,21.1431,78.4439,11.8132,17.3221,19.4338,20.7402,20.9477,80.7287,12.1615,18.1043,21.0963,20.4016,21.1265
393.1200,83.7297,12.9052,21.8327,20.2393,20.6396,21.0180,84.1663,12.2284,21.8232,19.0491,21.8790,21.4149,78.6012,12.8766,21.4579,17.2182,20.4832,19.4419,80.8095,11.1998,17.6235,20.8049,21.0031,21.3780
393.6800,79.2470,11.9414,19.5061,18.7612,19.5707,21.4090,83.8522,13.2351,21.4374,20.8597,20.9019,20.6532,79.2700,11.1173,20.7042,19.9590,21.8418,16.7651,84.3916,13.3404,20.6647,21.5175,21.7210,20.4883
394.2400,85.3047,13.1685,21.9964,20.1290,20.2553,22.9239,81.4261,11.7409,21.0651,21.3412,18.2615,20.7583,82.4983,12.6970,20.5343,19.3467,21.3106,21.3066,83.6382,12.6864,21.7549,20.0762,20.5893,21.2178
394.8000,82.5034,11.8726,19.4809,20.7439,21.4173,20.8613,82.4540,12.0933,20.9350,18.2532,21.8649,21.4009,80.2882,12.3844,20.6583,19.5032,21.3163,18.8104,78.1804,12.1871,20.3168,18.3853,19.4952,19.9831
395.3600,87.1525,13.2951,21.9542,20.4493,22.6198,22.1293,82.6339,11.7441,19.9152,19.1000,21.1580,22.4607,79.6015,12.0914,20.7859,19.1062,19.8212,19.8882,78.5004,12.4515,20.6561,18.8115,20.4630,18.5697
395.9200,83.7734,12.7181,19.4516,20.7695,21.3459,22.2064,80.1560,11.5162,21.0387,19.4147,18.6137,21.0888,84.0591,12.1884,20.6949,20.1066,20.9024,22.3552,77.4222,11.8935,19.3269,20.0329,19.5973,18.4651
396.4800,86.3775,12.6430,21.9828,20.5500,21.3941,22.4506,79.2695,11.9641,20.0293,19.3650,19.0024,20.8728,82.1638,12.4682,20.9721,21.4455,19.5019,20.2442,81.3704,12.1821,21.7948,19.9212,19.9395,19.7150
397.0400,82.1248,12.3473,20.8280,19.1425,20.8614,21.2929,83.6009,12.9078,21.2883,19.1072,21.5705,21.6349,80.8217,11.8737,19.1018,21.7622,21.8426,18.1151,78.3822,12.5560,19.5898,19.3619,17.8973,21.5331
397.6000,77.3737,10.7531,20.3119,20.1475,17.6833,19.2309,80.2548,12.2384,20.9846,19.1968,19.3512,20.7221,77.2148,11.8398,16.4931,20.9546,18.5633,21.2038,73.6378,11.7856,18.1150,19.0827,19.0905,17.3496
398.1600,81.4887,11.5790,21.2704,18.2227,20.2196,21.7760,76.1339,11.8379,19.8893,19.6036,17.1508,19.4901,80.4281,12.0245,20.7978,17.5775,20.3120,21.7407,77.8050,11.9697,18.3485,18.4365,20.3902,20.6298
398.7200,83.3404,12.7302,21.1334,19.3675,20.5137,22.3258,81.5111,11.5129,20.9745,17.8151,22.0072,20.7142,78.3424,11.9856,17.8968,19.0699,20.6442,20.7314,80.6386,12.0583,20.5709,19.6535,20.5349,19.8792
399.2800,82.7888,12.3695,20.6122,20.7441,21.3649,20.0675,80.2504,11.5428,19.5585,19.6510,19.9427,21.0981,79.2635,11.6690,20.5824,21.4899,18.7607,18.4305,82.5293,12.1090,20.4671,21.9349,19.9672,20.1602
399.8400,83.6790,12.5851,21.5040,19.2181,20.5444,22.4125,79.2450,10.8497,20.8495,18.0217,20.0672,20.3067,75.5654,12.2661,20.1731,18.0234,17.8111,19.5578,79.2783,11.9446,19.7408,20.8518,20.0910,18.5947
400.4000,82.2337,11.0304,20.0684,19.8868,21.6176,20.6609,84.8455,12.0048,21.4123,21.4056,20.5308,21.4969,79.8021,11.9336,22.1219,19.0300,20.0190,18.6312,81.3095,11.9799,19.7915,20.3569,19.1161,22.0452
400.9600,83.4604,12.8299,20.7373,21.1640,20.9424,20.6167,83.9670,12.5053,21.1690,19.4046,20.8448,22.5486,79.1129,12.0895,18.5917,20.0233,18.8495,21.6484,79.6304,12.0753,17.3099,20.9652,19.8862,21.4691
401.5200,82.5083,12.9350,21.3705,18.7764,21.3751,20.9864,78.7572,12.2740,20.9366,18.9206,18.7648,20.1352,74.1431,11.1965,18.6563,21.2883,16.8527,17.3459,77.6945,12.4524,21.2792,16.9332,17.8523,21.6298
402.0800,82.8652,12.4100,20.4511,19.1542,21.3027,21.9571,78.7935,11.8123,20.8644,19.1299,19.2681,19.5311,74.9445,12.0454,17.4452,20.6949,17.7542,19.0503,81.5787,12.7977,19.4165,21.0444,21.4877,19.6302
402.6400,81.1163,11.9020,20.5611,17.7608,20.8520,21.9424,85.5816,12.9935,19.9788,21.6977,21.7415,22.1635,77.8934,12.1354,21.6637,19.5750,17.7685,18.8861,78.4771,12.1053,19.8223,18.7647,19.7537,20.1364
403.2000,82.1363,12.2666,20.9024,21.1285,18.4550,21.6504,83.3459,12.1423,19.3214,22.2494,19.6949,22.0802,79.8639,11.6876,17.4770,21.3736,20.5559,20.4574,78.2734,11.6335,20.5243,17.7032,20.4662,19.5797
403.7600,77.7206,11.5254,19.5461,19.0438,18.1660,20.9647,81.0534,11.2529,21.0802,18.2466,19.9146,21.8120,84.1891,12.7226,20.2893,21.4528,20.7177,21.7293,78.7941,11.9092,18.8978,19.9943,18.7044,21.1976
404.3200,76.7131,10.2210,18.6275,17.9684,19.9911,20.1260,80.3988,12.5378,19.5482,20.2100,20.6612,19.9794,79.6611,11.6343,20.1476,21.1165,19.4842,18.9127,85.2271,12.9303,21.6828,20.8529,20.8130,21.8784
404.8800,81.2653,11.5546,18.9249,18.4540,20.6893,23.1971,85.9267,13.0292,20.6276,21.9347,21.3808,21.9836,82.1145,12.8039,19.4412,21.2636,19.2765,22.1331,78.5563,11.9641,18.2112,20.9273,20.6874,18.7304
405.4400,81.8576,11.7886,19.9494,20.7055,20.8395,20.3632,81.8465,11.0969,19.6203,20.8913,20.8686,20.4662,76.7827,12.0679,20.7121,17.8371,19.2529,18.9806,82.3329,12.4024,20.5049,21.3734,20.4161,20.0386
406.0000,83.6116,11.5886,21.2927,19.6784,20.9744,21.6661,77.4828,10.9315,17.3803,19.6145,20.1173,20.3708,83.8656,12.6324,20.7328,21.9179,18.4957,22.7193,80.7576,11.5433,20.9214,20.3707,19.7096,19.7559
406.5600,82.9673,12.3780,20.8572,20.3624,19.9130,21.8347,85.7221,12.6530,20.7832,21.1761,21.7992,21.9636,85.8825,12.9841,20.9558,22.0563,21.7623,21.1081,79.8810,12.3348,20.6245,19.6059,19.1382,20.5124
407.1200,84.3628,12.7405,22.0041,20.9776,21.0831,20.2979,82.3391,11.6870,20.9898,20.2342,20.3460,20.7692,81.3935,12.1625,21.6353,20.1660,18.1523,21.4399,77.9262,11.0665,20.6157,17.7807,20.9944,18.5354
407.6800,78.5257,11.3879,19.2260,18.3216,19.3259,21.6522,79.8603,11.1378,18.9287,18.8568,21.1838,20.8909,80.2721,11.9843,18.6120,20.0891,20.7933,20.7777,84.4243,11.9141,21.1485,21.9775,21.1514,20.1468
408.2400,79.4233,11.7845,20.2970,18.5650,20.9866,19.5746,84.8499,12.6739,21.3017,20.7213,20.9852,21.8416,86.0044,13.1653,21.7479,22.3993,21.2368,20.6202,76.0618,10.0431,21.9156,18.5571,17.6895,17.8996
408.8000,83.7822,12.9760,22.0646,20.4890,21.2602,19.9684,85.0752,12.7470,21.0791,20.5699,21.4817,21.9445,81.5354,11.8640,20.0994,20.4682,20.4557,20.5120,80.2742,12.0701,20.2019,19.7810,20.7770,19.5142
409.3600,84.1576,12.7818,20.1155,20.6314,21.2316,22.1791,84.2708,12.5947,21.3658,21.5252,19.9976,21.3822,80.9170,12.7676,19.5646,18.8217,20.9899,21.5408,82.7687,12.5867,20.0876,21.1031,20.6122,20.9658
409.9200,82.8181,12.3123,17.9026,21.0602,21.4807,22.3747,81.1720,12.0124,20.5925,18.9516,20.7647,20.8632,79.9284,12.5537,20.9619,18.9452,20.3231,19.6982,75.3351,10.5772,21.5720,20.2004,15.1720,18.3907
410.4800,82.0047,12.6149,20.7637,19.3408,20.8853,21.0149,86.7593,12.9162,20.0903,21.7261,22.4783,22.4646,80.6717,12.1501,21.4406,19.7530,18.1678,21.3103,85.4806,13.3395,21.6860,20.1656,21.9227,21.7064
411.0400,82.6947,11.6230,20.8296,21.2743,20.7309,19.8599,82.6852,12.3540,21.7716,18.9754,21.3403,20.5978,82.8810,12.9191,20.7754,21.7997,20.3441,19.9618,80.6301,11.5036,18.7402,21.2253,20.8282,19.8364
411.6000,84.0672,12.4906,21.8112,19.8578,20.6407,21.7576,81.3480,11.6364,20.8598,18.5751,22.4892,19.4239,78.5110,11.1043,20.2682,18.5309,19.7261,19.9858,83.8438,12.5345,20.2838,21.7319,20.0029,21.8251
412.1600,82.1746,11.2182,18.9188,19.9525,22.2757,21.0276,83.1693,12.1496,19.7939,20.7961,19.5898,22.9896,79.3350,11.8472,19.1379,19.3951,20.3584,20.4436,82.4621,12.7860,21.6663,21.8534,20.4471,18.4954
412.7200,81.8407,11.8952,19.8006,20.4908,20.4275,21.1218,79.6515,12.0924,18.3912,18.7067,21.0250,21.5286,84.8108,12.5176,21.6230,20.9023,20.8416,21.4439,79.1264,11.5577,20.0322,18.8986,20.4916,19.7039
413.2800,79.4689,11.9161,20.9302,18.8936,18.6232,21.0219,79.5718,11.5615,19.8165,19.7138,17.6267,22.4147,81.1924,12.5741,20.3263,20.5477,20.8412,19.4772,80.3624,11.2097,19.6707,18.9913,20.4714,21.2290
413.8400,81.0756,11.9810,21.2340,20.1199,19.7620,19.9597,78.8403,11.4081,18.9928,18.3787,19.7827,21.6861,79.6798,11.7787,20.3219,20.8883,17.7946,20.6750,73.0867,11.5991,17.7805,16.5655,20.9065,17.8343
414.4000,80.8435,11.4828,19.2242,19.9996,19.3746,22.2451,80.4169,11.0313,19.9023,18.8711,19.6563,21.9871,84.0895,12.6404,21.6479,18.9622,21.7221,21.7573,79.1512,11.0704,19.8392,20.4888,19.1651,19.6581
414.9600,85.0700,12.5670,21.2581,20.9968,21.6680,21.1471,79.1731,10.4055,19.3500,19.2107,18.4091,22.2034,80.9327,11.4922,18.6412,20.8647,20.2433,21.1835,77.6382,11.2034,18.7780,20.2109,20.6867,17.9627
415.5200,82.5412,11.7832,20.7105,19.7967,20.6979,21.3361,78.9404,11.8943,19.9768,19.1669,18.0552,21.7416,82.9269,11.8080,20.8680,20.4614,21.1445,20.4529,80.3484,12.5294,19.8655,19.7881,20.0225,20.6723
416.0800,82.8176,11.9576,21.0647,21.3056,20.6294,19.8178,79.7614,12.2181,19.4030,18.9429,21.1556,20.2598,76.1916,12.4493,18.9227,19.5077,18.2082,19.5529,84.4862,12.2889,19.3504,21.4256,22.1591,21.5511
416.6400,81.9656,12.4469,21.0202,17.4092,21.4134,22.1228,81.3968,12.8747,19.2775,19.9625,19.7341,22.4226,79.9775,12.4466,17.5230,21.6162,20.7251,20.1131,81.7395,12.9581,20.4837,20.8136,19.0043,21.4379
417.2000,84.0080,13.0886,19.8361,21.5414,20.6233,22.0072,83.8238,12.5089,21.2647,21.0552,20.8303,20.6735,83.5842,12.6282,21.6241,20.9625,21.1167,19.8809,79.4963,12.3270,20.6109,19.9689,22.1446,16.7719
417.7600,81.7494,12.1909,20.4746,19.4798,19.5294,22.2657,81.2900,11.8154,19.3283,21.3551,19.5129,21.0937,80.4393,11.9681,19.0419,20.0724,21.3032,20.0218,83.5959,13.0187,19.2800,21.1840,21.3585,21.7734
418.3200,79.7940,11.3724,20.1532,19.0507,19.7398,20.8503,79.5614,12.5720,19.1507,20.4340,18.9184,21.0583,81.0976,12.4072,19.4935,21.5664,18.0347,22.0031,81.9315,12.2974,20.9848,18.6345,21.4764,20.8358
418.8800,82.3018,11.3002,20.4658,19.8622,18.8835,23.0903,82.8635,12.3150,19.0723,21.3418,21.0857,21.3637,76.6315,11.7880,18.8032,19.6997,20.3079,17.8207,82.1414,12.3709,21.0898,19.9358,20.7961,20.3197
419.4400,86.4880,13.1079,21.0793,21.2462,21.0950,23.0674,79.5859,11.4222,20.1840,17.5541,19.6396,22.2082,79.0534,12.5881,20.1914,19.8169,19.7356,19.3095,79.2887,11.6297,20.7346,20.4477,19.1237,18.9828
420.0000,85.7711,12.4685,21.1891,22.2961,21.6250,20.6609,85.1687,13.0359,21.8555,20.8070,21.2138,21.2924,79.7779,10.9837,19.6364,20.3125,19.1398,20.6892,76.8075,11.4176,17.0368,19.1545,19.5476,21.0685
420.5600,83.7739,12.5149,21.4386,20.4980,20.8483,20.9891,82.5409,12.9877,18.8346,21.3824,21.0577,21.2662,83.6035,11.8148,19.8215,21.3951,21.4511,20.9358,75.6467,11.4735,17.3817,19.5256,18.1353,20.6042
421.1200,78.3217,11.0403,20.0970,19.4882,17.7805,20.9561,78.6415,10.8730,20.1795,17.8341,18.5935,22.0344,76.9562,11.2170,20.3041,20.0747,20.3729,16.2046,81.4119,11.9857,19.3688,21.3690,20.4137,20.2604
421.6800,80.5897,11.8547,20.7309,19.4582,20.3097,20.0910,82.0341,11.8563,19.5798,21.1908,19.7462,21.5173,79.1713,10.4135,18.5466,20.9206,19.9821,19.7220,76.3699,11.0350,17.8165,18.2690,21.6324,18.6520
422.2400,79.0542,10.8658,21.0253,19.0200,18.2332,20.7757,78.2303,11.0485,19.7072,21.4227,18.5481,18.5523,86.6075,12.9755,21.7331,20.7504,22.0684,22.0556,80.2646,12.6688,21.0334,19.7388,19.6254,19.8671
422.8000,82.1362,12.2281,19.9197,20.2372,20.8482,21.1311,82.1355,11.2805,19.3151,19.7849,21.6357,21.3998,84.3895,12.7482,20.8940,22.4179,21.2009,19.8767,84.7200,12.8134,20.5055,20.4427,21.9839,21.7879
423.3600,82.0464,12.1974,20.1980,21.4664,20.4372,19.9448,80.9026,12.5186,19.3501,20.6442,19.6899,21.2183,82.0721,11.9241,21.0455,21.2579,21.4686,18.3001,80.7336,12.0335,19.9115,19.1595,20.8595,20.8031
423.9200,81.9318,11.3007,20.7627,20.9774,18.7354,21.4563,85.9258,12.7152,21.5282,20.3919,21.6106,22.3950,75.8104,10.7233,20.3193,18.6020,20.3151,16.5740,81.3147,12.8582,21.0599,20.3314,19.8403,20.0832
424.4800,83.4474,12.4768,22.2263,20.9443,19.1306,21.1463,83.5459,12.9956,22.4298,19.1813,19.8483,22.0865,78.6806,12.1206,18.9541,18.2878,21.4295,20.0092,83.2404,12.1379,20.6183,21.6484,19.9189,21.0548
425.0400,82.0801,12.9110,20.2058,21.4014,20.5302,19.9428,82.8855,12.4755,21.4102,21.0252,20.7404,19.7097,82.9738,12.2282,20.0945,21.3198,20.4124,21.1471,77.3840,12.5519,21.6775,19.4167,17.7302,18.5596
425.6000,84.5988,12.2363,19.7872,21.3580,20.5939,22.8597,83.4847,13.4003,20.7828,20.7415,19.2107,22.7497,82.6069,13.3473,20.9153,21.0181,19.4805,21.1930,80.9892,11.3779,20.2425,20.2347,19.8318,20.6801
426.1600,80.5176,11.6610,21.5254,19.2717,19.3885,20.3321,79.8392,12.6214,20.8170,18.5860,19.8419,20.5943,79.3044,11.8922,20.9570,19.3933,17.7410,21.2131,82.0598,12.3844,22.1283,18.9510,20.6748,20.3058
426.7200,81.6952,11.6785,19.0375,21.1252,19.7443,21.7881,83.6427,12.4820,20.7322,19.7418,20.7151,22.4535,78.7447,10.9420,19.2268,19.2503,18.5470,21.7206,82.3001,12.2001,21.6430,19.9607,21.5614,19.1350
427.2800,81.4610,11.1734,19.9674,20.7298,20.0427,20.7211,85.5485,12.8542,20.9848,21.2311,21.2920,22.0406,76.4964,10.6226,19.0643,17.4281,18.7575,21.2466,76.4506,11.4000,19.0374,19.1511,19.4456,18.8166
427.8400,84.2389,12.8683,21.8423,20.6676,21.0265,20.7025,79.5958,11.0557,17.6395,19.2916,21.1309,21.5338,85.2591,12.9264,21.6175,20.1916,21.4359,22.0141,78.1352,12.1254,20.9195,19.2845,19.1025,18.8288
428.4000,82.1606,11.9266,21.2099,19.8899,17.9855,23.0755,75.6305,10.3691,18.8987,17.1630,17.6380,21.9307,79.7238,12.5165,20.1413,18.6911,20.7246,20.1668,79.5212,12.1018,20.2339,20.1477,19.4073,19.7322
428.9600,79.6554,12.3054,21.2657,18.2431,18.7594,21.3871,82.6986,12.3486,18.1805,21.9562,20.1629,22.3989,83.5509,11.9829,22.2015,20.6882,19.9442,20.7170,77.6449,12.1172,18.4049,18.5835,20.8997,19.7569
429.5200,82.0795,12.1035,19.9772,21.1947,19.7970,21.1105,83.7424,12.9610,20.9680,20.1259,21.2051,21.4433,82.1773,11.9424,21.4658,19.5449,19.6405,21.5261,77.8949,11.3818,21.0045,18.8939,19.3814,18.6152
430.0800,80.8835,12.3071,20.4164,20.9590,18.5072,21.0009,84.5220,12.4442,21.6433,22.0589,20.1352,20.6845,81.2828,12.2845,19.1543,19.9702,20.4938,21.6646,84.7735,13.2140,21.3445,20.6293,22.0205,20.7792
430.6400,80.5824,11.2527,20.5014,20.4414,17.9397,21.7000,82.9722,12.7270,18.5320,21.7534,20.3124,22.3744,77.4379,12.6423,19.7368,20.3134,17.3813,20.0064,77.4921,11.5253,19.2688,20.0529,18.7389,19.4316
431.2000,85.2888,12.3865,21.3033,20.8348,21.2477,21.9030,83.4684,12.1427,20.3304,19.5294,21.9651,21.6435,83.5981,12.2815,20.4525,20.8850,20.3051,21.9555,79.6135,11.8296,18.8107,19.8371,21.1881,19.7776
431.7600,79.1128,11.4622,20.8190,17.6113,20.2524,20.4300,83.2534,13.1092,20.4738,19.5287,21.3545,21.8964,78.3488,12.2306,20.1702,20.9025,20.0711,17.2051,77.1323,10.8924,18.9235,19.2343,20.7053,18.2691
432.3200,83.0437,12.3640,21.1308,19.2878,22.1750,20.4501,82.9299,12.3982,21.1980,21.0093,21.1972,19.5254,81.2571,12.2536,19.8546,19.4549,21.2226,20.7250,82.8571,12.3687,19.7404,20.3500,21.4138,21.3529
432.8800,85.6007,12.7079,21.3165,20.6500,21.7845,21.8497,81.0800,12.1652,21.0363,20.8635,19.1422,20.0379,84.7067,13.0657,21.3334,21.1225,20.6920,21.5589,80.1712,11.9841,20.1981,21.4257,19.5475,18.9999
433.4400,82.0265,12.1001,22.1995,17.9663,19.5193,22.3414,79.7297,12.2998,20.8226,17.6356,19.4140,21.8574,78.4338,12.1790,18.1179,18.8442,19.6480,21.8237,84.8098,12.6720,20.8993,21.1120,21.7388,21.0597
434.0000,81.8863,12.2485,20.8501,19.8749,19.8500,21.3114,76.3610,11.7189,21.8336,18.1108,18.1179,18.2988,84.8550,12.7069,21.1328,20.0331,22.3459,21.3432,79.7143,12.2933,20.9803,19.0220,19.1322,20.5798
434.5600,79.9867,13.0389,21.4774,18.8715,19.4575,20.1804,81.5201,12.2054,20.1495,20.7782,20.1940,20.3985,84.5313,12.7332,21.7544,21.4935,19.2228,22.0606,83.7632,13.1534,20.6585,21.0553,21.5632,20.4862
435.1200,81.5198,11.6733,21.0354,18.8659,21.1205,20.4980,79.6371,10.9679,20.1023,21.9382,18.4148,19.1819,79.5837,11.1706,16.7716,20.8874,19.7172,22.2075,78.7653,12.2882,19.6327,17.2088,20.0816,21.8422
435.6800,85.6745,12.2287,21.4177,20.3413,21.8791,22.0363,80.8450,11.2168,19.5781,20.9584,19.3754,20.9331,79.1534,10.9436,22.0319,18.7690,20.3306,18.0219,78.6885,11.7682,20.4428,19.9467,17.6604,20.6386
436.2400,81.2945,12.7978,20.9451,18.9070,18.9257,22.5168,79.1998,12.4753,18.7756,20.2057,19.2266,20.9920,80.7749,12.0770,18.7702,20.0251,21.1984,20.7812,83.9840,12.6314,20.1135,21.4044,21.0150,21.4510
436.8000,84.6643,12.2173,19.8495,21.3995,21.3862,22.0291,81.9168,11.3368,17.7505,22.1807,19.5431,22.4425,80.5588,11.9837,19.6763,21.0828,20.3208,19.4788,76.1219,11.4559,19.9995,19.3218,14.9352,21.8655
437.3600,80.1992,12.2536,21.1091,19.2987,18.0209,21.7705,83.3607,11.6713,21.8939,21.4922,20.1763,19.7983,82.2869,13.1636,20.9868,18.3392,21.6553,21.3056,83.4005,12.8728,21.5077,20.9199,20.6769,20.2961
437.9200,83.0129,12.0169,21.2980,19.1409,21.0854,21.4886,83.0873,12.2827,20.0290,20.5536,20.5261,21.9786,80.8987,10.7095,21.4027,19.0466,20.2883,20.1612,83.5216,11.6506,22.0540,20.7019,19.1740,21.5917
438.4800,82.6990,12.6281,20.8657,20.5838,20.2055,21.0440,82.0820,13.0608,20.2950,19.9025,19.5665,22.3180,78.5263,11.3953,18.6486,20.0917,19.3405,20.4455,79.8132,11.5003,19.3380,19.0014,21.1193,20.3545
439.0400,84.5359,12.7735,20.3615,20.6448,21.5613,21.9683,85.0726,12.1019,21.6557,20.9171,20.8112,21.6885,85.3512,14.0004,21.6083,19.8945,22.1376,21.7107,81.3426,13.6531,21.6091,21.9445,19.5445,18.2445
439.6000,78.9758,11.6899,19.8643,19.8210,19.8523,19.4382,80.9805,11.8598,19.3079,19.8425,19.5435,22.2867,81.2329,12.1202,22.0111,18.0492,20.0885,21.0841,80.1781,11.0814,18.4911,20.5411,22.1945,18.9513
440.1600,82.2884,11.6564,19.6816,20.6605,21.1603,20.7861,80.4307,11.5288,19.2686,20.1932,21.3574,19.6114,82.4783,12.8431,21.0106,19.2294,20.8359,21.4024,82.0458,12.0075,20.8348,19.6669,19.7818,21.7623
440.7200,84.4088,12.4367,21.7497,20.4643,20.8843,21.3106,80.0575,11.0128,19.0310,20.4499,21.0252,19.5515,78.7682,11.9297,19.5079,20.1306,20.2824,18.8472,80.2588,12.1394,19.9112,19.4930,19.7044,21.1502
441.2800,83.4599,12.1213,20.4390,20.4552,20.8906,21.6750,80.6732,12.5238,19.0649,19.2913,21.2746,21.0424,82.7756,12.3371,19.7248,21.3301,21.2456,20.4751,80.6074,11.3449,20.9838,19.6489,19.8113,20.1633
441.8400,78.9875,12.2250,19.7476,21.3094,20.0502,17.8803,79.9985,12.0326,20.0335,19.1289,20.1775,20.6586,77.5811,11.0444,20.3483,19.4530,17.7651,20.0146,75.6133,11.6029,20.0584,15.4981,19.4258,20.6310
442.4000,82.1436,12.3144,20.2884,20.1237,20.7050,21.0266,85.7075,12.9984,20.6799,20.8268,21.4369,22.7638,81.2568,11.1701,20.4627,19.7832,20.3430,20.6679,80.1611,11.6843,20.2607,18.3828,21.5434,19.9742
442.9600,83.4048,12.9458,19.1446,20.6955,21.8015,21.7632,81.1934,11.2731,20.6084,18.4345,20.8500,21.3005,81.2479,12.9442,20.8247,19.3948,19.9740,21.0544,84.0946,12.9020,20.9550,22.4804,19.3295,21.3296
443.5200,83.0000,12.1595,21.0241,21.1598,19.5721,21.2441,79.4717,11.4988,18.8234,18.9445,19.8208,21.8831,81.5262,12.9497,20.8045,20.3569,19.6956,20.6691,78.6842,10.9854,18.7433,21.1260,18.3700,20.4449
444.0800,81.5313,12.3478,20.8392,20.0742,20.7495,19.8686,86.6656,12.8945,22.1273,21.0495,21.4735,22.0153,77.5654,11.3846,16.8221,19.1609,20.4859,21.0965,81.1905,10.9653,21.8577,19.2693,20.9373,19.1262
444.6400,80.7667,12.5413,19.1445,19.4083,20.5046,21.7093,83.0101,12.1893,19.6947,21.7386,20.9808,20.5959,84.6781,12.5153,20.3301,21.6876,21.8949,20.7655,83.8689,12.6409,20.7337,21.5698,19.6089,21.9565
445.2000,79.6817,12.1209,19.5722,19.2080,19.5278,21.3736,75.7744,11.3106,18.8414,17.4959,20.2839,19.1532,79.4131,11.5766,20.6331,19.9512,19.4889,19.3399,84.5608,13.4146,21.0282,20.8952,21.5867,21.0507
445.7600,82.9150,12.4973,22.0252,20.7879,19.9035,20.1984,82.6104,11.4062,21.9414,20.1430,18.1438,22.3821,84.5620,12.4513,21.3376,21.9127,21.5448,19.7668,80.6449,12.0084,20.4612,20.7821,20.4736,18.9281
446.3200,82.3131,12.4472,21.5835,19.4434,21.2113,20.0748,79.1769,11.0042,21.0969,17.5320,21.0242,19.5238,83.6993,12.4785,20.7201,20.0967,22.1002,20.7823,81.1581,11.9208,20.2657,19.6298,21.8974,19.3652
446.8800,81.0820,12.2069,21.4963,19.2418,19.9660,20.3779,79.3589,12.7553,17.0949,20.5255,19.7681,21.9704,81.0205,11.6584,20.9887,18.5667,22.1943,19.2709,79.4024,11.2721,18.7627,20.0256,19.3459,21.2683
447.4400,83.9392,13.2900,21.3343,20.2470,20.4701,21.8880,81.9611,12.2602,18.4300,21.6544,19.9995,21.8772,85.4500,12.2613,20.6762,22.1404,21.0059,21.6276,81.9462,11.1230,20.7102,19.5193,21.1700,20.5467
448.0000,85.6572,12.6403,21.4098,22.3759,20.4627,21.4087,78.7257,11.7227,20.8365,17.7465,19.2857,20.8570,82.3375,12.0559,20.8840,21.5761,18.8424,21.0349,80.7763,12.7131,20.6509,21.0450,19.1572,19.9232
448.5600,81.2519,12.3757,19.1010,18.8257,21.3295,21.9956,82.5395,12.4621,21.2929,19.9294,19.3927,21.9244,83.4404,12.0948,20.1461,21.1183,20.4289,21.7472,78.1690,11.5996,18.2817,20.7937,20.5917,18.5018
449.1200,83.7966,12.9007,20.4545,20.6259,20.9306,21.7856,83.0545,12.8044,21.3979,20.9527,20.1379,20.5660,79.9253,11.6201,21.7108,21.3548,20.4483,16.4114,82.2553,12.2837,19.5319,20.7672,19.7777,22.1785
449.6800,78.8424,11.3393,16.8819,20.0005,20.3254,21.6345,84.0396,11.9639,22.2506,20.8944,18.6579,22.2368,73.9166,11.2507,16.4759,18.5028,21.1599,17.7779,80.2738,11.8140,20.2806,21.1146,18.5319,20.3468
450.2400,81.7991,12.3778,21.0893,19.6732,18.6434,22.3932,81.6611,11.7807,19.9698,19.6591,20.4395,21.5926,77.3595,10.8913,18.7430,18.0186,19.8784,20.7195,83.6543,12.7119,21.0573,21.5354,20.1063,20.9553
450.8000,82.7878,12.5701,20.6786,20.2110,20.6143,21.2838,78.2327,11.9744,21.1125,18.8974,18.3495,19.8733,77.3717,11.7771,18.3787,19.2692,19.9494,19.7744,83.6578,12.7332,21.0811,20.1082,20.7985,21.6700
451.3600,81.9778,11.5989,20.3081,20.7654,20.8670,20.0372,80.2715,12.7445,20.0377,18.7599,18.9627,22.5111,84.0534,13.1667,20.8001,21.1042,21.4487,20.7004,81.3869,12.3032,19.4729,20.6739,20.2148,21.0253
451.9200,83.1869,13.0084,20.7961,20.8702,21.8895,19.6311,78.9593,12.5700,19.3857,18.9414,19.8360,20.7962,82.4056,12.5652,20.3515,19.7068,21.0990,21.2483,84.2681,12.7285,21.8484,19.8901,21.6491,20.8805
452.4800,84.7168,12.3385,21.6305,19.6611,22.1199,21.3053,84.6519,12.8236,21.3868,22.1079,20.9937,20.1636,83.4699,12.6288,22.3731,21.9172,20.5238,18.6558,83.1295,12.8116,20.2730,21.2096,21.1791,20.4677
453.0400,79.6070,10.6395,19.6207,20.0556,20.9070,19.0237,78.4563,11.1602,19.1596,18.4064,19.2353,21.6550,79.6482,11.4303,18.9255,19.3407,19.9624,21.4195,80.6542,12.7375,18.8717,21.2881,19.8010,20.6935
453.6000,84.1100,12.4558,20.8635,20.9034,19.4464,22.8967,84.7221,11.7834,20.8654,19.6975,21.9519,22.2072,73.2361,9.9638,19.9494,18.4055,18.4876,16.3937,79.0081,12.0150,19.9808,21.4232,18.8335,18.7706
454.1600,86.2757,12.8787,21.9312,20.9181,21.8676,21.5588,84.6465,12.9395,21.4770,21.6254,18.9324,22.6117,82.4920,11.5909,21.7848,20.6633,20.2523,19.7916,81.2098,11.8959,18.2616,19.9880,21.1179,21.8422
454.7200,77.1096,11.4561,19.1585,15.5201,21.2731,21.1579,84.0402,11.2861,20.9920,20.4809,20.6920,21.8753,76.0195,10.5673,18.2486,19.1019,18.0622,20.6068,82.3380,12.7071,20.9827,20.2407,20.1050,21.0097
455.2800,81.7133,12.0498,20.4808,20.3943,19.3707,21.4676,81.3252,11.3403,19.5873,21.2305,18.5210,21.9864,79.7286,12.4567,19.1389,20.9916,19.1659,20.4323,83.5323,12.7788,21.5170,20.7312,20.7023,20.5818
455.8400,83.0139,12.3612,20.6847,19.2964,21.4626,21.5702,83.4016,12.4611,20.5924,20.9479,21.1872,20.6741,84.9010,12.5536,21.3640,21.4821,20.7895,21.2653,81.2656,11.8399,20.1473,20.6750,21.9716,18.4717
456.4000,80.8946,12.8138,20.4426,21.7016,18.9729,19.7775,80.1236,11.5117,19.2891,19.5509,19.7065,21.5771,79.5124,11.0203,19.4402,20.0453,21.5338,18.4931,80.9421,12.7880,21.1190,18.6880,21.5663,19.5689
456.9600,83.1582,12.1892,20.4496,18.3108,22.3953,22.0025,83.1296,13.0915,21.8646,18.9009,21.0346,21.3295,82.1339,12.0250,22.1279,21.7029,17.9523,20.3508,81.7300,12.3726,21.2083,21.0247,18.7744,20.7227
457.5200,75.9167,11.9223,17.8064,19.2143,17.6080,21.2880,83.5931,12.3148,21.1587,19.5753,21.7306,21.1286,84.0166,12.4356,19.5525,22.1159,20.8981,21.4501,81.7047,12.8829,19.5966,21.3619,21.0178,19.7285
458.0800,83.0450,11.6920,21.1328,21.1263,20.0002,20.7857,81.0395,11.8678,20.2246,21.7124,18.9599,20.1426,70.6334,9.8853,18.7844,16.8327,16.3571,18.6592,80.3421,12.4242,20.7357,17.3603,20.6025,21.6435
458.6400,80.9450,12.1476,21.0922,19.6363,19.5296,20.6870,79.2395,11.7738,18.0788,20.3794,19.1777,21.6036,81.5618,11.9799,21.9162,20.2869,21.5118,17.8470,76.4324,11.4650,15.0037,19.7995,21.8640,19.7651
459.2000,80.1260,10.7611,19.2894,19.7915,19.7395,21.3056,78.9805,12.8920,19.7640,19.8595,16.5586,22.7984,81.8117,11.7733,22.1656,20.0468,18.9583,20.6411,73.9470,11.0087,18.5576,16.6852,18.7351,19.9690
459.7600,83.2427,11.8873,19.5645,21.8135,19.9254,21.9393,84.1606,12.1835,20.7273,21.8809,19.7460,21.8064,83.0475,12.7677,20.7278,20.9306,20.1184,21.2708,77.7305,11.9856,20.9716,19.0731,18.6631,19.0227
460.3200,76.7056,11.2034,17.7027,19.3168,19.9760,19.7102,78.9445,12.3884,18.1953,19.7919,19.4847,21.4726,78.9559,11.9137,20.9070,20.7688,20.7992,16.4810,80.3057,11.5492,18.2128,21.5112,21.1129,19.4687
460.8800,80.9958,11.6820,19.7578,20.7610,20.4382,20.0388,84.3587,13.6459,21.0117,20.4978,20.5322,22.3170,83.5360,12.9274,20.9717,19.6807,21.6678,21.2158,78.5718,11.4863,18.7547,20.6833,20.4688,18.6650
461.4400,78.5899,12.9077,18.7170,21.2652,17.3041,21.3036,79.1557,12.1767,17.8706,19.4530,20.7496,21.0825,80.5307,10.8521,18.5343,20.7899,19.2513,21.9552,81.3757,11.9779,20.9106,19.9118,20.3188,20.2345
462.0000,83.1657,11.5057,19.2960,21.2372,22.2868,20.3458,81.0848,11.7182,18.6349,19.4063,20.4862,22.5573,79.7206,11.3004,16.7331,20.6396,20.5542,21.7938,82.0160,12.9969,21.2878,19.8552,20.8730,20.0001
462.5600,81.5134,11.4835,20.6511,18.8104,21.8733,20.1786,83.2681,12.2853,19.5092,19.9568,21.4535,22.3486,80.8963,11.3065,20.3647,19.9806,20.2609,20.2901,79.6249,11.6420,20.5553,20.4129,17.8198,20.8369
463.1200,87.1343,13.5397,21.7996,20.7169,22.6780,21.9398,84.0282,12.6388,19.6099,20.7713,21.1414,22.5057,79.1685,11.3314,21.5598,21.7206,17.8413,18.0469,78.7305,11.7776,19.2199,20.6371,20.2607,18.6129
463.6800,82.0207,12.1784,21.6013,19.9721,19.3678,21.0796,83.9620,12.7413,21.0258,20.3409,21.8462,20.7490,78.2035,11.8005,20.0272,18.6350,19.8018,19.7395,81.2838,11.7739,21.9609,19.7691,19.8851,19.6687
464.2400,82.6892,12.3602,20.4546,20.9294,20.4049,20.9002,82.9657,12.0640,18.4502,20.7888,22.1877,21.5389,79.0219,12.2719,20.1322,20.3336,19.0886,19.4675,79.4435,11.7298,20.6484,19.8372,21.3100,17.6479
464.8000,84.4397,12.7383,21.6341,20.3157,19.8244,22.6655,83.8681,12.2824,20.3663,20.2016,20.7504,22.5498,80.4945,12.1503,19.7288,20.5320,19.4342,20.7995,82.8343,12.6594,19.6666,21.3078,19.8214,22.0385
465.3600,79.6398,12.4491,21.1667,20.2321,17.7766,20.4645,79.7526,11.4382,21.8261,20.0954,19.0484,18.7827,80.7516,12.0173,20.4470,20.8317,18.7886,20.6842,81.4000,11.3641,19.6279,21.4656,19.5152,20.7914
465.9200,84.9391,13.2999,20.9414,22.1205,20.0798,21.7974,79.6633,12.1693,20.2817,20.8014,21.0161,17.5642,85.0578,12.7981,20.8752,21.1636,21.5444,21.4746,77.6867,11.4044,18.9105,18.9629,20.3071,19.5062
466.4800,83.0465,12.1405,20.0437,20.5590,21.1773,21.2664,79.2400,11.5517,20.5245,19.6542,20.1865,18.8748,84.9758,12.3715,22.3913,21.8473,19.9448,20.7924,85.3131,12.5831,20.1295,21.0900,21.6461,22.4475
467.0400,82.6036,12.6030,20.5653,20.7179,19.6731,21.6472,81.4962,11.9804,18.7049,20.6509,22.1582,19.9822,81.4559,11.4546,19.1286,21.6582,20.5023,20.1669,80.1847,11.3991,20.2687,20.8287,18.4030,20.6843
467.6000,86.4088,13.0572,22.1796,20.9359,21.5562,21.7371,80.7187,13.0076,21.0438,17.3858,21.7876,20.5015,79.6191,11.8646,22.2376,20.6968,16.1605,20.5242,79.7235,11.3326,21.2313,19.5604,20.1665,18.7652
468.1600,81.8597,12.1380,20.6105,18.6146,20.9627,21.6719,86.6510,13.0375,21.1243,21.5543,22.2793,21.6930,75.0099,10.4780,17.1342,20.1492,17.6062,20.1203,80.8307,11.8206,18.1143,21.2788,20.7729,20.6648
468.7200,83.5636,12.2035,21.6249,18.1691,20.6859,23.0837,82.7039,12.0315,19.4128,21.3431,21.7043,20.2438,84.7363,12.5258,21.9856,21.0059,21.4251,20.3197,76.6406,10.8699,20.7423,17.1328,19.0905,19.6749
469.2800,79.9595,12.3000,19.3552,20.3604,20.1977,20.0461,83.7584,12.4448,20.9372,20.3289,21.4560,21.0364,77.7693,12.4498,22.0478,19.7255,18.4659,17.5302,82.0165,13.2686,20.6897,21.6737,18.5141,21.1390
469.8400,83.2462,12.0427,20.7347,20.7529,21.9020,19.8566,83.1187,11.4714,20.6085,19.5508,20.8215,22.1379,75.3147,11.5141,20.6677,19.1444,18.1191,17.3835,78.5805,11.9989,18.8322,17.3754,20.8191,21.5538
470.4000,84.9707,12.8538,21.8628,22.0058,21.1404,19.9617,84.2717,12.1491,22.1841,20.1125,20.7505,21.2245,84.7866,12.9468,21.8736,20.4827,20.4549,21.9754,83.3543,12.6393,20.7080,20.1820,20.8411,21.6232
470.9600,76.7825,10.0564,19.5267,20.7051,18.3051,18.2455,84.9179,12.7704,21.0263,21.7292,20.7414,21.4210,76.2189,11.4381,19.4380,19.3502,19.2233,18.2074,81.2787,12.3381,20.3294,19.2594,21.9103,19.7795
471.5200,80.9444,12.3605,20.2700,20.6866,21.4665,18.5211,83.1580,12.1989,21.0675,18.2615,21.1031,22.7258,80.9798,11.7609,20.6652,20.1999,20.1886,19.9261,79.5988,11.8361,19.9803,21.8481,19.4902,18.2802
472.0800,81.8535,12.6373,18.6882,21.6251,21.3331,20.2072,84.6863,12.4839,21.4479,20.8790,21.3042,21.0552,81.0621,12.7357,21.0071,21.1046,19.1683,19.7821,76.2009,11.8268,19.7649,17.4043,19.6033,19.4285
472.6400,78.0143,9.3104,18.8957,17.1003,20.9709,21.0474,83.2467,12.9400,21.0804,20.2942,20.6756,21.1965,82.7464,12.2617,21.2612,20.2917,21.0379,20.1556,85.1032,13.2983,21.2897,19.7047,21.8543,22.2546
473.2000,79.5751,11.4737,19.6458,20.1244,17.9851,21.8198,77.1854,11.1544,19.5212,20.6164,17.9254,19.1224,76.6822,11.6816,21.6806,19.9699,17.9888,17.0429,84.5580,12.9696,21.4608,20.1407,21.3444,21.6121
473.7600,81.9301,11.9531,21.6105,19.9146,19.2063,21.1987,78.6197,11.8542,18.2695,19.9761,20.3999,19.9743,81.7577,11.7303,22.2147,18.5842,21.6253,19.3336,85.6984,12.8744,21.1982,22.0159,20.7168,21.7676
474.3200,81.2919,12.4876,19.4674,22.0126,18.2176,21.5943,85.1476,13.3182,20.4804,20.7619,21.7644,22.1409,78.1239,10.3260,19.3807,21.5828,18.1314,19.0290,81.6872,12.5167,21.2459,19.1555,19.5177,21.7681
474.8800,80.2215,12.4906,21.8766,18.5059,19.9681,19.8709,79.4949,12.1154,19.9724,20.0298,17.6899,21.8028,75.0649,10.3329,19.9633,17.4670,20.3429,17.2917,81.3602,12.4768,21.5139,18.3186,21.0923,20.4354
475.4400,84.3603,11.8970,22.2711,19.9156,20.6048,21.5688,80.3195,12.5305,21.1954,20.0207,20.3085,18.7949,80.7269,12.0029,20.1497,21.2543,19.3390,19.9839,80.6811,11.9950,21.2747,17.9494,20.7581,20.6989
476.0000,76.0705,11.2035,17.9309,18.5415,19.2431,20.3550,83.3224,12.8205,19.1460,20.3318,20.8657,22.9790,83.6950,11.9114,19.8050,22.4857,20.5157,20.8885,82.3348,12.2452,20.5190,20.1699,20.7826,20.8634
476.5600,86.9948,13.4526,22.0188,20.9657,21.3352,22.6751,79.6473,12.1743,19.5038,20.6076,20.5261,19.0098,82.0366,11.8167,20.8212,21.9030,20.7782,18.5341,79.7043,11.5715,21.8954,18.8486,20.1091,18.8512
477.1200,81.1749,12.1197,19.4395,21.8937,18.5831,21.2586,85.7571,12.7372,19.8654,21.6491,22.2983,21.9443,84.1603,12.2464,20.7910,20.0413,21.6185,21.7095,81.5301,12.4252,20.8104,20.4784,20.9668,19.2746
477.6800,79.7885,11.8267,15.9610,22.0406,20.2158,21.5710,83.2676,12.3251,20.8667,20.4929,21.8002,20.1079,79.1411,12.0821,19.8942,17.4620,20.2060,21.5790,78.3968,11.3244,19.1690,20.5885,20.3430,18.2963
478.2400,80.5459,12.1325,20.7179,18.5111,20.2609,21.0560,81.2867,11.7725,19.0744,20.3685,21.9737,19.8701,78.3158,11.2213,19.5787,20.7570,17.9335,20.0467,79.0750,11.6340,21.6669,20.8908,18.2693,18.2479
478.8000,82.3793,11.4081,20.9150,21.4881,19.5270,20.4492,83.1718,12.2050,19.7468,21.2136,20.8763,21.3351,82.0711,11.9818,21.0632,20.3616,21.7619,18.8843,78.4962,13.1219,19.5982,20.0209,19.5379,19.3391
479.3600,81.7300,12.4098,21.0590,19.5039,20.0325,21.1346,81.4467,11.8823,20.6421,19.5015,19.7593,21.5438,77.7059,11.7916,18.8884,18.1402,20.3245,20.3528,79.3914,12.0883,19.4468,19.2957,19.7067,20.9422
479.9200,81.5011,11.2968,18.4352,20.2619,20.7142,22.0898,83.7593,13.1324,19.8543,20.7694,21.2502,21.8854,84.3365,13.3322,20.8868,21.5266,21.0000,20.9231,85.2912,13.3533,20.5130,21.8221,21.5570,21.3992
480.4800,79.8804,11.2419,21.0713,18.0722,20.1464,20.5906,82.0321,11.8764,19.2871,21.3498,20.2523,21.1429,80.8455,12.3343,20.5472,21.8593,19.5399,18.8990,82.6140,12.3292,22.0790,19.9947,19.7365,20.8037
481.0400,80.8146,12.2222,20.2259,19.2238,20.3126,21.0523,79.1564,11.1513,19.1591,17.0748,20.2381,22.6844,84.9470,13.2860,20.3389,21.3998,20.6059,22.6023,85.0279,12.4348,21.3197,20.5600,21.8557,21.2926
481.6000,82.0204,12.7889,20.5084,19.8057,20.6990,21.0074,84.9950,12.1554,21.8667,20.0823,20.7365,22.3095,82.9272,12.5367,21.2837,21.4029,20.0080,20.2325,81.0157,11.8504,20.6156,20.1533,21.1775,19.0693
482.1600,83.1359,12.9146,19.3685,20.0830,21.9351,21.7492,82.2859,12.4570,20.6414,20.8473,21.4311,19.3661,78.9468,11.9279,20.7331,18.2972,19.7993,20.1173,81.3319,12.0385,21.5379,20.3580,19.7303,19.7057
482.7200,83.8051,12.8555,20.3851,20.3363,22.1839,20.8997,76.8204,12.1722,19.8566,18.4976,20.0621,18.4040,82.2034,12.0460,21.0812,20.8161,19.5311,20.7749,83.5079,11.8993,22.3049,21.4377,20.8643,18.9010
483.2800,74.0129,10.3168,16.6266,19.9543,20.1434,17.2886,84.6346,12.4994,21.5233,20.9159,20.8876,21.3078,79.1320,12.2749,20.6655,20.6779,19.7101,18.0785,81.8051,11.9609,19.4266,19.9571,20.4686,21.9527
483.8400,82.1165,12.6257,20.2943,19.6828,20.9681,21.1713,78.6023,10.9459,19.2440,19.7337,19.5514,20.0732,83.5612,11.8848,21.9480,21.2447,20.3150,20.0536,80.4625,12.1154,21.1614,22.0588,19.8993,17.3430
484.4000,83.7578,12.1346,22.2961,20.4005,20.0381,21.0232,80.6238,11.6369,19.9756,19.3628,20.3693,20.9161,79.3876,11.6733,21.7013,19.7281,20.5419,17.4163,83.8436,12.4164,21.4462,20.9902,20.4027,21.0045
484.9600,81.2887,11.5893,21.5033,17.4059,21.8896,20.4898,83.6609,12.5544,21.0036,21.1830,20.7279,20.7464,82.3187,12.7902,20.9313,19.6234,21.5576,20.2064,78.7810,11.8317,19.9169,20.2234,21.2650,17.3757
485.5200,82.9678,12.0619,20.4156,20.0454,20.7343,21.7726,83.0669,12.9560,21.3452,20.3677,20.4468,20.9072,82.2422,11.6571,21.0908,20.4394,20.7983,19.9138,84.1162,12.9882,21.0187,20.9457,20.9287,21.2231
486.0800,80.6893,12.1169,20.5751,18.1394,20.6579,21.3169,84.6687,12.6113,22.1539,20.4039,21.8836,20.2274,84.3680,12.9221,20.4080,19.5849,21.7618,22.6132,83.1182,12.4806,20.9219,20.6668,21.4314,20.0981
486.6400,84.4088,12.9826,21.4509,21.1578,20.3079,21.4922,82.9060,11.9879,19.8991,21.1827,20.0294,21.7949,80.1384,11.7066,17.8354,19.7092,22.2667,20.3271,81.8156,11.3761,21.5876,18.6799,20.6491,20.8990
487.2000,79.5224,11.3211,20.4797,18.9642,18.0713,22.0071,78.2743,11.3380,16.9867,19.6775,20.6726,20.9375,85.3722,12.9877,21.8523,21.9256,20.9497,20.6445,82.0085,12.5907,21.0987,19.3686,19.8906,21.6506
487.7600,79.8799,12.2349,19.5422,19.6020,19.6385,21.0973,84.7744,12.6516,21.2711,19.7832,21.3526,22.3676,84.8760,12.8811,22.2309,21.0942,19.7766,21.7744,77.8833,10.9786,20.2138,17.1908,19.5174,20.9613
488.3200,82.6195,12.5427,20.2443,21.2366,21.4257,19.7130,81.2570,12.3818,19.9698,21.4260,18.6201,21.2412,81.8386,12.5426,21.7738,19.6157,20.6686,19.7805,81.5855,12.0385,21.0654,19.5173,20.2008,20.8021
488.8800,81.9918,12.0910,18.4690,20.9176,21.0501,21.5551,85.1857,13.0549,20.1703,21.5187,20.8635,22.6333,83.5390,12.6332,20.2511,21.6925,20.9486,20.6468,80.9981,12.4175,19.9122,18.7255,20.4317,21.9287
489.4400,82.8260,12.3306,20.1935,19.2408,21.5418,21.8500,81.7669,12.2468,19.8825,19.4897,20.4964,21.8983,83.1300,12.6665,20.3833,22.6870,19.4997,20.5601,79.3643,12.5250,20.5939,19.5611,19.2186,19.9907
490.0000,82.0781,12.4292,17.7161,20.3620,21.2466,22.7533,81.8842,11.7441,21.6324,18.1435,20.8446,21.2636,79.8055,11.6324,17.8900,20.3089,21.4465,20.1601,77.9494,9.5133,16.5800,20.7299,20.6344,20.0051
490.5600,84.5939,12.7350,19.7966,20.4803,21.7374,22.5796,83.0830,12.4188,20.8913,20.4917,19.8303,21.8697,82.7440,12.8400,22.1242,20.8565,19.8205,19.9428,78.8888,11.1789,19.4656,19.5189,21.0627,18.8416
491.1200,81.4312,12.6250,19.7289,18.6715,20.6549,22.3759,82.7530,12.0182,19.4889,22.3362,19.6102,21.3176,83.3429,13.1122,19.5001,20.8128,22.1856,20.8445,78.3508,11.2177,18.8177,20.0367,19.4339,20.0626
491.6800,85.2889,12.6746,20.4213,21.7621,20.2462,22.8592,85.2348,13.1194,21.1676,21.4369,21.0476,21.5826,80.4715,11.2029,19.2002,21.0653,18.3466,21.8594,81.8332,12.5378,19.7909,20.5599,20.9341,20.5483
492.2400,81.5889,12.2323,21.9057,19.7704,17.9069,22.0059,77.7787,11.7084,17.8868,21.3021,19.7014,18.8884,82.7743,12.7752,20.0016,21.1126,19.7025,21.9577,84.6082,13.1123,21.1175,20.7796,21.2446,21.4666
492.8000,78.1183,12.1403,20.3751,16.7794,19.0773,21.8865,84.8415,12.8570,20.7796,22.1294,21.3276,20.6049,82.7307,12.3931,21.1543,19.4145,20.6845,21.4774,76.8492,9.5481,20.6907,20.1746,18.6128,17.3712
493.3600,86.6796,12.0263,20.4981,21.1417,22.4594,22.5804,83.2725,12.3881,19.9291,21.6001,22.0512,19.6921,79.4895,11.8170,19.9019,19.3038,20.5104,19.7734,81.1797,12.4699,21.8133,18.4357,20.8676,20.0630
493.9200,83.6198,12.2361,22.1519,20.8924,19.0995,21.4760,80.7080,12.3533,18.8427,20.3743,20.4427,21.0483,82.6194,12.8614,18.7209,20.1678,20.9749,22.7558,79.3299,11.9345,17.9153,19.2894,21.6843,20.4409
494.4800,81.2975,12.5037,18.3158,21.4443,18.9701,22.5673,81.0819,11.7239,20.4205,21.1948,18.4097,21.0569,80.9166,11.6461,19.8390,20.7570,19.0652,21.2555,79.6007,12.2917,21.1228,20.3562,17.7989,20.3228
495.0400,82.2131,12.4494,19.7494,21.3072,19.3437,21.8129,83.6426,12.2675,20.8707,20.0192,20.7703,21.9824,78.1400,11.7306,18.7704,20.1367,19.6148,19.6181,84.6129,12.1477,20.4699,21.8094,20.5033,21.8304
495.6000,79.0999,10.7922,18.0191,19.5681,20.8528,20.6598,80.8293,11.6337,18.5165,21.4344,19.5934,21.2850,79.6699,12.6745,20.8890,20.7472,20.8195,17.2143,84.4213,13.0169,21.2979,20.4578,21.2614,21.4041
496.1600,80.2699,12.0478,20.2889,19.8103,20.3840,19.7868,80.8921,12.0340,20.6809,20.8942,19.3689,19.9481,80.0372,11.4501,18.9827,20.4068,19.7046,20.9431,78.8352,12.4449,20.3636,19.8251,19.2824,19.3642
496.7200,84.8351,11.4488,22.5983,21.6391,19.4813,21.1164,84.4854,11.8043,19.6934,21.8425,20.6602,22.2893,81.8616,11.5585,21.5063,21.5547,19.2534,19.5472,81.5916,12.2682,21.4751,18.6732,21.4512,19.9921
497.2800,82.8696,12.0303,18.8157,21.0991,19.9424,23.0124,85.0887,13.1803,21.7989,19.7848,21.5037,22.0013,80.9284,12.5706,21.3340,20.4578,19.0973,20.0394,80.9353,12.6871,19.5349,21.3900,19.3746,20.6357
497.8400,84.8843,12.2368,21.1435,20.3266,21.0685,22.3457,83.3938,12.9135,21.2593,21.2210,20.6530,20.2605,83.1999,12.7583,21.8340,21.6093,20.0383,19.7182,82.5341,11.8968,20.6425,21.4031,20.7561,19.7324
498.4000,79.3111,11.5674,18.1787,20.9911,18.3898,21.7516,85.8058,13.0696,21.1881,20.1264,22.2480,22.2434,77.4893,11.8614,20.9152,18.6975,18.1179,19.7586,77.7014,12.3590,19.8044,19.8450,19.4990,18.5529
498.9600,85.7333,11.9213,19.5731,21.2464,22.2415,22.6723,82.9005,12.7900,20.6023,19.5719,21.8421,20.8841,81.7059,12.2121,20.6571,21.2685,19.5978,20.1826,78.2015,12.4843,18.6174,20.5506,17.7171,21.3164
499.5200,82.1753,12.8292,19.7843,22.2318,21.3663,18.7929,79.9026,12.1590,20.7161,20.4244,19.0971,19.6650,82.0825,12.2657,18.8075,21.3376,20.3946,21.5428,82.0780,12.8511,21.2259,20.8188,20.9727,19.0605
